name,mobile,area,transport,group size,notes
Ajay Bhosale 1,9848118366,Kalbadevi,Train,6,
Prakash Gaikwad 2,9136554362,Charni Road,Walk,7,
Meena Salvi 3,9050307273,Charni Road,Train,3,
Nitin Kadam 4,9412611518,Parel,Bus,1,
,9202235627,Chowpatty,Bus,8,
Prakash Gaikwad 6,9912023873,Bhoiwada,train,6,
Ajay Bhosale 7,9273767613,Girgaon,train,1,
Rekha Shinde 8,9019111741,Parel,walk,7,
Ganesh More 9,9078868964,Byculla,Bus,1,elderly in group
Ajay Bhosale 10,9007865356,Bhoiwada,train,4,
Sunita Pawar 11,9684492159,Lalbaug,Local,6,
Vaishali Chavan 12,9039863755,Parel,train,5,
Rekha Shinde 13,9352146238,Lalbaug,Walk,,children in group
Ajay Bhosale 14,9582374025,Chowpatty,Train,1,
Sunita Pawar 15,9469654491,Parel,Bus,1,
Meena Salvi 16,9283308153,Kalbadevi,Walk,2,
Ajay Bhosale 17,9975006787,Grant Road,Train,,
Prakash Gaikwad 18,,Chowpatty,Walk,,children in group
Meena Salvi 19,9032580373,Bhoiwada,Walk,2,carrying idol
Prakash Gaikwad 20,,Girgaon,walk,1,
Sunita Pawar 21,9356831258,Bhoiwada,Train,7,
Vaishali Chavan 22,9528058283,Bhoiwada,train,8,
Vaishali Chavan 23,9011271564,Parel,Bus,,
Ganesh More 24,9628758325,Parel,bus,2,
Sunita Pawar 25,9262604383,Charni Road,Bus,,
Rekha Shinde 26,9864881007,Charni Road,bus,2,
Ajay Bhosale 27,9692385411,Lalbaug,Train,,
Ajay Bhosale 28,9199069264,Grant Road,train,6,
,9545213792,Lalbaug,bus,1,carrying idol
Nitin Kadam 30,9691432690,Kalbadevi,Walk,,
Ajay Bhosale 31,9772803053,Lalbaug,Bus,1,
Nitin Kadam 32,,Lalbaug,Walk,1,carrying idol
Ganesh More 33,9739042898,Dadar,Walk,3,
Vaishali Chavan 34,9650997111,Girgaon,train,2,
Vaishali Chavan 35,,Lalbaug,Bus,4,
Nitin Kadam 36,9192522723,Charni Road,bus,6,
Sunita Pawar 37,9773533949,Bhoiwada,Bus,7,
Meena Salvi 38,9294249185,Bhoiwada,Walk,7,
Ganesh More 39,9701859264,Lalbaug,Walk,4,
Meena Salvi 40,9149840871,Kalbadevi,Bus,5,
Meena Salvi 41,9361043957,Parel,Bus,6,
,9755688536,Bhoiwada,Train,8,
Meena Salvi 43,9028628311,,Walking,7,elderly in group
Nitin Kadam 44,9353151090,Bhoiwada,Train,7,
Vaishali Chavan 45,9120630779,,walk,,
Ajay Bhosale 46,9509957114,Chowpatty,walk,5,
Sunita Pawar 47,9969260912,Parel,Train,1,
Nitin Kadam 48,9948666562,Byculla,walk,4,
Sunita Pawar 49,9179890446,Lalbaug,Bus,3,
Meena Salvi 50,9402596880,Parel,Train,7,
Ganesh More 51,9336806975,Parel,Walk,6,
Ganesh More 52,,Dadar,BEST,8,carrying idol
Rekha Shinde 53,9236717569,Chowpatty,Walk,7,
Meena Salvi 54,9557057416,Bhoiwada,Walk,8,children in group
Rekha Shinde 55,9523418675,,BEST,2,
Sunita Pawar 56,9528177386,Kalbadevi,Walk,2,
Nitin Kadam 57,9486204160,Kalbadevi,Bus,7,
,9103866518,Parel,walk,7,
Sunita Pawar 59,,Girgaon,train,3,
Meena Salvi 60,9185590684,Kalbadevi,walk,6,
Meena Salvi 61,,Bhoiwada,Walk,7,
Prakash Gaikwad 62,9769297992,Charni Road,train,3,
Nitin Kadam 63,,Dadar,walk,3,
Ganesh More 64,9769105968,Byculla,train,1,
Vaishali Chavan 65,9403127410,Parel,Walk,5,
Ajay Bhosale 66,,Lalbaug,Walk,,
Ajay Bhosale 67,9746102605,Bhoiwada,Walk,2,
Ajay Bhosale 68,,Parel,Walk,8,
Meena Salvi 69,9162692438,Bhoiwada,train,7,carrying idol
Nitin Kadam 70,9117785539,,Walking,8,carrying idol
Vaishali Chavan 71,9749788630,Lalbaug,,1,
,9699742318,Chowpatty,Train,5,
Ajay Bhosale 73,9749007221,Charni Road,Walk,7,
Rekha Shinde 74,9286097435,Girgaon,walk,4,children in group
Sunita Pawar 75,9353607358,Charni Road,Bus,2,children in group
Meena Salvi 76,9550031180,Bhoiwada,Walk,,
Nitin Kadam 77,9094537700,Byculla,Walk,6,
Ajay Bhosale 78,9452700803,Chowpatty,Train,,
Ajay Bhosale 79,,,Bus,4,
Ganesh More 80,,Kalbadevi,Walk,5,
Rekha Shinde 81,9685972269,Bhoiwada,walk,7,
Meena Salvi 82,9054639196,Parel,train,,
Prakash Gaikwad 83,9521012458,Chowpatty,Train,7,
Nitin Kadam 84,9227697861,Dadar,Walk,7,carrying idol
Nitin Kadam 85,9162147635,Dadar,Train,7,
Ajay Bhosale 86,9508494550,,train,7,
Ajay Bhosale 87,9272896850,Girgaon,Walk,8,
Rekha Shinde 88,9496099471,Dadar,Train,1,children in group
Ajay Bhosale 89,9753910033,Chowpatty,Rail,3,children in group
Nitin Kadam 90,9653767263,Byculla,Train,2,
Vaishali Chavan 91,9924078319,Kalbadevi,Walk,4,
Vaishali Chavan 92,9770124798,Grant Road,Walk,8,
Vaishali Chavan 93,9833547933,Girgaon,Walk,1,
Meena Salvi 94,9332624732,,Train,,
Nitin Kadam 95,9776303004,Dadar,Train,8,
,9015682696,Grant Road,train,2,children in group
Vaishali Chavan 97,9860968913,Charni Road,Bus,2,
Nitin Kadam 98,9454003687,Parel,walk,3,
Vaishali Chavan 99,9640406329,Girgaon,Walk,4,
Vaishali Chavan 100,,Chowpatty,Walking,6,children in group
Ajay Bhosale 101,9199827777,Dadar,Walk,3,
Rekha Shinde 102,9594295656,Byculla,Bus,2,
Rekha Shinde 103,,Grant Road,walk,5,
Nitin Kadam 104,9520651959,Charni Road,Walk,2,
Nitin Kadam 105,9728345376,Grant Road,bus,3,
Meena Salvi 106,9316501365,Dadar,Walk,3,
,9525989264,Dadar,Bus,3,
Meena Salvi 108,9347030538,Byculla,Train,8,
Sunita Pawar 109,9251300419,Bhoiwada,train,1,
Prakash Gaikwad 110,,Charni Road,Bus,5,
Vaishali Chavan 111,9399211719,Bhoiwada,Walk,5,elderly in group
Rekha Shinde 112,9473850324,Grant Road,walk,5,
Nitin Kadam 113,,Girgaon,Walk,7,
,9061478045,Chowpatty,Walking,,
Sunita Pawar 115,9474624985,Girgaon,bus,3,
Prakash Gaikwad 116,,Dadar,bus,7,
Ganesh More 117,9679792325,Parel,Local,7,
Nitin Kadam 118,9026220941,Bhoiwada,bus,3,
Ajay Bhosale 119,9926726071,,bus,4,
Prakash Gaikwad 120,9017513866,Byculla,Walking,1,
Ganesh More 121,9156916776,Byculla,Train,2,
Meena Salvi 122,9805952522,Kalbadevi,Train,,
Rekha Shinde 123,9494621341,Lalbaug,Other,1,
Vaishali Chavan 124,9372151969,Bhoiwada,Walk,3,
Sunita Pawar 125,,Byculla,Bus,8,
Ajay Bhosale 126,,Girgaon,Walk,2,
Meena Salvi 127,,Girgaon,Walk,1,
Vaishali Chavan 128,9997934480,Kalbadevi,Walk,,
Rekha Shinde 129,9887954269,,,2,
Prakash Gaikwad 130,9434599795,Parel,Bus,2,
Nitin Kadam 131,9123769545,Charni Road,Walk,1,
Sunita Pawar 132,9129843114,Chowpatty,Bus,8,elderly in group
Ajay Bhosale 133,9797082328,Lalbaug,Walk,1,
Nitin Kadam 134,9793596472,Byculla,Walk,4,
Meena Salvi 135,9330616850,,train,1,
Vaishali Chavan 136,9697924875,Lalbaug,Train,7,
Ganesh More 137,,,Walk,,elderly in group
Vaishali Chavan 138,9291233137,Grant Road,Train,5,
Meena Salvi 139,9639788201,Bhoiwada,Walk,,
Nitin Kadam 140,9554618010,Dadar,Local,5,
Ajay Bhosale 141,9999945003,Girgaon,Walking,7,
Rekha Shinde 142,9563732074,Kalbadevi,Train,6,elderly in group
Nitin Kadam 143,,,walk,3,
Sunita Pawar 144,,Lalbaug,Train,2,
Prakash Gaikwad 145,9041422354,Parel,walk,6,
Meena Salvi 146,9225105027,Kalbadevi,Walk,2,carrying idol
Ganesh More 147,,Grant Road,Bus,,
Meena Salvi 148,9267315777,Grant Road,bus,7,
Ganesh More 149,9383077354,Charni Road,Train,3,children in group
Rekha Shinde 150,9254987881,Grant Road,Walk,1,
Nitin Kadam 151,9009916399,Grant Road,Walk,5,carrying idol
Ganesh More 152,9698804133,Parel,Walk,8,
Sunita Pawar 153,9095594515,Grant Road,BEST,6,carrying idol
Vaishali Chavan 154,9818275345,Girgaon,Bus,5,
Ganesh More 155,9517058284,Bhoiwada,Bus,3,elderly in group
Meena Salvi 156,,Lalbaug,train,3,carrying idol
Meena Salvi 157,9643454377,Parel,walk,3,
Rekha Shinde 158,9085236296,Byculla,Bus,6,
Prakash Gaikwad 159,,Grant Road,Walk,3,
Vaishali Chavan 160,9069327872,Grant Road,walk,4,
Sunita Pawar 161,9703024100,Chowpatty,,4,
Meena Salvi 162,9558265325,Byculla,Walk,1,
Ajay Bhosale 163,,Grant Road,Train,,
Nitin Kadam 164,9275688100,Charni Road,On foot,2,children in group
Nitin Kadam 165,,Parel,train,6,
Ganesh More 166,9975440273,,Local,3,
Sunita Pawar 167,,Kalbadevi,Walking,,
Sunita Pawar 168,,Byculla,train,,children in group
Meena Salvi 169,9509662532,Kalbadevi,Train,4,elderly in group
Sunita Pawar 170,9843034987,Bhoiwada,On foot,1,carrying idol
Meena Salvi 171,9102574708,Charni Road,Bus,,elderly in group
Ganesh More 172,9184572536,Charni Road,On foot,3,
Sunita Pawar 173,9631374504,Grant Road,Train,7,
Rekha Shinde 174,9688737394,Lalbaug,train,3,
Sunita Pawar 175,9492615787,Byculla,Local,,
Nitin Kadam 176,9726882132,Parel,Train,5,
Ganesh More 177,,Parel,walk,3,elderly in group
Prakash Gaikwad 178,9110332318,Dadar,Walk,5,
Rekha Shinde 179,9665194411,Parel,bus,3,carrying idol
Sunita Pawar 180,9308655246,Byculla,Train,8,
Prakash Gaikwad 181,9818725213,,bus,4,
Ganesh More 182,9700549265,Parel,Train,1,elderly in group
Meena Salvi 183,9296207102,Chowpatty,Walk,3,
Prakash Gaikwad 184,,Charni Road,walk,5,
Ajay Bhosale 185,9196037609,Chowpatty,walk,4,
,9927419044,Lalbaug,train,5,
,9675393438,Girgaon,Bus,6,
Meena Salvi 188,9830858721,Girgaon,walk,3,carrying idol
Sunita Pawar 189,9163688766,Dadar,Walk,6,
Nitin Kadam 190,,Lalbaug,Walk,1,
Rekha Shinde 191,9410324382,Girgaon,bus,5,children in group
Vaishali Chavan 192,9328316331,Chowpatty,Rail,,elderly in group
Meena Salvi 193,9046690323,,walk,1,carrying idol
Meena Salvi 194,9079531672,Kalbadevi,Train,,
Prakash Gaikwad 195,9678190258,Byculla,train,6,carrying idol
,9362980681,Dadar,Walk,3,children in group
Nitin Kadam 197,,Byculla,Train,,
Prakash Gaikwad 198,,Dadar,Walk,3,
Ganesh More 199,,Bhoiwada,train,,
Sunita Pawar 200,9351210754,Girgaon,On foot,,children in group
Meena Salvi 201,9170118407,Byculla,Bus,4,
Ajay Bhosale 202,9506570942,Parel,Bus,6,carrying idol
Meena Salvi 203,,Charni Road,bus,8,
Vaishali Chavan 204,9522503381,Kalbadevi,Train,8,
Rekha Shinde 205,9450830091,Chowpatty,Bus,1,elderly in group
Ajay Bhosale 206,9204926384,,walk,2,
Meena Salvi 207,9541845589,Parel,Bus,4,
Meena Salvi 208,9588461615,Chowpatty,train,1,
Ganesh More 209,9704012831,Parel,Train,8,carrying idol
Ajay Bhosale 210,9989113701,Parel,Walk,4,elderly in group
,9330149917,Girgaon,Bus,6,
Ganesh More 212,9274205581,Parel,Walk,,children in group
Prakash Gaikwad 213,9770001847,Parel,Bus,4,children in group
Ajay Bhosale 214,9099499152,Kalbadevi,On foot,,elderly in group
Nitin Kadam 215,9249281673,Chowpatty,Walk,,children in group
Vaishali Chavan 216,9852601566,Charni Road,BEST,7,
,9841817257,Charni Road,walk,5,
Ganesh More 218,9397670626,Charni Road,On foot,4,
Ajay Bhosale 219,9472082787,Lalbaug,Local,2,
Rekha Shinde 220,9941693272,Bhoiwada,bus,8,elderly in group
Vaishali Chavan 221,9875682923,Chowpatty,Walk,4,
Meena Salvi 222,9493733062,Bhoiwada,train,,
Nitin Kadam 223,9078200613,Dadar,On foot,2,
Ajay Bhosale 224,9155218890,Chowpatty,train,3,
Vaishali Chavan 225,,Charni Road,train,5,
Ajay Bhosale 226,9599368442,Dadar,Train,7,
Ajay Bhosale 227,9422008239,Charni Road,Walk,2,children in group
,,Byculla,BEST,4,
Rekha Shinde 229,,Kalbadevi,Walk,2,
Prakash Gaikwad 230,9082830005,Parel,Bus,7,
Vaishali Chavan 231,9819836627,,train,5,elderly in group
Sunita Pawar 232,9830256619,Byculla,bus,3,
Ajay Bhosale 233,9607408509,Byculla,walk,3,
Ganesh More 234,9643452970,Grant Road,Train,5,carrying idol
Ganesh More 235,9227794220,Grant Road,,5,
Ganesh More 236,,Bhoiwada,train,2,
Sunita Pawar 237,9051992428,Dadar,Train,2,
Nitin Kadam 238,9460042443,Byculla,On foot,2,
Ganesh More 239,9755024719,Bhoiwada,train,,carrying idol
,9786950173,Girgaon,train,1,children in group
Sunita Pawar 241,9845849736,,Bus,,elderly in group
Ajay Bhosale 242,9301200603,Chowpatty,Train,3,
Vaishali Chavan 243,9896304683,Kalbadevi,Train,2,
Rekha Shinde 244,9605466234,Parel,Bus,4,
Nitin Kadam 245,9233320333,Chowpatty,Train,1,
Meena Salvi 246,9068866228,Girgaon,train,1,
Rekha Shinde 247,,Grant Road,On foot,1,
Rekha Shinde 248,9404985818,Kalbadevi,Walk,,
Vaishali Chavan 249,9325442821,Lalbaug,Bus,2,
,9798623387,Dadar,Walk,7,children in group
Ajay Bhosale 251,9021128489,Parel,Bus,1,
Nitin Kadam 252,9906556481,Chowpatty,Walk,6,
,9373874627,Chowpatty,Train,4,
Vaishali Chavan 254,9777109622,Grant Road,Train,3,
Meena Salvi 255,9538396259,Bhoiwada,Train,6,
Rekha Shinde 256,9530951292,Grant Road,Train,6,carrying idol
Meena Salvi 257,9784787498,Lalbaug,Bus,2,
Rekha Shinde 258,,Parel,walk,1,carrying idol
Prakash Gaikwad 259,9758823678,Bhoiwada,Walk,6,
Sunita Pawar 260,,Lalbaug,Walk,7,carrying idol
Prakash Gaikwad 261,9883179658,Charni Road,Walk,6,carrying idol
Meena Salvi 262,9747281621,Charni Road,Train,7,
Meena Salvi 263,9826581808,Lalbaug,train,1,
Ajay Bhosale 264,9599750576,Byculla,Bus,6,
Prakash Gaikwad 265,9197750648,Lalbaug,walk,8,children in group
Nitin Kadam 266,,Girgaon,Train,7,
Nitin Kadam 267,9911500143,Lalbaug,Walk,4,
Ajay Bhosale 268,9527447709,Charni Road,Train,3,
Vaishali Chavan 269,9825433868,Dadar,BEST,1,
Sunita Pawar 270,9962536357,Girgaon,Walk,1,carrying idol
Ajay Bhosale 271,9137860401,Kalbadevi,bus,3,
Vaishali Chavan 272,9273867519,Byculla,Walk,8,
Prakash Gaikwad 273,,Byculla,Bus,4,
Rekha Shinde 274,,Lalbaug,Walk,3,
Ganesh More 275,9765610759,Dadar,Train,8,
Ganesh More 276,9143686834,Lalbaug,Walk,2,
Meena Salvi 277,9051892080,Byculla,Walk,8,
Vaishali Chavan 278,9692020913,Parel,Bus,3,elderly in group
Meena Salvi 279,,Dadar,,3,elderly in group
Vaishali Chavan 280,9255792834,Parel,Bus,7,
Sunita Pawar 281,9748818214,Bhoiwada,Train,7,
,9853878749,Kalbadevi,Train,3,
Nitin Kadam 283,9036224445,Dadar,train,1,
Sunita Pawar 284,9519716072,Lalbaug,Walk,3,
Ajay Bhosale 285,9517580118,Dadar,Rail,8,carrying idol
Prakash Gaikwad 286,9667575512,Charni Road,train,7,
Meena Salvi 287,9328632244,Chowpatty,train,1,
Vaishali Chavan 288,9975474295,Charni Road,BEST,8,
Ajay Bhosale 289,9911199270,Grant Road,Bus,8,carrying idol
Ganesh More 290,9219697824,,train,5,
Nitin Kadam 291,9653755263,,Walk,7,
Sunita Pawar 292,9645519694,Grant Road,Bus,4,
Ganesh More 293,9156752531,Dadar,N/A,,
Sunita Pawar 294,9964975469,Grant Road,bus,1,
Ajay Bhosale 295,,Bhoiwada,Bus,7,
Nitin Kadam 296,9864786835,Lalbaug,walk,1,
Meena Salvi 297,9216721899,Dadar,Walk,3,children in group
Nitin Kadam 298,9058066332,Parel,Train,,elderly in group
Rekha Shinde 299,9082242268,,On foot,3,
Ajay Bhosale 300,9583034982,Byculla,walk,6,children in group
Rekha Shinde 301,9252019537,Bhoiwada,train,7,
Sunita Pawar 302,9318098321,Chowpatty,Walk,5,carrying idol
Vaishali Chavan 303,9061669548,Girgaon,Train,1,
Ajay Bhosale 304,9087056402,Byculla,Train,5,
Rekha Shinde 305,9997994559,Bhoiwada,N/A,1,
Nitin Kadam 306,,Byculla,Other,1,
Nitin Kadam 307,9074607605,Chowpatty,Walk,7,
Sunita Pawar 308,,Girgaon,Bus,4,
Prakash Gaikwad 309,,Chowpatty,Walk,2,
Meena Salvi 310,,Chowpatty,walk,4,
Meena Salvi 311,9899701263,Dadar,walk,5,
Rekha Shinde 312,9715576697,Parel,Walk,2,
Nitin Kadam 313,9270395939,Lalbaug,Walk,3,
Ganesh More 314,9795681468,,Walk,2,
Vaishali Chavan 315,,Lalbaug,Train,3,children in group
Prakash Gaikwad 316,9579086023,Charni Road,Bus,4,
Prakash Gaikwad 317,9860401704,Grant Road,BEST,6,
Meena Salvi 318,9820753097,Dadar,Walk,2,
Nitin Kadam 319,9823285764,Grant Road,Train,1,
Meena Salvi 320,9846692897,Dadar,Bus,2,carrying idol
Ajay Bhosale 321,9584439891,Dadar,bus,3,
Rekha Shinde 322,9229554914,Charni Road,Walk,7,
Sunita Pawar 323,,Charni Road,Bus,8,
Rekha Shinde 324,,,Walk,1,
Ajay Bhosale 325,9444305160,Dadar,walk,4,
Prakash Gaikwad 326,9740256447,,Train,3,
Rekha Shinde 327,9808774311,,train,7,
Sunita Pawar 328,9789026298,Grant Road,Walk,4,elderly in group
Nitin Kadam 329,9165494285,Chowpatty,Walk,5,
Sunita Pawar 330,9145210787,Lalbaug,Walk,1,
Vaishali Chavan 331,9146737530,Grant Road,train,7,
Rekha Shinde 332,9083370388,Chowpatty,Other,,
Ganesh More 333,9908924397,Lalbaug,train,2,
Vaishali Chavan 334,9007353887,Kalbadevi,bus,5,
Prakash Gaikwad 335,9742421421,Chowpatty,bus,5,
Ganesh More 336,9179825901,Kalbadevi,Walk,3,
Meena Salvi 337,,Girgaon,Walking,3,
Ganesh More 338,9927810442,Charni Road,Walk,5,
Sunita Pawar 339,9012254686,Girgaon,Other,,
Ganesh More 340,9885081815,Charni Road,bus,2,
Ajay Bhosale 341,9996563164,Kalbadevi,Train,,
Meena Salvi 342,9255150184,Byculla,walk,1,children in group
Vaishali Chavan 343,9568523218,Girgaon,bus,3,
Sunita Pawar 344,9041573072,Grant Road,train,3,carrying idol
Nitin Kadam 345,9144363425,Byculla,Walk,1,
Ganesh More 346,9466356595,Bhoiwada,Walk,3,
Sunita Pawar 347,,Byculla,Walk,8,
Rekha Shinde 348,9119233619,Girgaon,Bus,4,children in group
Meena Salvi 349,9871599369,Grant Road,On foot,6,
Meena Salvi 350,9190976669,Parel,Train,,children in group
Vaishali Chavan 351,,Charni Road,walk,,
Nitin Kadam 352,,Byculla,Walk,2,
Meena Salvi 353,9831822381,Byculla,On foot,8,
Ganesh More 354,9762483039,Dadar,Train,1,
Sunita Pawar 355,9275528111,Parel,Walk,8,
Sunita Pawar 356,9320060470,Dadar,walk,8,
Nitin Kadam 357,9597297200,Byculla,walk,6,
Meena Salvi 358,9001683313,Grant Road,train,7,
Sunita Pawar 359,9431868948,,Other,,elderly in group
Prakash Gaikwad 360,9313719292,Kalbadevi,Walk,7,
Vaishali Chavan 361,9923091013,Grant Road,Walking,7,
,9610698493,Dadar,walk,7,
Rekha Shinde 363,9050771900,Lalbaug,Train,7,
Rekha Shinde 364,9434544956,,Walk,3,
Meena Salvi 365,,Girgaon,Walk,,
Sunita Pawar 366,9750199551,Grant Road,Bus,8,
Ajay Bhosale 367,9608959526,Girgaon,Walk,4,
Rekha Shinde 368,,,train,4,
Vaishali Chavan 369,,Byculla,Train,2,
Prakash Gaikwad 370,9359218396,Girgaon,Walk,4,elderly in group
,,Parel,train,4,
Prakash Gaikwad 372,9594310642,Bhoiwada,bus,5,
Prakash Gaikwad 373,9635161647,Grant Road,Local,7,
Meena Salvi 374,9894812753,Lalbaug,Walk,3,
Nitin Kadam 375,9198466055,Charni Road,Train,5,
Ajay Bhosale 376,9062885843,Bhoiwada,Bus,6,
Ajay Bhosale 377,9584447202,Lalbaug,bus,4,elderly in group
Rekha Shinde 378,9481523717,Lalbaug,Walk,7,children in group
,9397164752,Bhoiwada,Other,8,
Prakash Gaikwad 380,9085668055,Charni Road,Train,1,elderly in group
Ajay Bhosale 381,9083865844,,Walk,3,
Nitin Kadam 382,9552576725,Girgaon,Walking,7,
Ganesh More 383,9445605654,Charni Road,,,children in group
Ajay Bhosale 384,9931814789,Dadar,Train,3,
Rekha Shinde 385,9627265535,Byculla,bus,8,
,9942063443,,Bus,,
Ganesh More 387,9371516193,Parel,BEST,8,elderly in group
Ganesh More 388,9350241099,Girgaon,walk,4,
Sunita Pawar 389,9465836671,Dadar,Walk,3,
Prakash Gaikwad 390,9721489754,Lalbaug,train,6,
Prakash Gaikwad 391,9135287506,Dadar,walk,8,
Nitin Kadam 392,,Dadar,Walk,5,
Nitin Kadam 393,,,walk,5,elderly in group
Rekha Shinde 394,9991253821,Chowpatty,Walk,3,
Vaishali Chavan 395,9815350542,Grant Road,N/A,1,
Vaishali Chavan 396,9030408513,Parel,walk,5,
Rekha Shinde 397,,Girgaon,Walk,8,
Ajay Bhosale 398,9150031668,Grant Road,Walk,2,
Rekha Shinde 399,9827266810,,Train,3,
Nitin Kadam 400,9461177506,Lalbaug,train,3,
Rekha Shinde 401,9109966005,Parel,Train,7,
Prakash Gaikwad 402,9680630599,Kalbadevi,Train,5,
Prakash Gaikwad 403,9372884789,Grant Road,Train,1,
Nitin Kadam 404,9262523033,Grant Road,Walk,2,
Nitin Kadam 405,9683433620,,Walking,3,
Rekha Shinde 406,9744732936,Grant Road,Train,2,
Ajay Bhosale 407,9312002007,Bhoiwada,walk,2,children in group
Ajay Bhosale 408,9380118920,,walk,4,
Sunita Pawar 409,9879225867,Bhoiwada,Train,2,
Sunita Pawar 410,9710507627,Lalbaug,Train,1,
Prakash Gaikwad 411,9269056505,Bhoiwada,Bus,5,
Vaishali Chavan 412,,Grant Road,Bus,5,
Nitin Kadam 413,9439081504,Grant Road,Walk,8,
,9365362502,Byculla,Local,5,
Rekha Shinde 415,9532491813,Dadar,Walk,7,
Prakash Gaikwad 416,9643828599,Kalbadevi,Walk,7,carrying idol
Nitin Kadam 417,9472743266,Lalbaug,walk,3,
Vaishali Chavan 418,9163860026,,bus,1,
Rekha Shinde 419,9824551252,Parel,Train,,carrying idol
Nitin Kadam 420,9983120392,Charni Road,Train,6,elderly in group
Ajay Bhosale 421,9469001419,Bhoiwada,Walk,3,
Rekha Shinde 422,9405008887,Girgaon,Bus,3,
Ajay Bhosale 423,9815192559,Girgaon,Bus,,
Vaishali Chavan 424,9265883758,Dadar,Bus,4,
Ajay Bhosale 425,9201399595,Grant Road,On foot,5,
Meena Salvi 426,9394185698,Kalbadevi,Bus,8,
Sunita Pawar 427,9234588592,Kalbadevi,train,,carrying idol
Rekha Shinde 428,9242791862,Lalbaug,Train,3,
Ajay Bhosale 429,9386505212,Chowpatty,Walk,,
Sunita Pawar 430,9005655203,Bhoiwada,walk,3,carrying idol
Nitin Kadam 431,9657231581,Girgaon,Train,5,
Nitin Kadam 432,9967531386,Bhoiwada,Walking,,
Ganesh More 433,9537251678,Byculla,Walk,1,elderly in group
Ganesh More 434,9268958455,Byculla,Bus,4,
Sunita Pawar 435,9674701833,Lalbaug,Other,3,
Meena Salvi 436,9026901708,Parel,Bus,1,
Ajay Bhosale 437,9731973722,Grant Road,Train,4,
Nitin Kadam 438,9150439341,Parel,Walking,8,
Ganesh More 439,9665151154,Charni Road,Train,5,
Ajay Bhosale 440,9314181858,Lalbaug,Walk,7,
Sunita Pawar 441,9621838005,Parel,walk,1,
Meena Salvi 442,9021108028,Bhoiwada,Train,5,
Ajay Bhosale 443,9013557064,Charni Road,Train,,
Ganesh More 444,,Girgaon,Bus,3,
Prakash Gaikwad 445,9157947209,Girgaon,walk,3,elderly in group
Vaishali Chavan 446,,Grant Road,Bus,,
Ganesh More 447,9691956806,Byculla,Train,4,
Prakash Gaikwad 448,9299680189,Chowpatty,bus,7,
Prakash Gaikwad 449,9170919846,Girgaon,Bus,2,
Nitin Kadam 450,9280858936,Charni Road,Walk,2,carrying idol
,9406257611,Lalbaug,Bus,6,
Rekha Shinde 452,9440665619,Dadar,bus,8,
Prakash Gaikwad 453,9992631149,Byculla,walk,4,
Nitin Kadam 454,9148759554,Bhoiwada,Walk,4,
Rekha Shinde 455,9230289296,,walk,8,
Ganesh More 456,9375505517,Byculla,Local,8,
Vaishali Chavan 457,9666949072,Byculla,Walk,2,
Meena Salvi 458,9515714638,Kalbadevi,walk,5,elderly in group
Rekha Shinde 459,9625854536,Parel,train,3,
Nitin Kadam 460,9749416854,Bhoiwada,Walk,3,
,9394621590,Bhoiwada,bus,4,
Meena Salvi 462,9612063920,Dadar,Train,2,carrying idol
Meena Salvi 463,9260762321,Byculla,BEST,3,
Ganesh More 464,9162881565,Byculla,Walk,2,
Rekha Shinde 465,9992653759,Parel,On foot,6,children in group
Vaishali Chavan 466,9607517130,,walk,3,
Rekha Shinde 467,,Parel,Train,1,carrying idol
Rekha Shinde 468,9351192148,Bhoiwada,Walk,8,
Meena Salvi 469,9093137008,Lalbaug,Train,8,children in group
Ajay Bhosale 470,9857331926,Kalbadevi,walk,2,
Rekha Shinde 471,9622903756,Girgaon,Bus,2,children in group
Ganesh More 472,9657452176,Girgaon,On foot,8,
Sunita Pawar 473,9137295079,Charni Road,walk,6,
Nitin Kadam 474,9334320964,Byculla,Walk,2,
Prakash Gaikwad 475,9887488022,Girgaon,BEST,8,
,9225489576,Grant Road,Walk,6,carrying idol
Ganesh More 477,,Kalbadevi,Walk,4,
Sunita Pawar 478,,Girgaon,Walk,1,
Ajay Bhosale 479,,Parel,On foot,1,
Sunita Pawar 480,9514823056,Lalbaug,train,3,
Nitin Kadam 481,9245577638,Kalbadevi,On foot,3,
Meena Salvi 482,9395166897,Charni Road,Walk,3,children in group
Rekha Shinde 483,9317412467,Bhoiwada,Train,3,
Sunita Pawar 484,9129798096,,Bus,8,
Ajay Bhosale 485,9027547901,Kalbadevi,Bus,1,
Ganesh More 486,9150763401,Lalbaug,,,children in group
Meena Salvi 487,9606782270,Parel,Bus,3,
Vaishali Chavan 488,9088426722,Girgaon,Walk,1,elderly in group
Prakash Gaikwad 489,9917550400,Parel,Walk,8,
Rekha Shinde 490,9630022140,Chowpatty,Walk,8,
Meena Salvi 491,9000195966,Kalbadevi,walk,2,
Meena Salvi 492,9320648582,Parel,Bus,4,
Meena Salvi 493,9538968456,Lalbaug,Walk,1,
Nitin Kadam 494,,,train,6,
Sunita Pawar 495,9943088765,Parel,walk,7,
Rekha Shinde 496,9385033573,Grant Road,Rail,7,elderly in group
Ganesh More 497,9071895547,Parel,Walk,1,
Vaishali Chavan 498,9142747125,Byculla,Walk,3,
Nitin Kadam 499,9347405261,Dadar,BEST,8,
Ajay Bhosale 500,9158316330,Girgaon,train,4,
Sunita Pawar 501,9865928913,Bhoiwada,Walk,4,
Vaishali Chavan 502,9805698749,Kalbadevi,Train,5,
Prakash Gaikwad 503,,Kalbadevi,Train,1,
Nitin Kadam 504,9443826039,Bhoiwada,Train,,
Meena Salvi 505,,Dadar,Bus,2,
Ganesh More 506,9646572294,Charni Road,N/A,4,
Ganesh More 507,9987214388,Grant Road,train,8,
Vaishali Chavan 508,9979000515,Parel,Walk,3,
Rekha Shinde 509,9197270709,Kalbadevi,Other,6,carrying idol
Ajay Bhosale 510,,Bhoiwada,Train,6,
Ganesh More 511,,Chowpatty,Bus,3,
Meena Salvi 512,9803486727,,walk,8,carrying idol
Ganesh More 513,9927805322,Lalbaug,Rail,4,
Prakash Gaikwad 514,9280889002,Girgaon,Train,2,elderly in group
Nitin Kadam 515,,Lalbaug,walk,6,
Rekha Shinde 516,9853281228,Dadar,Bus,2,
Vaishali Chavan 517,9604069152,Lalbaug,train,7,
Meena Salvi 518,9526336321,Grant Road,train,4,
Rekha Shinde 519,,Parel,Bus,4,
Prakash Gaikwad 520,9466944220,Grant Road,Bus,4,
Prakash Gaikwad 521,9662840474,Byculla,Train,7,
Ajay Bhosale 522,9787666995,Lalbaug,bus,6,elderly in group
Prakash Gaikwad 523,9475418103,Charni Road,Train,7,
Meena Salvi 524,9703582327,Byculla,Local,2,children in group
Nitin Kadam 525,9794254922,Dadar,Train,3,
Rekha Shinde 526,9672046820,Kalbadevi,Walk,2,
Meena Salvi 527,9112912536,Dadar,Train,3,elderly in group
Ganesh More 528,9870214052,Lalbaug,Walk,3,children in group
Vaishali Chavan 529,9511698836,Dadar,walk,,
Prakash Gaikwad 530,,Byculla,Train,1,
Meena Salvi 531,9701123162,Charni Road,Walk,6,
Sunita Pawar 532,9603318434,Chowpatty,walk,6,
Meena Salvi 533,9860211282,Girgaon,Train,7,
Ganesh More 534,9753254293,Chowpatty,Train,6,
Prakash Gaikwad 535,9421632268,Parel,BEST,4,
Rekha Shinde 536,,Parel,Walk,4,
Prakash Gaikwad 537,9993762341,Byculla,On foot,6,
Sunita Pawar 538,9985370216,Lalbaug,Walk,1,
Prakash Gaikwad 539,9645950906,Grant Road,Train,7,
Ganesh More 540,,Grant Road,On foot,1,
Ganesh More 541,9607327004,Grant Road,Walk,6,
Ganesh More 542,9418019592,,bus,2,
Ajay Bhosale 543,9669694723,Charni Road,Bus,6,elderly in group
,9479546264,Parel,Bus,,carrying idol
Prakash Gaikwad 545,9006029230,Grant Road,Walk,5,
Nitin Kadam 546,9286404652,Grant Road,Walk,3,
Ajay Bhosale 547,9093135608,Girgaon,On foot,,
Nitin Kadam 548,9176104594,Lalbaug,Bus,1,
Nitin Kadam 549,9847744339,Parel,Walk,8,
Ganesh More 550,,Bhoiwada,walk,7,children in group
,9863059062,Byculla,Train,3,
Ganesh More 552,9490634507,Parel,Walk,,
Nitin Kadam 553,9053321777,Parel,Walk,7,
Sunita Pawar 554,9193820680,Kalbadevi,Train,,
Nitin Kadam 555,9369791635,Byculla,walk,3,children in group
,9820560117,Bhoiwada,Bus,2,
Rekha Shinde 557,,Charni Road,bus,1,
Ganesh More 558,9611528206,Bhoiwada,Bus,,
Meena Salvi 559,9333303524,Dadar,Walk,,children in group
Rekha Shinde 560,9290972250,Chowpatty,Train,4,
Vaishali Chavan 561,9581600302,Lalbaug,train,3,
Ganesh More 562,,Charni Road,Train,7,
Rekha Shinde 563,9289940778,Parel,Walk,1,
Nitin Kadam 564,9541129771,Lalbaug,walk,8,
Prakash Gaikwad 565,9547214079,Byculla,walk,5,
Sunita Pawar 566,9733884343,Dadar,Rail,6,
Ganesh More 567,9671416122,Charni Road,Walk,3,
Prakash Gaikwad 568,,Dadar,Train,,
Ganesh More 569,9639314321,Chowpatty,Rail,4,
Rekha Shinde 570,9592441103,Bhoiwada,Bus,7,
Rekha Shinde 571,9488376049,Grant Road,BEST,4,
Meena Salvi 572,9890253053,Charni Road,Local,5,
Meena Salvi 573,9404171003,Lalbaug,walk,8,
Sunita Pawar 574,9841295705,Kalbadevi,Local,7,
Vaishali Chavan 575,9494105023,,Train,4,elderly in group
Sunita Pawar 576,9242310299,Byculla,Train,3,
Sunita Pawar 577,,Charni Road,train,7,
Ajay Bhosale 578,9647323556,Charni Road,Walk,7,elderly in group
Ajay Bhosale 579,9751072391,Dadar,walk,8,
Ajay Bhosale 580,,Dadar,N/A,8,
Ajay Bhosale 581,9123088259,Girgaon,Walk,1,
Rekha Shinde 582,9695408136,Parel,train,2,
Ajay Bhosale 583,9641019606,Chowpatty,bus,6,
Ganesh More 584,9185164148,Chowpatty,Bus,5,
Ganesh More 585,9291489696,Chowpatty,Walk,2,
Nitin Kadam 586,9298629197,Dadar,Bus,2,
Nitin Kadam 587,,Charni Road,Bus,2,carrying idol
Sunita Pawar 588,9143112661,Chowpatty,Bus,2,
Ganesh More 589,9185091172,Charni Road,bus,1,elderly in group
Sunita Pawar 590,9437479501,,Walk,4,
Prakash Gaikwad 591,9944582748,Lalbaug,Walk,4,
Meena Salvi 592,9105635194,,Train,8,
Vaishali Chavan 593,,Bhoiwada,walk,6,
Prakash Gaikwad 594,9162054836,Dadar,Rail,4,
Sunita Pawar 595,9635381340,Grant Road,Walk,,elderly in group
Nitin Kadam 596,,Parel,N/A,6,carrying idol
Prakash Gaikwad 597,9733493205,Grant Road,Walk,8,
Vaishali Chavan 598,9595546100,Dadar,On foot,1,
Rekha Shinde 599,,Parel,Walk,4,
Meena Salvi 600,,Chowpatty,On foot,1,
Nitin Kadam 601,9166729156,Chowpatty,Train,2,
,9898437503,Grant Road,Bus,2,
Prakash Gaikwad 603,9231270426,Chowpatty,Train,5,
Rekha Shinde 604,9065871034,Chowpatty,Walk,4,
Prakash Gaikwad 605,,Chowpatty,Walk,7,
Ganesh More 606,9023068407,Grant Road,Bus,5,
Meena Salvi 607,9102322762,Byculla,walk,6,
Prakash Gaikwad 608,,Grant Road,Train,1,carrying idol
Ajay Bhosale 609,9859641205,Grant Road,Train,,
Meena Salvi 610,9668728793,Girgaon,walk,1,
Nitin Kadam 611,9946699260,Byculla,Train,6,
Nitin Kadam 612,,Bhoiwada,walk,2,
Prakash Gaikwad 613,9018234600,Kalbadevi,walk,6,carrying idol
Ganesh More 614,9008052638,Chowpatty,On foot,3,
Ajay Bhosale 615,9274376628,Charni Road,Walk,8,
Vaishali Chavan 616,9328476751,Parel,train,1,carrying idol
Ganesh More 617,9090182202,Bhoiwada,Walk,,
Prakash Gaikwad 618,,Bhoiwada,Walk,2,elderly in group
Ganesh More 619,9817707430,Lalbaug,Bus,,
Nitin Kadam 620,9881458187,Parel,walk,7,carrying idol
Ajay Bhosale 621,9913452148,,Train,1,
Prakash Gaikwad 622,,Charni Road,train,,
Ganesh More 623,9922385978,Charni Road,Walk,6,
Rekha Shinde 624,9964158709,Grant Road,bus,3,
Sunita Pawar 625,,Kalbadevi,bus,2,
Nitin Kadam 626,9215385188,Girgaon,On foot,2,
Ganesh More 627,9689469872,Lalbaug,walk,5,
Meena Salvi 628,9576040691,Charni Road,Train,4,
Sunita Pawar 629,9770244077,Kalbadevi,walk,2,carrying idol
Vaishali Chavan 630,9456491118,Girgaon,walk,6,
Ganesh More 631,9371291090,Kalbadevi,Walk,3,
Nitin Kadam 632,9991784493,Dadar,Bus,5,
Sunita Pawar 633,,Charni Road,Walk,,
Rekha Shinde 634,9315140120,Girgaon,Walk,6,
Ganesh More 635,9373283214,Grant Road,bus,3,elderly in group
Ajay Bhosale 636,9549564678,Girgaon,Bus,7,
Rekha Shinde 637,,Chowpatty,Walk,1,
Nitin Kadam 638,9664642530,Chowpatty,On foot,6,
Sunita Pawar 639,,Charni Road,train,4,
Sunita Pawar 640,9365326827,Girgaon,walk,6,
Ajay Bhosale 641,9153485350,,walk,8,
Ajay Bhosale 642,9708367659,Byculla,Train,6,
Rekha Shinde 643,9768404531,Bhoiwada,On foot,6,
Meena Salvi 644,9867921544,Grant Road,Train,3,
Prakash Gaikwad 645,9294044195,Chowpatty,Other,2,
Meena Salvi 646,9205686246,,train,,
Prakash Gaikwad 647,9630357290,Kalbadevi,walk,5,children in group
Ajay Bhosale 648,9268767394,Charni Road,Bus,1,carrying idol
Rekha Shinde 649,9877536863,Lalbaug,walk,,
Nitin Kadam 650,9552172890,Kalbadevi,BEST,5,
Nitin Kadam 651,,Byculla,Train,6,
Ganesh More 652,,,Bus,8,
Vaishali Chavan 653,9428449123,Parel,walk,2,
Meena Salvi 654,9377361001,Parel,Walk,5,
Sunita Pawar 655,9589951247,Girgaon,Walk,8,
Sunita Pawar 656,9227893569,Girgaon,train,,
Ajay Bhosale 657,9052197095,Dadar,Bus,7,
Sunita Pawar 658,9394033057,,BEST,,
Meena Salvi 659,9433526770,Lalbaug,walk,2,
Nitin Kadam 660,,Chowpatty,Train,5,
Rekha Shinde 661,9066108224,Chowpatty,walk,2,
Vaishali Chavan 662,9509519365,Chowpatty,Walk,2,carrying idol
Rekha Shinde 663,9916585416,Girgaon,Train,,
Prakash Gaikwad 664,9170688927,Grant Road,Walk,4,
Ganesh More 665,9490357306,Dadar,Walk,6,
Prakash Gaikwad 666,,Girgaon,train,6,
,9444728469,Lalbaug,Bus,5,
Prakash Gaikwad 668,9095421841,Chowpatty,Bus,8,children in group
,9660671523,,walk,8,
Sunita Pawar 670,9712650599,Bhoiwada,Walk,,
Nitin Kadam 671,9514824400,Dadar,Train,5,
Meena Salvi 672,9360357853,Kalbadevi,Bus,4,
Prakash Gaikwad 673,,,BEST,8,
Rekha Shinde 674,,Parel,Walk,7,
Ganesh More 675,9247052477,Chowpatty,walk,,
Rekha Shinde 676,9722504084,Chowpatty,Other,1,children in group
Nitin Kadam 677,,Girgaon,Other,5,
Sunita Pawar 678,9453316061,Bhoiwada,Bus,7,
Prakash Gaikwad 679,,Bhoiwada,Rail,8,
Ganesh More 680,,Girgaon,walk,3,
,9964380493,Kalbadevi,Local,8,
Prakash Gaikwad 682,9512641230,Grant Road,train,1,
Sunita Pawar 683,9273683277,Byculla,BEST,,
Ajay Bhosale 684,9637511299,Bhoiwada,Train,4,
Vaishali Chavan 685,9693937107,Chowpatty,BEST,4,carrying idol
Sunita Pawar 686,9866093196,Chowpatty,bus,,
Prakash Gaikwad 687,9109027035,Bhoiwada,Walk,8,
Meena Salvi 688,9495324758,Girgaon,Walking,5,elderly in group
Nitin Kadam 689,9449619105,Girgaon,Walk,8,carrying idol
Meena Salvi 690,,Grant Road,bus,7,
Ganesh More 691,9959337600,Bhoiwada,Bus,4,children in group
Sunita Pawar 692,9571160618,Chowpatty,Walk,4,
Ajay Bhosale 693,,Bhoiwada,On foot,1,
Sunita Pawar 694,9575117604,Chowpatty,Bus,8,
Meena Salvi 695,9473456707,Kalbadevi,Bus,5,
Vaishali Chavan 696,9406829692,Chowpatty,walk,6,
Ajay Bhosale 697,,Dadar,Bus,6,
Vaishali Chavan 698,,Dadar,Bus,2,carrying idol
Nitin Kadam 699,9955456608,Dadar,Train,7,
,9015611605,Bhoiwada,Walk,8,
Sunita Pawar 701,9354800299,Bhoiwada,Bus,,
Ganesh More 702,9716132875,Dadar,walk,,
Vaishali Chavan 703,9035301916,Parel,walk,1,elderly in group
Meena Salvi 704,9386907618,Parel,Train,4,
Nitin Kadam 705,9787322999,Parel,walk,5,carrying idol
Ajay Bhosale 706,,Girgaon,On foot,7,carrying idol
Ajay Bhosale 707,9632159103,Dadar,Train,4,
Prakash Gaikwad 708,9091330809,Parel,Walk,,
Prakash Gaikwad 709,9455260245,Byculla,Bus,6,
Vaishali Chavan 710,9526939201,Parel,N/A,2,
Ajay Bhosale 711,9580676501,Girgaon,train,,
Prakash Gaikwad 712,9802329072,Dadar,Walk,3,
Prakash Gaikwad 713,9574140338,Byculla,bus,,
Prakash Gaikwad 714,9549208246,Bhoiwada,Walk,7,
Meena Salvi 715,9024492934,Bhoiwada,On foot,8,
Meena Salvi 716,9526294065,Bhoiwada,walk,5,children in group
Ganesh More 717,9604362332,Parel,Walk,3,
Sunita Pawar 718,,Chowpatty,bus,1,
Ajay Bhosale 719,9109277279,Bhoiwada,Walk,3,
Nitin Kadam 720,9977419126,Girgaon,bus,7,
Vaishali Chavan 721,9181126881,Lalbaug,bus,3,
Ajay Bhosale 722,,Grant Road,Bus,1,
Sunita Pawar 723,,Charni Road,Train,4,
Nitin Kadam 724,9249929914,Girgaon,BEST,6,children in group
Meena Salvi 725,9362999893,Girgaon,Train,,elderly in group
Meena Salvi 726,,Kalbadevi,Local,2,
Prakash Gaikwad 727,9515123456,Charni Road,Walk,1,
Ganesh More 728,9687549537,,N/A,7,
Vaishali Chavan 729,9042488528,Kalbadevi,Walk,8,
Rekha Shinde 730,,Chowpatty,walk,6,
Ajay Bhosale 731,,Bhoiwada,Bus,5,carrying idol
Nitin Kadam 732,,Bhoiwada,Walk,1,
Ganesh More 733,9959449028,Grant Road,train,6,elderly in group
Prakash Gaikwad 734,9332921403,,train,7,
Vaishali Chavan 735,9818288588,Charni Road,Bus,6,
Rekha Shinde 736,9410855248,Girgaon,Walk,8,
Nitin Kadam 737,,Girgaon,Walk,6,
Ganesh More 738,9892310957,Lalbaug,Bus,,
Meena Salvi 739,9039369318,Bhoiwada,bus,5,
Ganesh More 740,9339222300,Girgaon,train,5,
Prakash Gaikwad 741,9220546885,Chowpatty,On foot,4,
Vaishali Chavan 742,9826804976,Byculla,walk,7,
,9444860672,Charni Road,Walk,1,
Rekha Shinde 744,9341859973,Girgaon,Train,1,elderly in group
Prakash Gaikwad 745,9450336826,Lalbaug,Bus,7,
Meena Salvi 746,,Kalbadevi,Walk,2,
,9134212351,Lalbaug,bus,6,elderly in group
Prakash Gaikwad 748,,Byculla,walk,1,
Nitin Kadam 749,9194326607,Bhoiwada,BEST,5,
Meena Salvi 750,,Lalbaug,walk,6,
Rekha Shinde 751,9239960286,Chowpatty,walk,2,
Meena Salvi 752,9992765375,Lalbaug,Walk,4,
Ganesh More 753,,Grant Road,Walk,3,
Prakash Gaikwad 754,,Bhoiwada,Train,1,
Vaishali Chavan 755,9848776898,Dadar,Walk,6,
Vaishali Chavan 756,9979580674,Girgaon,Bus,4,
Sunita Pawar 757,9607158944,Girgaon,Walk,,
Prakash Gaikwad 758,,Grant Road,Walk,8,
Prakash Gaikwad 759,9876574823,Girgaon,Walk,8,
Ganesh More 760,9135291586,Parel,walk,6,
Ganesh More 761,9089377681,Grant Road,bus,4,
,9549163516,Grant Road,Train,6,
Sunita Pawar 763,9234160787,Girgaon,walk,4,
Vaishali Chavan 764,9755689929,Dadar,Train,1,
Prakash Gaikwad 765,9723730972,Parel,Train,6,
Vaishali Chavan 766,9701668977,Byculla,walk,8,
Meena Salvi 767,9708725914,Chowpatty,Walk,7,
Meena Salvi 768,9474146626,Chowpatty,Train,3,
Ajay Bhosale 769,9645266311,Girgaon,Train,2,
Ajay Bhosale 770,9073888867,Parel,Walk,3,
Meena Salvi 771,9340075345,Bhoiwada,Walk,8,
Vaishali Chavan 772,9754684275,Bhoiwada,Walk,7,
Sunita Pawar 773,9235219004,Byculla,Walk,3,
Sunita Pawar 774,9030507988,Parel,train,2,
Rekha Shinde 775,9213430399,Kalbadevi,Walk,5,children in group
Rekha Shinde 776,9383668324,Charni Road,walk,8,children in group
Ajay Bhosale 777,9193053568,Grant Road,Bus,1,
Sunita Pawar 778,9168819804,Byculla,Walk,2,carrying idol
,9006008712,Byculla,Walk,6,
Sunita Pawar 780,9407761676,Lalbaug,bus,7,elderly in group
Ajay Bhosale 781,9228978561,Lalbaug,Train,6,
Rekha Shinde 782,9585499627,Charni Road,Local,,children in group
Sunita Pawar 783,9505834797,Charni Road,Bus,8,
Ajay Bhosale 784,9488123163,Bhoiwada,walk,4,
Ajay Bhosale 785,,Kalbadevi,Rail,7,
Ajay Bhosale 786,,Girgaon,Bus,5,
Vaishali Chavan 787,9950192831,Chowpatty,Other,1,
Sunita Pawar 788,,Grant Road,bus,,
Vaishali Chavan 789,,Dadar,Walk,7,
Vaishali Chavan 790,,Chowpatty,On foot,5,
Ajay Bhosale 791,9143657175,Parel,walk,,
Meena Salvi 792,9810642939,Chowpatty,Bus,,
Meena Salvi 793,9780864081,Bhoiwada,Local,,
Ganesh More 794,,Byculla,Walk,3,
Ajay Bhosale 795,9548184731,Grant Road,On foot,5,
Meena Salvi 796,9495153580,Dadar,bus,6,
Sunita Pawar 797,9956729521,Lalbaug,walk,5,
Vaishali Chavan 798,,Grant Road,walk,4,
Rekha Shinde 799,9211189744,Chowpatty,Walk,5,
Sunita Pawar 800,9339222162,Dadar,walk,,
Sunita Pawar 801,9133215454,Chowpatty,Bus,5,
Rekha Shinde 802,9489351464,Kalbadevi,Walk,1,
Ajay Bhosale 803,9430766102,Lalbaug,Bus,7,elderly in group
Ajay Bhosale 804,9710935342,Bhoiwada,Walk,2,
Vaishali Chavan 805,9945333814,,Bus,3,
Sunita Pawar 806,9781692945,Girgaon,Walk,8,children in group
Prakash Gaikwad 807,9967390704,Parel,Walk,5,
Ganesh More 808,9103668896,Byculla,Rail,6,
Vaishali Chavan 809,9676701397,Kalbadevi,Walk,1,
Sunita Pawar 810,,,Walk,7,
Ganesh More 811,9372808845,Parel,Walk,4,children in group
Ganesh More 812,9545831438,Kalbadevi,Rail,4,
Prakash Gaikwad 813,9839394359,Chowpatty,BEST,6,children in group
Ganesh More 814,9982447878,Bhoiwada,bus,6,
Meena Salvi 815,9823412267,Girgaon,BEST,4,
Prakash Gaikwad 816,9826256146,Kalbadevi,bus,5,
Meena Salvi 817,9455763386,Dadar,walk,4,
Sunita Pawar 818,,Chowpatty,walk,,
Ganesh More 819,9510599994,Byculla,Local,,
Nitin Kadam 820,9435052257,Chowpatty,Walk,2,
Sunita Pawar 821,9782596542,Chowpatty,Walk,,
Prakash Gaikwad 822,9403939976,Charni Road,Walk,2,
Ajay Bhosale 823,9540525092,Grant Road,Train,3,
Rekha Shinde 824,9396708132,Byculla,train,6,
Nitin Kadam 825,9377822539,,Walk,1,elderly in group
Ajay Bhosale 826,9802046985,Bhoiwada,Train,,
Ajay Bhosale 827,9961409592,Girgaon,Walk,,
Vaishali Chavan 828,,Kalbadevi,train,3,
Meena Salvi 829,9964498744,Dadar,Walk,4,
Ajay Bhosale 830,9049467792,Byculla,Train,,
Ajay Bhosale 831,9755832419,,Walk,8,
Ganesh More 832,9674820375,Lalbaug,Walk,8,
Nitin Kadam 833,9278071610,Chowpatty,Other,7,elderly in group
Rekha Shinde 834,9195379738,Kalbadevi,Train,8,
Ajay Bhosale 835,,Charni Road,Walk,2,
Vaishali Chavan 836,,Girgaon,Walk,8,carrying idol
Rekha Shinde 837,9938312052,Girgaon,Walk,4,
Rekha Shinde 838,9084164978,Bhoiwada,Bus,8,
Vaishali Chavan 839,9787986252,Girgaon,train,2,
Sunita Pawar 840,9283687780,Charni Road,Train,1,children in group
Meena Salvi 841,,,Bus,2,
Ganesh More 842,9077871352,Grant Road,Train,7,
Ganesh More 843,9116560605,Kalbadevi,walk,1,
Vaishali Chavan 844,,Chowpatty,Bus,4,carrying idol
Vaishali Chavan 845,9419122584,Charni Road,walk,6,
Rekha Shinde 846,9864222115,Bhoiwada,Walk,5,
Nitin Kadam 847,9102418061,Kalbadevi,Walk,8,carrying idol
Ajay Bhosale 848,9992376934,Grant Road,bus,3,
Sunita Pawar 849,9481899541,Lalbaug,Bus,7,
Ajay Bhosale 850,9593355885,Lalbaug,On foot,3,
Ajay Bhosale 851,,Kalbadevi,walk,,
Vaishali Chavan 852,9592913931,Kalbadevi,Train,6,
Prakash Gaikwad 853,9506177612,Bhoiwada,Walk,,
Nitin Kadam 854,9297917361,Parel,walk,1,
Ganesh More 855,9506920674,Chowpatty,Walk,1,
Meena Salvi 856,9663426612,Lalbaug,Bus,6,
Nitin Kadam 857,9465313253,Grant Road,Train,1,
Ajay Bhosale 858,9918314015,Dadar,train,5,
Ajay Bhosale 859,9735299039,Bhoiwada,train,7,
Sunita Pawar 860,9237305847,Parel,Train,2,
Sunita Pawar 861,9581684498,Parel,N/A,6,children in group
Ganesh More 862,9656511486,Girgaon,Walk,4,
Vaishali Chavan 863,9048566529,Parel,Train,7,
Rekha Shinde 864,,Girgaon,walk,1,elderly in group
Sunita Pawar 865,,Charni Road,walk,2,
Ganesh More 866,9566502409,Charni Road,Walk,2,
Meena Salvi 867,9020903771,Parel,train,4,
Meena Salvi 868,9395873005,Kalbadevi,train,7,
Prakash Gaikwad 869,9620043832,Chowpatty,Walk,5,elderly in group
Meena Salvi 870,,Bhoiwada,Train,7,
Meena Salvi 871,9872685150,Charni Road,Train,6,
Nitin Kadam 872,,Parel,Train,8,
Nitin Kadam 873,,Byculla,train,,
Ganesh More 874,,Dadar,train,1,
Vaishali Chavan 875,,Grant Road,Bus,8,
Ajay Bhosale 876,9166260743,Grant Road,On foot,2,carrying idol
Sunita Pawar 877,9768152010,Parel,Train,3,
Prakash Gaikwad 878,9159492426,Grant Road,Bus,6,children in group
Ajay Bhosale 879,9134590427,Chowpatty,Bus,7,
Ganesh More 880,9614801681,Parel,Train,2,
Ajay Bhosale 881,9659907551,Grant Road,Bus,4,
Prakash Gaikwad 882,9259750361,Kalbadevi,walk,4,children in group
Vaishali Chavan 883,9777145152,Lalbaug,Bus,3,carrying idol
Rekha Shinde 884,9993639985,Byculla,BEST,3,
Rekha Shinde 885,9968281643,Lalbaug,walk,6,
,9582970197,Girgaon,bus,8,
Ganesh More 887,9146945475,Grant Road,train,5,
Meena Salvi 888,9904344712,Dadar,Bus,4,
Ganesh More 889,9927809055,Charni Road,Train,,
Ajay Bhosale 890,9872141586,Parel,Train,1,carrying idol
Nitin Kadam 891,9027588637,Chowpatty,walk,3,elderly in group
Nitin Kadam 892,9887397255,Grant Road,walk,3,
Prakash Gaikwad 893,9501140223,Parel,Walk,7,
Ajay Bhosale 894,9313918407,Bhoiwada,Bus,6,
Sunita Pawar 895,9667239488,Kalbadevi,Walk,4,
Nitin Kadam 896,9381153960,Chowpatty,Walk,1,
Meena Salvi 897,9443036517,,walk,4,
Vaishali Chavan 898,9974069656,,Walk,5,
Vaishali Chavan 899,,Bhoiwada,Walk,4,
Ganesh More 900,9980048938,Dadar,Train,5,
Rekha Shinde 901,9021563420,Charni Road,Bus,7,elderly in group
Rekha Shinde 902,,Chowpatty,Walk,8,
Ajay Bhosale 903,9121180677,Byculla,Walk,7,
Rekha Shinde 904,9218482479,Lalbaug,Walk,4,
Ganesh More 905,9531963325,Grant Road,bus,7,
Ajay Bhosale 906,,Lalbaug,On foot,6,
Prakash Gaikwad 907,9271454318,Dadar,walk,7,
Ganesh More 908,9692346903,Parel,train,5,
Nitin Kadam 909,,Kalbadevi,On foot,7,
Ganesh More 910,9590495044,Lalbaug,BEST,1,
Ganesh More 911,9152866855,Bhoiwada,Walk,5,
Sunita Pawar 912,9446419908,Parel,Walk,,
Sunita Pawar 913,9016834518,Byculla,walk,1,
Sunita Pawar 914,,Charni Road,Walk,5,
Rekha Shinde 915,9182430417,Bhoiwada,Walk,7,children in group
Rekha Shinde 916,9157910124,Dadar,Walk,6,
Ajay Bhosale 917,,Bhoiwada,Bus,1,
Prakash Gaikwad 918,9511013654,Chowpatty,Local,7,
Prakash Gaikwad 919,9599214892,Chowpatty,On foot,4,
Prakash Gaikwad 920,9679623253,Grant Road,Train,1,
Prakash Gaikwad 921,9899360245,Dadar,Walk,3,
Ajay Bhosale 922,9531310904,Parel,Walk,8,
Ajay Bhosale 923,,Dadar,bus,4,
Vaishali Chavan 924,9392591170,Grant Road,train,3,children in group
Meena Salvi 925,9546021233,Kalbadevi,train,7,
Meena Salvi 926,,Kalbadevi,Train,3,
Sunita Pawar 927,9052322775,Girgaon,Train,2,
Ganesh More 928,9852963012,Dadar,Bus,2,
Prakash Gaikwad 929,,,Bus,1,
Prakash Gaikwad 930,9529808939,Byculla,walk,4,
,9499457064,Lalbaug,Walk,7,
Rekha Shinde 932,9100991752,Grant Road,Walk,5,
Ganesh More 933,9189894003,Grant Road,Walk,7,carrying idol
Nitin Kadam 934,9865192006,Dadar,train,6,
Meena Salvi 935,9974387867,Bhoiwada,walk,7,
Prakash Gaikwad 936,,Girgaon,Walk,4,
,9519349898,Dadar,Train,4,
Vaishali Chavan 938,9105279708,Girgaon,train,8,
Sunita Pawar 939,,Bhoiwada,bus,5,
Nitin Kadam 940,9301754496,Bhoiwada,Walk,7,
Prakash Gaikwad 941,9831328057,,walk,8,
Rekha Shinde 942,9285977298,Grant Road,Walk,2,
Prakash Gaikwad 943,9861893563,,Walk,1,
Rekha Shinde 944,9745918066,Parel,Walk,7,carrying idol
Meena Salvi 945,9571462485,Byculla,Walking,,
Sunita Pawar 946,9827440591,Chowpatty,Other,4,
Ganesh More 947,9206733686,Dadar,Train,1,elderly in group
Nitin Kadam 948,9737541540,Chowpatty,Walk,,
Sunita Pawar 949,9178666234,Girgaon,Bus,7,
Sunita Pawar 950,9776698250,Dadar,Train,7,
Meena Salvi 951,9806538271,Bhoiwada,Bus,4,
Nitin Kadam 952,9726112536,Byculla,train,1,
Vaishali Chavan 953,9293391117,Chowpatty,Train,2,
Ganesh More 954,9386301805,Chowpatty,train,,
Vaishali Chavan 955,,Grant Road,Bus,7,
Meena Salvi 956,9416317428,Dadar,Walk,,
Sunita Pawar 957,9460429818,Chowpatty,Walk,7,
Nitin Kadam 958,9443721044,Kalbadevi,Train,1,
Vaishali Chavan 959,,Chowpatty,walk,1,
Vaishali Chavan 960,9466118606,,Walk,7,
Rekha Shinde 961,9532198599,Lalbaug,Walk,,
Nitin Kadam 962,9206642668,Girgaon,Walk,2,
Rekha Shinde 963,9020111541,Girgaon,Walk,2,
Rekha Shinde 964,9347066448,Charni Road,Bus,7,
Ganesh More 965,9045159106,Byculla,Walk,4,carrying idol
Ajay Bhosale 966,9037632013,Bhoiwada,train,8,
Meena Salvi 967,9292661623,Parel,train,5,
Rekha Shinde 968,9586089354,Lalbaug,Walk,5,
Ajay Bhosale 969,9679430377,Chowpatty,walk,4,
Vaishali Chavan 970,,Bhoiwada,Walk,2,
Vaishali Chavan 971,9777311412,Grant Road,Other,1,carrying idol
Vaishali Chavan 972,,Charni Road,Train,1,carrying idol
,,Dadar,Train,6,
Ajay Bhosale 974,9883948564,Bhoiwada,Walk,8,
Meena Salvi 975,9762373194,Girgaon,train,2,
Nitin Kadam 976,9216055477,Charni Road,Train,7,
Sunita Pawar 977,,Bhoiwada,walk,2,
Vaishali Chavan 978,9583313627,Chowpatty,walk,7,
Ajay Bhosale 979,,Chowpatty,,,
Meena Salvi 980,9946177184,Byculla,BEST,2,
Prakash Gaikwad 981,9591612260,Girgaon,Rail,1,
Nitin Kadam 982,9624438558,Bhoiwada,Walk,3,
Nitin Kadam 983,9785322767,Parel,walk,7,
Prakash Gaikwad 984,9866717651,Bhoiwada,Walk,,
Vaishali Chavan 985,9366089164,Grant Road,Bus,,
Prakash Gaikwad 986,9407934443,Chowpatty,Train,4,
Sunita Pawar 987,9926693918,Kalbadevi,Train,2,
Prakash Gaikwad 988,9368606893,Dadar,Walk,1,
Prakash Gaikwad 989,,Charni Road,bus,7,children in group
Vaishali Chavan 990,9432455884,Dadar,Bus,2,
Ajay Bhosale 991,9418319452,Girgaon,Train,6,
Sunita Pawar 992,9043190874,Charni Road,Train,,
Ganesh More 993,,Charni Road,Train,8,
Prakash Gaikwad 994,9466454200,Charni Road,Train,1,children in group
Ganesh More 995,9620849541,Lalbaug,Walk,3,
Meena Salvi 996,9704639238,,bus,,
,9467947408,Girgaon,Bus,3,
Prakash Gaikwad 998,9835536689,Bhoiwada,Bus,6,
Meena Salvi 999,9747447038,Parel,Other,6,children in group
Vaishali Chavan 1000,9385946366,Kalbadevi,Bus,4,elderly in group
Rekha Shinde 1001,9914569774,Parel,Train,8,
Meena Salvi 1002,,Bhoiwada,Walk,5,
Ajay Bhosale 1003,9089814751,Dadar,Walk,2,
Prakash Gaikwad 1004,9494108585,Girgaon,walk,6,
Sunita Pawar 1005,9169389439,Parel,walk,4,
Rekha Shinde 1006,9466775459,Girgaon,Walk,6,
Meena Salvi 1007,,Charni Road,Walk,6,
Prakash Gaikwad 1008,9568555572,Girgaon,Train,8,
Prakash Gaikwad 1009,9876709379,Bhoiwada,Walk,7,
Rekha Shinde 1010,,Grant Road,Walk,6,
Ganesh More 1011,9613274332,Lalbaug,Walk,2,
Nitin Kadam 1012,9850782397,Lalbaug,Train,4,carrying idol
Sunita Pawar 1013,,Dadar,walk,2,elderly in group
,9421649674,Girgaon,Bus,2,
Ajay Bhosale 1015,9852122344,,BEST,6,
Sunita Pawar 1016,9171071029,Charni Road,Walk,5,
Nitin Kadam 1017,,Grant Road,Walk,4,
Nitin Kadam 1018,9807560852,Lalbaug,Walk,3,
Nitin Kadam 1019,9370124349,Lalbaug,walk,6,
Sunita Pawar 1020,9714190522,,Walk,3,
Ajay Bhosale 1021,9329037956,Parel,Train,,children in group
Rekha Shinde 1022,9146661138,Kalbadevi,Bus,,elderly in group
Sunita Pawar 1023,9909149720,Lalbaug,Walk,3,
Meena Salvi 1024,9624307943,Lalbaug,bus,4,
Prakash Gaikwad 1025,9217221586,Kalbadevi,Walk,6,
Vaishali Chavan 1026,,Parel,Bus,,
Ganesh More 1027,,Bhoiwada,N/A,7,elderly in group
Meena Salvi 1028,9311252292,Parel,Train,1,
Ganesh More 1029,9435657152,Parel,On foot,2,
Rekha Shinde 1030,9914709364,Byculla,Bus,7,
Prakash Gaikwad 1031,9927425774,Lalbaug,Walk,8,
Nitin Kadam 1032,9938700807,Lalbaug,walk,8,
Rekha Shinde 1033,9316916835,Parel,Train,8,elderly in group
Nitin Kadam 1034,9290861445,Dadar,Walk,1,
Nitin Kadam 1035,9126407426,Charni Road,Train,7,
Prakash Gaikwad 1036,9474690162,Parel,Walk,,
Ganesh More 1037,9209552798,Kalbadevi,walk,7,
Ajay Bhosale 1038,9748518885,Charni Road,Walk,4,
Meena Salvi 1039,9896135913,Dadar,bus,4,
Nitin Kadam 1040,9060107985,Girgaon,train,2,
Sunita Pawar 1041,,Bhoiwada,Walk,4,children in group
Prakash Gaikwad 1042,,Girgaon,Walk,4,
Ganesh More 1043,9122897128,Dadar,bus,7,elderly in group
Nitin Kadam 1044,9202509381,Byculla,Walk,2,
Ganesh More 1045,9394949031,Kalbadevi,walk,2,
Ganesh More 1046,9697830619,Dadar,Local,8,
Rekha Shinde 1047,,Girgaon,walk,3,
Sunita Pawar 1048,9157679740,Charni Road,Walk,5,
Rekha Shinde 1049,9686863974,Bhoiwada,train,3,elderly in group
Ganesh More 1050,,Charni Road,walk,2,
Ajay Bhosale 1051,9504454322,Girgaon,Train,2,
Sunita Pawar 1052,,Kalbadevi,Train,5,
Ganesh More 1053,9359047814,Chowpatty,bus,2,carrying idol
Prakash Gaikwad 1054,9767924969,Byculla,bus,3,
Ganesh More 1055,9319211395,Byculla,Walk,6,
Sunita Pawar 1056,9941505785,Byculla,Walk,6,elderly in group
Ajay Bhosale 1057,9746251380,Charni Road,train,2,
Rekha Shinde 1058,9320400614,Parel,Bus,6,elderly in group
,9103581746,,Walk,4,children in group
Vaishali Chavan 1060,9660471991,Lalbaug,train,,
Meena Salvi 1061,9962205343,Lalbaug,Rail,5,
Rekha Shinde 1062,9507736889,Dadar,Walk,7,
Nitin Kadam 1063,9669738013,Bhoiwada,walk,8,
Sunita Pawar 1064,9750153167,,Walking,1,
,9701098422,Byculla,Bus,7,
Rekha Shinde 1066,9325029257,Bhoiwada,Bus,8,
Sunita Pawar 1067,9244672403,Grant Road,Walk,5,
Meena Salvi 1068,9122215338,Kalbadevi,Rail,5,
,9620121139,,Walk,4,
Rekha Shinde 1070,,Parel,Bus,2,
Rekha Shinde 1071,,Grant Road,Bus,,
Meena Salvi 1072,9931084059,Charni Road,Walk,2,
Rekha Shinde 1073,,Girgaon,train,3,children in group
Nitin Kadam 1074,9955177144,Parel,walk,1,carrying idol
Vaishali Chavan 1075,,Parel,,6,
Prakash Gaikwad 1076,9232187196,Parel,Walk,7,
Nitin Kadam 1077,9892754027,Kalbadevi,Walk,,
Ganesh More 1078,9062681520,Girgaon,walk,5,
Rekha Shinde 1079,9963628910,Bhoiwada,Walk,3,
Rekha Shinde 1080,9279014312,Kalbadevi,BEST,7,
Vaishali Chavan 1081,9263192416,Dadar,bus,2,
Prakash Gaikwad 1082,9791700252,Chowpatty,bus,2,elderly in group
Nitin Kadam 1083,9031549148,Lalbaug,Walk,6,
Prakash Gaikwad 1084,,Bhoiwada,Walk,8,
,9356891015,Girgaon,walk,8,
Prakash Gaikwad 1086,9293711357,Girgaon,On foot,,
Sunita Pawar 1087,,Byculla,Bus,8,
Meena Salvi 1088,9315018943,Girgaon,Walk,8,elderly in group
Meena Salvi 1089,9758524946,Girgaon,walk,6,
Sunita Pawar 1090,9391318292,Grant Road,walk,5,
Meena Salvi 1091,,Parel,walk,6,elderly in group
Sunita Pawar 1092,9900938543,Grant Road,Bus,8,
Meena Salvi 1093,9697755318,Bhoiwada,Train,6,
Ganesh More 1094,9309884398,Chowpatty,bus,4,
Nitin Kadam 1095,,Kalbadevi,bus,8,
Sunita Pawar 1096,9223689462,Kalbadevi,Walk,6,
Nitin Kadam 1097,9558866768,Lalbaug,Bus,,elderly in group
Meena Salvi 1098,,Dadar,Bus,,
Nitin Kadam 1099,9063252819,Girgaon,Walk,,elderly in group
Vaishali Chavan 1100,9341588567,Dadar,Bus,7,
,9552324366,Kalbadevi,Train,1,children in group
Rekha Shinde 1102,9953375424,Byculla,Walk,6,
Meena Salvi 1103,9490261654,Byculla,,5,
Sunita Pawar 1104,9591344850,Byculla,N/A,2,
Vaishali Chavan 1105,,Girgaon,Train,,
Sunita Pawar 1106,9960576774,Dadar,Bus,7,elderly in group
Nitin Kadam 1107,9827616496,Byculla,walk,,
Ganesh More 1108,9478356190,Grant Road,Walk,1,children in group
Ganesh More 1109,,Kalbadevi,bus,7,
Vaishali Chavan 1110,9448561964,Chowpatty,Walk,1,
Nitin Kadam 1111,9264395609,Bhoiwada,Walk,2,
Rekha Shinde 1112,9411035281,Parel,walk,1,
Rekha Shinde 1113,,Bhoiwada,Walk,4,
Vaishali Chavan 1114,9566567122,Dadar,Bus,5,
Ganesh More 1115,9874917828,Byculla,train,8,
Meena Salvi 1116,9122153159,Dadar,Walk,2,
Rekha Shinde 1117,9936555368,Chowpatty,Bus,7,
Nitin Kadam 1118,9560638098,,walk,7,
Ajay Bhosale 1119,,Charni Road,Walk,4,
Rekha Shinde 1120,,Parel,bus,,
Ajay Bhosale 1121,9914057753,Charni Road,Train,3,
Meena Salvi 1122,9791846586,Charni Road,Train,5,
Rekha Shinde 1123,,Parel,train,4,
Sunita Pawar 1124,,Charni Road,Bus,1,
Rekha Shinde 1125,9566433928,Girgaon,Walk,6,children in group
Meena Salvi 1126,9937293319,Grant Road,Train,3,
Prakash Gaikwad 1127,9281538869,Kalbadevi,train,7,
Sunita Pawar 1128,9173871752,Grant Road,Local,1,
Prakash Gaikwad 1129,9020062754,Parel,walk,1,
,9538957637,Parel,Walking,1,
Ganesh More 1131,9705712210,Charni Road,Walk,4,
Rekha Shinde 1132,9611794513,Kalbadevi,train,8,elderly in group
Sunita Pawar 1133,9930682400,Lalbaug,Walk,1,elderly in group
Nitin Kadam 1134,9236428427,Kalbadevi,Bus,4,
Rekha Shinde 1135,9368943799,Charni Road,bus,3,
Rekha Shinde 1136,9635722961,,train,7,
Ajay Bhosale 1137,9003514685,Girgaon,Walk,,carrying idol
Meena Salvi 1138,9745960062,Lalbaug,Train,2,
Vaishali Chavan 1139,9442891545,Byculla,Bus,3,
Ganesh More 1140,9757801386,Bhoiwada,,6,
Ajay Bhosale 1141,9823180474,Lalbaug,train,5,
Nitin Kadam 1142,9028454225,Grant Road,Train,4,children in group
Rekha Shinde 1143,9635162672,Byculla,Bus,1,carrying idol
Meena Salvi 1144,9099979015,Girgaon,Train,7,
Meena Salvi 1145,9020633658,Charni Road,Walking,2,
Sunita Pawar 1146,9693727566,Parel,Walk,7,
Sunita Pawar 1147,9587301287,Byculla,On foot,7,
Vaishali Chavan 1148,9173944615,Kalbadevi,Walk,4,
Sunita Pawar 1149,9304503108,Byculla,walk,7,
Sunita Pawar 1150,9910301247,Grant Road,walk,1,
Rekha Shinde 1151,9562735221,Parel,,2,
Vaishali Chavan 1152,9262684496,Bhoiwada,Bus,1,children in group
Nitin Kadam 1153,,Dadar,Walk,8,
Rekha Shinde 1154,,Parel,Rail,6,
Prakash Gaikwad 1155,9931810576,Byculla,bus,7,
Ajay Bhosale 1156,,Kalbadevi,Train,3,
Nitin Kadam 1157,9674221271,,Walk,8,
Nitin Kadam 1158,9103249858,Girgaon,Walk,3,
Prakash Gaikwad 1159,9781993391,Lalbaug,Walk,3,carrying idol
,9546839611,Lalbaug,Walk,3,elderly in group
Meena Salvi 1161,9661577588,Parel,Bus,3,
Nitin Kadam 1162,9423415206,Grant Road,walk,4,
Vaishali Chavan 1163,9342355661,Dadar,Train,3,
Rekha Shinde 1164,9904452057,Dadar,Train,,children in group
Ajay Bhosale 1165,9425594614,Girgaon,Bus,2,
Rekha Shinde 1166,9589335366,Chowpatty,Bus,8,
Prakash Gaikwad 1167,,Byculla,BEST,6,
Ajay Bhosale 1168,9372961251,Chowpatty,Train,8,
Rekha Shinde 1169,9599870040,Girgaon,Bus,8,elderly in group
Rekha Shinde 1170,9726128180,Girgaon,Walk,6,children in group
Ganesh More 1171,9819560714,Dadar,Bus,5,carrying idol
Rekha Shinde 1172,9533414592,Charni Road,Walk,2,children in group
Sunita Pawar 1173,9408990237,Dadar,bus,4,
Meena Salvi 1174,9190418470,Girgaon,walk,2,
Sunita Pawar 1175,9108526860,Dadar,walk,,
Ajay Bhosale 1176,9814571003,Chowpatty,bus,7,
Rekha Shinde 1177,9902271173,Byculla,Train,7,
Rekha Shinde 1178,9576894789,Chowpatty,Train,1,
Meena Salvi 1179,9637232991,Lalbaug,Train,6,
Ajay Bhosale 1180,9268875608,Lalbaug,Bus,2,
Meena Salvi 1181,9462086043,Kalbadevi,walk,4,
Meena Salvi 1182,9300859275,Byculla,bus,1,
Ajay Bhosale 1183,9139033606,Lalbaug,bus,4,
Meena Salvi 1184,9845354522,Girgaon,Bus,7,carrying idol
Ganesh More 1185,9032166668,,Bus,4,
Ajay Bhosale 1186,9236322443,Parel,Train,8,
Rekha Shinde 1187,9409632902,Charni Road,Walk,2,
Meena Salvi 1188,9707534248,Grant Road,walk,1,
,,Byculla,Train,2,
Ajay Bhosale 1190,,Parel,Walk,2,
Nitin Kadam 1191,9972229548,Byculla,Walk,3,
Ajay Bhosale 1192,,Dadar,Local,3,
Meena Salvi 1193,9281465526,Lalbaug,bus,3,
Ganesh More 1194,,Girgaon,Train,7,
Ganesh More 1195,9849268233,Kalbadevi,walk,7,
Prakash Gaikwad 1196,9811874913,Byculla,Train,,
Vaishali Chavan 1197,9113787664,Parel,Local,4,
,9344246473,Charni Road,bus,1,
Nitin Kadam 1199,9268670955,Girgaon,Train,7,
Ganesh More 1200,9342910099,Kalbadevi,BEST,,
Sunita Pawar 1201,9059603886,Byculla,Train,5,
Ganesh More 1202,9552742082,Girgaon,Train,5,elderly in group
Ganesh More 1203,,Parel,train,7,
Rekha Shinde 1204,9957264190,Kalbadevi,Train,2,
Nitin Kadam 1205,9570043031,Byculla,walk,4,
Prakash Gaikwad 1206,9699902302,Grant Road,bus,8,
Sunita Pawar 1207,9065758145,Lalbaug,Train,7,
Nitin Kadam 1208,9103804327,Kalbadevi,Walk,5,
Ajay Bhosale 1209,9513016198,Chowpatty,On foot,6,
Ajay Bhosale 1210,,Bhoiwada,Bus,8,
Prakash Gaikwad 1211,9265336191,Dadar,Train,4,children in group
Meena Salvi 1212,9149832610,Parel,Walk,2,
Rekha Shinde 1213,9826189155,Grant Road,Bus,2,
Ajay Bhosale 1214,9696085942,Byculla,Walk,4,
Nitin Kadam 1215,9233347806,Kalbadevi,Walk,2,
Sunita Pawar 1216,9801321157,Dadar,Train,6,
Nitin Kadam 1217,9321391975,Parel,Bus,,
Ganesh More 1218,9473845459,Kalbadevi,Bus,1,
Nitin Kadam 1219,9697102544,Byculla,walk,6,
Ganesh More 1220,9786196125,,Walk,3,elderly in group
Vaishali Chavan 1221,,Dadar,Walk,1,carrying idol
Prakash Gaikwad 1222,9493624779,Lalbaug,Walk,6,
Ajay Bhosale 1223,9280468937,Parel,Rail,1,elderly in group
Nitin Kadam 1224,,Charni Road,Walk,,carrying idol
Prakash Gaikwad 1225,,Lalbaug,Bus,6,
Ajay Bhosale 1226,9424862603,Dadar,Bus,,carrying idol
Prakash Gaikwad 1227,9813721368,Dadar,Walk,6,
Ganesh More 1228,9109791205,Charni Road,bus,8,
Prakash Gaikwad 1229,9634669827,Byculla,Walk,,
Meena Salvi 1230,,Grant Road,Bus,7,
Meena Salvi 1231,9539009463,Bhoiwada,Bus,,carrying idol
Nitin Kadam 1232,9413737373,Dadar,Bus,4,
Ajay Bhosale 1233,,,Walk,7,
Ganesh More 1234,9997867736,Girgaon,Walk,7,
Rekha Shinde 1235,,Charni Road,Walk,2,
Prakash Gaikwad 1236,9542328470,Parel,Train,8,
Vaishali Chavan 1237,9530248443,Lalbaug,Walk,4,children in group
Meena Salvi 1238,9481979161,Parel,Train,2,
Sunita Pawar 1239,9019814824,Grant Road,walk,,
Sunita Pawar 1240,9763704510,Girgaon,Bus,6,
Rekha Shinde 1241,9606323598,Grant Road,Walk,,
Sunita Pawar 1242,9582251606,,Walk,8,
Ganesh More 1243,9933370371,Lalbaug,walk,8,
Sunita Pawar 1244,9028063523,,Train,8,
Rekha Shinde 1245,,Lalbaug,Walk,,
Prakash Gaikwad 1246,9999560477,Bhoiwada,Walk,8,children in group
Ajay Bhosale 1247,9225032426,Charni Road,Train,7,
Rekha Shinde 1248,,Parel,bus,2,
Ganesh More 1249,,Dadar,walk,4,elderly in group
Vaishali Chavan 1250,,Lalbaug,Walk,5,
Vaishali Chavan 1251,9545436932,Lalbaug,Train,8,
Prakash Gaikwad 1252,9573904239,Grant Road,Walk,6,
Vaishali Chavan 1253,9304539760,Grant Road,Bus,,
Ajay Bhosale 1254,9223100311,Kalbadevi,train,,
Rekha Shinde 1255,9575341367,Byculla,Walk,5,
Ganesh More 1256,9823379297,Parel,Bus,4,
Prakash Gaikwad 1257,9428984405,Charni Road,Walk,2,
Nitin Kadam 1258,9209508908,Bhoiwada,Walk,1,
Prakash Gaikwad 1259,9345638224,Bhoiwada,Train,6,
Rekha Shinde 1260,9394126847,Parel,Bus,7,
Nitin Kadam 1261,9510468241,,Walk,6,
Rekha Shinde 1262,,Parel,Bus,2,
Meena Salvi 1263,9817422870,Byculla,walk,2,
Ajay Bhosale 1264,9455510597,Kalbadevi,Walk,2,
Nitin Kadam 1265,9336451296,Kalbadevi,Walking,6,
Prakash Gaikwad 1266,9768107549,Dadar,On foot,6,
Ganesh More 1267,9068573244,Byculla,Bus,4,
Prakash Gaikwad 1268,9903831830,,Walk,2,
Ajay Bhosale 1269,9225988669,Grant Road,walk,7,
Vaishali Chavan 1270,,Grant Road,Walk,8,
,9360554492,Bhoiwada,Train,3,
Ganesh More 1272,9415124891,Girgaon,Walk,7,
Sunita Pawar 1273,9618508751,Lalbaug,Train,5,
Meena Salvi 1274,9775650538,Dadar,walk,7,
Ganesh More 1275,9078633658,Dadar,Train,8,
Ganesh More 1276,,Dadar,train,7,
Meena Salvi 1277,9814787298,Bhoiwada,N/A,8,carrying idol
Ganesh More 1278,9819207074,Byculla,On foot,2,carrying idol
Prakash Gaikwad 1279,9714087856,,train,5,
Prakash Gaikwad 1280,9623681397,Chowpatty,Train,7,
Sunita Pawar 1281,,Kalbadevi,Train,5,
Meena Salvi 1282,9814187505,Lalbaug,Bus,4,
Prakash Gaikwad 1283,9802059647,Charni Road,walk,3,carrying idol
Rekha Shinde 1284,9919991992,,On foot,6,
Rekha Shinde 1285,9562406031,Byculla,Walk,4,
,,Chowpatty,Train,1,carrying idol
Ajay Bhosale 1287,9060933069,Chowpatty,Train,5,
Ganesh More 1288,9327926880,Charni Road,Walk,3,
Sunita Pawar 1289,9297065604,Dadar,Walk,8,
Nitin Kadam 1290,9678238783,,Rail,,
Rekha Shinde 1291,9923519052,Parel,Bus,1,
Rekha Shinde 1292,9945810165,Girgaon,Walk,5,elderly in group
Rekha Shinde 1293,9405982946,Lalbaug,On foot,2,elderly in group
Rekha Shinde 1294,9102350714,Girgaon,walk,5,
Vaishali Chavan 1295,9103012240,Lalbaug,Walk,2,
Meena Salvi 1296,9651371067,Girgaon,Train,2,
Nitin Kadam 1297,9991305325,Charni Road,Bus,2,
Sunita Pawar 1298,9532706236,Bhoiwada,walk,,
Ajay Bhosale 1299,9467231086,Girgaon,bus,8,
Prakash Gaikwad 1300,9401883210,Parel,Walk,,elderly in group
Meena Salvi 1301,9418000264,Girgaon,Walk,2,
Nitin Kadam 1302,9146132424,Chowpatty,Walk,5,
Rekha Shinde 1303,9403925026,Girgaon,bus,2,
Ajay Bhosale 1304,9241538886,Parel,Bus,3,
Rekha Shinde 1305,9598897326,Bhoiwada,walk,1,elderly in group
Ganesh More 1306,9442258207,Girgaon,train,3,
Ajay Bhosale 1307,9048912352,Byculla,Train,3,
Ajay Bhosale 1308,9137996300,Grant Road,Train,1,
Ajay Bhosale 1309,9051404801,Kalbadevi,bus,6,
Prakash Gaikwad 1310,9956150372,,bus,5,elderly in group
Rekha Shinde 1311,9160914714,Charni Road,walk,6,
Vaishali Chavan 1312,9148177997,Chowpatty,Train,2,
Nitin Kadam 1313,,Bhoiwada,Train,7,
Nitin Kadam 1314,9951641469,Lalbaug,Walk,4,
Prakash Gaikwad 1315,9280564258,Lalbaug,Train,7,
Prakash Gaikwad 1316,9584250676,Grant Road,Walk,2,
Ganesh More 1317,,Parel,Walk,7,
Ganesh More 1318,,Chowpatty,Walk,2,
Sunita Pawar 1319,,Grant Road,Walk,4,
Nitin Kadam 1320,9389748084,Dadar,Bus,6,
Sunita Pawar 1321,9482094688,Parel,Bus,6,
Prakash Gaikwad 1322,9922604401,Grant Road,Walk,5,
Ajay Bhosale 1323,9810410172,Kalbadevi,On foot,6,
Ganesh More 1324,9179331088,Charni Road,Walk,7,
Ajay Bhosale 1325,9160585771,Lalbaug,Walk,4,
Meena Salvi 1326,,Lalbaug,Train,8,carrying idol
Ajay Bhosale 1327,9390046624,Dadar,Walk,4,elderly in group
Sunita Pawar 1328,9162679997,Charni Road,Bus,2,
Meena Salvi 1329,9488124094,Bhoiwada,Walk,8,
Rekha Shinde 1330,9720105459,,Train,7,
Prakash Gaikwad 1331,9092334524,Charni Road,Train,1,
Meena Salvi 1332,9264125652,Kalbadevi,walk,4,
Rekha Shinde 1333,,,Bus,6,
Prakash Gaikwad 1334,,Lalbaug,train,4,
Vaishali Chavan 1335,9992787345,Kalbadevi,Bus,2,
Nitin Kadam 1336,9050554517,Bhoiwada,Walk,1,
Vaishali Chavan 1337,9892670434,Parel,Walk,4,
,9865900893,Grant Road,Walk,2,elderly in group
Meena Salvi 1339,,Parel,train,4,
Prakash Gaikwad 1340,9104950888,,Walk,1,
Meena Salvi 1341,9442884901,Byculla,Train,3,carrying idol
Vaishali Chavan 1342,9666711469,Kalbadevi,Local,8,children in group
Meena Salvi 1343,9059839228,Grant Road,bus,7,
Meena Salvi 1344,9342645238,Kalbadevi,Train,3,
Rekha Shinde 1345,9861636716,Bhoiwada,Walk,6,children in group
Rekha Shinde 1346,9132312056,Kalbadevi,Walk,4,
Ganesh More 1347,9148543834,Chowpatty,Walk,5,
Rekha Shinde 1348,,Lalbaug,Bus,7,
,9909799951,Bhoiwada,On foot,4,
Ganesh More 1350,9543142304,Bhoiwada,Walk,8,elderly in group
Ajay Bhosale 1351,9405979663,Charni Road,train,6,
Nitin Kadam 1352,9101373752,Kalbadevi,walk,5,
Rekha Shinde 1353,9705694169,Charni Road,walk,1,
Sunita Pawar 1354,,Parel,Walk,6,
Vaishali Chavan 1355,9026738012,Dadar,Walk,4,
Prakash Gaikwad 1356,9284342914,Dadar,Walk,6,
Vaishali Chavan 1357,,Charni Road,Bus,2,children in group
Nitin Kadam 1358,9969263278,Lalbaug,Walk,2,elderly in group
Sunita Pawar 1359,9638597775,Kalbadevi,train,6,
Rekha Shinde 1360,,Grant Road,Train,4,carrying idol
Meena Salvi 1361,9967128780,Bhoiwada,Walk,2,
Prakash Gaikwad 1362,9948976425,Parel,,1,elderly in group
Nitin Kadam 1363,9894938483,Girgaon,Train,6,
Vaishali Chavan 1364,9771973651,Kalbadevi,Walk,2,
Vaishali Chavan 1365,9710232214,Parel,Walk,8,
Nitin Kadam 1366,,Girgaon,walk,7,
Sunita Pawar 1367,9972870646,Lalbaug,Train,7,
Ganesh More 1368,9710189995,Lalbaug,Walk,6,
Prakash Gaikwad 1369,9787863819,Bhoiwada,On foot,5,
Vaishali Chavan 1370,9033863533,Chowpatty,train,1,
Rekha Shinde 1371,9506373789,Dadar,Train,3,
Ajay Bhosale 1372,9465398639,Parel,walk,6,children in group
Sunita Pawar 1373,9253461798,Kalbadevi,walk,,
Sunita Pawar 1374,9032866075,Chowpatty,Walk,3,
Nitin Kadam 1375,9134317143,Bhoiwada,Walk,7,
Meena Salvi 1376,9012235739,Byculla,Walk,7,
Vaishali Chavan 1377,,Chowpatty,Train,7,
Ajay Bhosale 1378,9171795786,Kalbadevi,bus,3,
Ganesh More 1379,9743452737,Kalbadevi,Walk,6,
Vaishali Chavan 1380,,Charni Road,Walk,8,
Meena Salvi 1381,9975114300,Chowpatty,train,5,
Ajay Bhosale 1382,,Bhoiwada,Walk,8,
Nitin Kadam 1383,,Chowpatty,walk,5,
Meena Salvi 1384,,Charni Road,walk,,
Meena Salvi 1385,,Lalbaug,Walk,1,
Meena Salvi 1386,9130349148,Girgaon,walk,2,
Meena Salvi 1387,9168909973,Charni Road,Walk,2,
Vaishali Chavan 1388,9367952966,Kalbadevi,Bus,2,
Vaishali Chavan 1389,9020824309,Lalbaug,On foot,2,carrying idol
Vaishali Chavan 1390,9000912558,Charni Road,Walk,6,
Sunita Pawar 1391,9848842326,Charni Road,On foot,5,
Sunita Pawar 1392,9379241862,,Walk,5,
Vaishali Chavan 1393,9162739558,Byculla,Train,8,
,9309053047,Lalbaug,Bus,,
Meena Salvi 1395,9351372413,Grant Road,Walking,6,
Sunita Pawar 1396,,Girgaon,Bus,5,
Rekha Shinde 1397,9721304621,Parel,Walk,8,
Nitin Kadam 1398,9060366920,Bhoiwada,Bus,8,
Prakash Gaikwad 1399,9055931431,Lalbaug,Walking,,
Nitin Kadam 1400,9273453545,Lalbaug,Walk,5,
Sunita Pawar 1401,9237268493,Parel,Walk,6,
Rekha Shinde 1402,9704940825,Dadar,Walk,5,
Ganesh More 1403,9809996273,Parel,walk,4,
Ajay Bhosale 1404,9154063426,Dadar,bus,6,
Vaishali Chavan 1405,,Dadar,On foot,7,
Vaishali Chavan 1406,9752720039,Byculla,Train,2,
Meena Salvi 1407,9401593890,Byculla,Train,1,elderly in group
Vaishali Chavan 1408,9540464465,Parel,train,4,carrying idol
Ajay Bhosale 1409,9352790617,Bhoiwada,Walk,2,elderly in group
Sunita Pawar 1410,9220365393,Grant Road,train,3,
Vaishali Chavan 1411,9466572814,Parel,walk,4,
Ajay Bhosale 1412,9330803035,Dadar,Bus,6,
Sunita Pawar 1413,9987898318,Charni Road,walk,,
Prakash Gaikwad 1414,9866747061,Chowpatty,Bus,5,carrying idol
Ajay Bhosale 1415,,,Bus,,
Meena Salvi 1416,9379487157,Kalbadevi,Train,7,
Nitin Kadam 1417,9861118334,Chowpatty,,7,
Rekha Shinde 1418,,Lalbaug,Bus,6,
Rekha Shinde 1419,9598887928,Grant Road,Bus,1,carrying idol
Nitin Kadam 1420,9500536836,Grant Road,bus,3,
Meena Salvi 1421,,Girgaon,walk,6,
Rekha Shinde 1422,9159908074,,Train,2,
Rekha Shinde 1423,9058665399,Parel,Train,1,elderly in group
Rekha Shinde 1424,9045641622,Kalbadevi,Train,6,
Rekha Shinde 1425,9257501512,Dadar,Train,6,
Meena Salvi 1426,9165879303,Dadar,train,6,
Rekha Shinde 1427,9485547340,Grant Road,Bus,1,
Sunita Pawar 1428,,Girgaon,Walking,,
Nitin Kadam 1429,9288686889,,Train,5,
Rekha Shinde 1430,9023623217,Chowpatty,Bus,4,
Prakash Gaikwad 1431,9111721006,Parel,bus,8,children in group
Meena Salvi 1432,9418477208,Bhoiwada,Walk,1,
Rekha Shinde 1433,9337221519,Byculla,Walk,1,
Nitin Kadam 1434,9380288229,Parel,Bus,1,
Rekha Shinde 1435,9906780475,Girgaon,Walk,7,
Sunita Pawar 1436,9522991855,Bhoiwada,Walk,4,elderly in group
Sunita Pawar 1437,9169084755,Charni Road,Walk,6,
Rekha Shinde 1438,9605525035,Chowpatty,Bus,3,elderly in group
Prakash Gaikwad 1439,9395239424,Parel,On foot,5,
Meena Salvi 1440,9511659106,Dadar,Bus,5,
Nitin Kadam 1441,,Byculla,bus,8,
Ganesh More 1442,,Grant Road,,8,
Vaishali Chavan 1443,9886162801,Charni Road,walk,2,
Ganesh More 1444,9537984522,Lalbaug,train,8,
Nitin Kadam 1445,9943809347,Parel,train,5,
Ganesh More 1446,9101070203,Bhoiwada,train,8,elderly in group
Ajay Bhosale 1447,9784522353,Parel,BEST,3,
Vaishali Chavan 1448,9267174971,Kalbadevi,Train,3,
Rekha Shinde 1449,9319588457,Charni Road,Walk,4,
Vaishali Chavan 1450,9119257071,Parel,Bus,6,carrying idol
Prakash Gaikwad 1451,9266235157,,Walk,5,
Ajay Bhosale 1452,9256864203,Parel,BEST,2,
Sunita Pawar 1453,9877584882,,Walk,4,
Ajay Bhosale 1454,,Charni Road,Train,2,
Nitin Kadam 1455,9017527858,Charni Road,walk,1,
Meena Salvi 1456,9906796909,Parel,walk,4,
Rekha Shinde 1457,9862524614,Parel,walk,2,
Rekha Shinde 1458,9498340983,Chowpatty,Walk,3,
Nitin Kadam 1459,9499169327,Grant Road,,7,
Sunita Pawar 1460,9039093844,Kalbadevi,Walk,4,
Rekha Shinde 1461,9645000643,Chowpatty,Walk,1,
Ganesh More 1462,,Parel,walk,1,
Ajay Bhosale 1463,9991980578,Lalbaug,Walk,8,
Prakash Gaikwad 1464,,Lalbaug,Local,2,
Prakash Gaikwad 1465,9540634698,Chowpatty,Train,4,
Sunita Pawar 1466,9287922593,Girgaon,Train,8,
Rekha Shinde 1467,9332725760,Bhoiwada,Rail,2,
Sunita Pawar 1468,9359368894,Lalbaug,bus,8,
,9551249835,Grant Road,Walk,2,
Vaishali Chavan 1470,,Grant Road,Walk,2,
Sunita Pawar 1471,9746562294,,train,6,
Meena Salvi 1472,,Lalbaug,Walk,5,
Rekha Shinde 1473,,Byculla,Walk,7,
Meena Salvi 1474,9775598425,,Walk,8,
Meena Salvi 1475,9536052118,Byculla,bus,7,
Sunita Pawar 1476,,Bhoiwada,Train,3,
Ganesh More 1477,,Girgaon,Bus,1,
Rekha Shinde 1478,9512545745,Girgaon,bus,3,
Sunita Pawar 1479,9132490042,,bus,8,
Meena Salvi 1480,,Bhoiwada,train,3,elderly in group
Rekha Shinde 1481,9342330772,,train,1,
Prakash Gaikwad 1482,,Girgaon,bus,2,
Prakash Gaikwad 1483,,Chowpatty,Walk,4,children in group
Prakash Gaikwad 1484,9837147296,Charni Road,Rail,2,
Vaishali Chavan 1485,,Chowpatty,Bus,7,
Rekha Shinde 1486,,Girgaon,Walk,6,
Ganesh More 1487,9723827914,Chowpatty,walk,8,
Vaishali Chavan 1488,9915987484,Charni Road,N/A,2,
Ajay Bhosale 1489,9481974320,Charni Road,Bus,3,carrying idol
Rekha Shinde 1490,9783128036,Bhoiwada,train,1,
Prakash Gaikwad 1491,9455255865,Bhoiwada,Walk,6,children in group
Nitin Kadam 1492,9550410925,Bhoiwada,train,2,
Prakash Gaikwad 1493,9753304584,Grant Road,Walk,6,
Ganesh More 1494,9787458421,Lalbaug,BEST,4,
Rekha Shinde 1495,9905310634,Byculla,Walk,,
Nitin Kadam 1496,9843522583,Byculla,walk,7,
Prakash Gaikwad 1497,9398301271,Chowpatty,Bus,7,
Vaishali Chavan 1498,9983856810,Byculla,On foot,4,
Nitin Kadam 1499,9982709617,Lalbaug,Bus,5,carrying idol
Prakash Gaikwad 1500,9082719779,Grant Road,Walk,2,
Vaishali Chavan 1501,,Kalbadevi,walk,3,
,9448018154,Bhoiwada,train,4,elderly in group
Meena Salvi 1503,9652751761,Byculla,N/A,4,children in group
Sunita Pawar 1504,,Charni Road,Walk,4,elderly in group
Ganesh More 1505,9341548456,Chowpatty,walk,6,
Meena Salvi 1506,,Parel,train,6,
Meena Salvi 1507,9445074704,Parel,Train,1,
Nitin Kadam 1508,9787630171,Lalbaug,bus,3,
Prakash Gaikwad 1509,9276829971,Grant Road,On foot,2,
Meena Salvi 1510,9914922346,Charni Road,Train,3,
Vaishali Chavan 1511,,Girgaon,Train,6,
Nitin Kadam 1512,9403901762,Grant Road,Train,8,
Ajay Bhosale 1513,9513910227,Byculla,Train,6,
Sunita Pawar 1514,9530369748,Chowpatty,Rail,5,
Nitin Kadam 1515,,Grant Road,walk,2,
Rekha Shinde 1516,9084465851,Girgaon,Train,2,children in group
Ajay Bhosale 1517,9703341809,Charni Road,Bus,8,
Ganesh More 1518,,Charni Road,Walk,8,
Meena Salvi 1519,9967915905,Charni Road,train,6,
Meena Salvi 1520,9713100422,Girgaon,Walk,4,
Vaishali Chavan 1521,9904114547,Parel,Bus,6,
Sunita Pawar 1522,9175872867,,Train,5,
Meena Salvi 1523,,,Walk,3,
Ajay Bhosale 1524,9553193273,Kalbadevi,walk,3,
Rekha Shinde 1525,9349786167,Dadar,Bus,6,
Rekha Shinde 1526,9765192734,Parel,walk,2,
,9925385616,Grant Road,train,7,
Sunita Pawar 1528,9074470135,Kalbadevi,Bus,7,children in group
Nitin Kadam 1529,,Kalbadevi,Train,6,
Ajay Bhosale 1530,9067961890,Charni Road,Train,5,
Vaishali Chavan 1531,9630878954,Bhoiwada,train,1,
Meena Salvi 1532,9056243062,Grant Road,train,7,
,,Lalbaug,Train,2,
Rekha Shinde 1534,9671460375,Kalbadevi,Bus,8,
Rekha Shinde 1535,9752456828,Charni Road,Walk,3,
Ganesh More 1536,9825575804,Grant Road,train,1,
Meena Salvi 1537,9869369904,Parel,walk,1,
Sunita Pawar 1538,9110833085,Bhoiwada,Walk,6,carrying idol
Ajay Bhosale 1539,9728397841,Bhoiwada,Walk,2,
Nitin Kadam 1540,9158907299,Chowpatty,Walk,5,
,9228693881,Byculla,Walk,,
Meena Salvi 1542,9201206467,Lalbaug,Walk,3,
Sunita Pawar 1543,,Bhoiwada,Bus,3,
Vaishali Chavan 1544,9164358003,Kalbadevi,Bus,4,elderly in group
Rekha Shinde 1545,9959025271,Lalbaug,train,7,
Rekha Shinde 1546,9473523148,Chowpatty,Walk,7,
Ajay Bhosale 1547,9174225751,Chowpatty,Walk,5,
Ajay Bhosale 1548,9261872063,Girgaon,BEST,,
Prakash Gaikwad 1549,,Lalbaug,Train,5,
Meena Salvi 1550,9107821776,Charni Road,train,3,
Nitin Kadam 1551,9340625346,Bhoiwada,On foot,6,
,9874475876,Dadar,Walk,,
Nitin Kadam 1553,9057680099,Parel,Other,1,
Rekha Shinde 1554,,Dadar,Walk,5,
Meena Salvi 1555,9345709780,Kalbadevi,,,
Vaishali Chavan 1556,,Chowpatty,Walk,5,
Rekha Shinde 1557,,Bhoiwada,On foot,,
Nitin Kadam 1558,9206254312,Bhoiwada,Train,6,
Ajay Bhosale 1559,,Chowpatty,train,1,
Sunita Pawar 1560,9333820447,Chowpatty,Bus,5,
Ajay Bhosale 1561,9476727828,,train,8,
Meena Salvi 1562,9620447624,Chowpatty,,5,
Sunita Pawar 1563,,Lalbaug,N/A,1,
Sunita Pawar 1564,9786606226,Charni Road,bus,8,
Vaishali Chavan 1565,,Charni Road,N/A,8,
Ajay Bhosale 1566,9171844196,Dadar,On foot,8,
Ajay Bhosale 1567,9940024304,Bhoiwada,walk,,children in group
Sunita Pawar 1568,9728647273,Girgaon,Walk,6,
Nitin Kadam 1569,9211987795,,Walk,6,
Nitin Kadam 1570,9836869513,Dadar,Bus,3,
Ajay Bhosale 1571,9359742074,Bhoiwada,Local,3,
Rekha Shinde 1572,9701047288,Kalbadevi,,3,
Ajay Bhosale 1573,9373031440,Parel,walk,3,
Vaishali Chavan 1574,9741780795,Lalbaug,Bus,8,
Sunita Pawar 1575,,Charni Road,Rail,6,
Vaishali Chavan 1576,9897611883,Charni Road,Walk,8,carrying idol
,9237239759,Bhoiwada,walk,1,
,9872381452,Charni Road,Bus,5,
Vaishali Chavan 1579,9359478274,Byculla,Bus,4,
Ajay Bhosale 1580,9080562132,Byculla,Train,7,
Vaishali Chavan 1581,9885274438,Bhoiwada,Walk,2,children in group
Meena Salvi 1582,9506737393,Byculla,Train,8,
Prakash Gaikwad 1583,9265897534,Grant Road,Walk,1,
Rekha Shinde 1584,9581979252,Bhoiwada,Walk,2,
Rekha Shinde 1585,,Bhoiwada,bus,6,
Meena Salvi 1586,9743124343,Byculla,Walk,5,
Ajay Bhosale 1587,9483467226,Byculla,Train,8,
Vaishali Chavan 1588,9318203203,Girgaon,Walk,2,
Sunita Pawar 1589,9789387598,Chowpatty,Walk,6,
Vaishali Chavan 1590,9478596219,Bhoiwada,walk,8,
Prakash Gaikwad 1591,9797686385,Parel,Walk,1,
Vaishali Chavan 1592,9118920667,Byculla,Train,3,
Prakash Gaikwad 1593,9991248945,Chowpatty,train,2,
Sunita Pawar 1594,9086963548,Grant Road,walk,2,
Meena Salvi 1595,,Lalbaug,Rail,,
Vaishali Chavan 1596,9629619990,Chowpatty,bus,8,carrying idol
Ajay Bhosale 1597,,Byculla,train,8,
Prakash Gaikwad 1598,9795691620,Girgaon,Walk,8,
Sunita Pawar 1599,9662003991,Byculla,Train,3,
Ajay Bhosale 1600,,Kalbadevi,Bus,7,children in group
Rekha Shinde 1601,9313541421,Kalbadevi,Walk,6,
Ganesh More 1602,9094078544,Bhoiwada,Train,1,
Prakash Gaikwad 1603,9931558332,Byculla,Walk,7,
Rekha Shinde 1604,9785605723,Chowpatty,Walk,3,
Ajay Bhosale 1605,9312389188,Lalbaug,Walk,5,
Vaishali Chavan 1606,9363773750,Byculla,Walking,8,elderly in group
Meena Salvi 1607,9104202001,Grant Road,bus,7,
Ganesh More 1608,9416521323,Parel,train,3,
Ajay Bhosale 1609,9065298189,Byculla,Walk,1,
Meena Salvi 1610,9165998320,Parel,Bus,,
Prakash Gaikwad 1611,9524340602,Chowpatty,Train,5,
Prakash Gaikwad 1612,9099715720,Bhoiwada,Walking,5,
Ganesh More 1613,9134788170,Girgaon,Walk,5,children in group
,9662325690,Parel,Walk,7,
Ajay Bhosale 1615,9943231865,,Rail,6,
Rekha Shinde 1616,9808163774,Dadar,Bus,5,
Ganesh More 1617,9484740432,Girgaon,Walk,5,
Ajay Bhosale 1618,9881896103,Bhoiwada,train,7,
Ajay Bhosale 1619,,Girgaon,walk,,
Meena Salvi 1620,,Chowpatty,Walk,1,carrying idol
Vaishali Chavan 1621,9525080277,Parel,Train,1,
Prakash Gaikwad 1622,9431230874,Charni Road,Walk,8,
,9045417508,Parel,On foot,6,
Ajay Bhosale 1624,9615797099,Chowpatty,Bus,,carrying idol
Sunita Pawar 1625,9561963102,,Walk,2,carrying idol
Vaishali Chavan 1626,9455071998,Lalbaug,Bus,2,
Ajay Bhosale 1627,9458808128,Dadar,walk,1,
Vaishali Chavan 1628,9174711148,Dadar,Walk,7,
Prakash Gaikwad 1629,9132349465,Girgaon,Walking,6,
Meena Salvi 1630,9575927769,Byculla,Train,7,
Vaishali Chavan 1631,9090773215,Dadar,Walk,1,
Ganesh More 1632,9349642838,Lalbaug,bus,7,
Vaishali Chavan 1633,9354481547,Dadar,Train,5,
Vaishali Chavan 1634,9476140182,Chowpatty,Walking,1,
Rekha Shinde 1635,9352115408,Bhoiwada,On foot,2,carrying idol
Meena Salvi 1636,9492158168,Lalbaug,walk,8,
,9808958252,Byculla,train,4,
Meena Salvi 1638,9776851994,Byculla,Walk,7,
Ajay Bhosale 1639,9834283133,Grant Road,Train,7,carrying idol
Prakash Gaikwad 1640,9281472480,Chowpatty,Walk,,
Ajay Bhosale 1641,9470581237,Bhoiwada,train,3,
Rekha Shinde 1642,9037875030,Chowpatty,Train,,carrying idol
Meena Salvi 1643,9910341616,Kalbadevi,Train,3,
Sunita Pawar 1644,9672943122,Byculla,bus,2,
Prakash Gaikwad 1645,9937993232,Lalbaug,Train,3,elderly in group
Prakash Gaikwad 1646,9269814455,Charni Road,Walk,8,
Sunita Pawar 1647,9904142565,Kalbadevi,Walk,6,
Sunita Pawar 1648,9612204474,Charni Road,Bus,3,elderly in group
Nitin Kadam 1649,9957955107,Lalbaug,bus,,
Prakash Gaikwad 1650,9900801177,Chowpatty,Other,5,
Prakash Gaikwad 1651,9910706013,Grant Road,walk,3,
Ganesh More 1652,,Lalbaug,Walk,2,children in group
Ajay Bhosale 1653,9415571555,Grant Road,Walk,3,
Ajay Bhosale 1654,,Grant Road,Train,5,
Ganesh More 1655,9458731575,Kalbadevi,Walk,,
Vaishali Chavan 1656,9492191444,Lalbaug,Walk,2,
Nitin Kadam 1657,9924041104,Dadar,BEST,1,
Rekha Shinde 1658,9544854942,Parel,walk,2,
Vaishali Chavan 1659,9735319103,Grant Road,Rail,4,
Sunita Pawar 1660,9120227806,Lalbaug,Walk,6,
Ajay Bhosale 1661,9205103514,Lalbaug,Train,2,
Ganesh More 1662,9280980465,Girgaon,Train,7,
Meena Salvi 1663,9335458836,Girgaon,walk,4,
Vaishali Chavan 1664,9778951280,Bhoiwada,Rail,,
Prakash Gaikwad 1665,9555424279,Girgaon,Walk,8,
Rekha Shinde 1666,9268874905,Chowpatty,Bus,2,
Ajay Bhosale 1667,9571185791,Grant Road,train,1,
Meena Salvi 1668,9343418626,Charni Road,Local,7,
Meena Salvi 1669,9591466394,Charni Road,Walk,1,
Prakash Gaikwad 1670,9990883595,Grant Road,Train,7,
Ganesh More 1671,9076080160,Byculla,Train,3,
Rekha Shinde 1672,9224125608,Chowpatty,Train,7,
Meena Salvi 1673,9802109140,Byculla,Train,8,
Vaishali Chavan 1674,9479357863,Kalbadevi,walk,3,
Prakash Gaikwad 1675,9836205425,Parel,train,1,
Ajay Bhosale 1676,9390895216,Girgaon,Walk,,
Nitin Kadam 1677,9090281200,Grant Road,train,6,
Meena Salvi 1678,9685386361,Charni Road,Walk,6,
Ajay Bhosale 1679,9821877470,Charni Road,,8,
Vaishali Chavan 1680,9216901722,Grant Road,Walk,1,
Ganesh More 1681,9093817473,Grant Road,Walk,7,
Nitin Kadam 1682,9990111805,Bhoiwada,Walk,8,
Meena Salvi 1683,9380831893,Kalbadevi,Train,5,
Vaishali Chavan 1684,9688784351,Dadar,walk,2,
Nitin Kadam 1685,,,walk,4,
Nitin Kadam 1686,,Kalbadevi,Bus,1,
Rekha Shinde 1687,9883175709,Lalbaug,bus,,
Ganesh More 1688,9870575770,Lalbaug,walk,4,
,,Charni Road,walk,5,
Ganesh More 1690,9367048096,Grant Road,Walk,5,
Meena Salvi 1691,9238640826,Lalbaug,Train,,carrying idol
Rekha Shinde 1692,9106810651,Chowpatty,Train,4,
Rekha Shinde 1693,9284289492,Chowpatty,Bus,7,
Sunita Pawar 1694,9720101516,Girgaon,Walk,6,elderly in group
Prakash Gaikwad 1695,9984975052,Parel,BEST,1,children in group
Vaishali Chavan 1696,,,Bus,8,
Rekha Shinde 1697,9366592714,Dadar,Train,8,
Ajay Bhosale 1698,,Girgaon,train,3,elderly in group
Nitin Kadam 1699,,Charni Road,Walk,3,
Prakash Gaikwad 1700,9157815229,Charni Road,Walk,4,
Ajay Bhosale 1701,9991896646,Lalbaug,Bus,6,
Meena Salvi 1702,9530854552,Charni Road,bus,5,
Ajay Bhosale 1703,,Girgaon,Local,5,
Prakash Gaikwad 1704,,Dadar,Train,4,
Rekha Shinde 1705,9995186794,Girgaon,Bus,6,
Rekha Shinde 1706,,Chowpatty,Train,6,
Rekha Shinde 1707,9450110890,Dadar,Train,8,elderly in group
Meena Salvi 1708,9087563940,Grant Road,Train,1,
Ganesh More 1709,,Bhoiwada,train,7,children in group
Vaishali Chavan 1710,9303587387,Parel,Local,4,
Meena Salvi 1711,9272133965,Chowpatty,Walk,,
,,Lalbaug,walk,7,
Vaishali Chavan 1713,9330871453,Girgaon,On foot,,
Vaishali Chavan 1714,9238268412,Dadar,train,7,
Nitin Kadam 1715,,Lalbaug,Walk,8,elderly in group
Vaishali Chavan 1716,,Chowpatty,Walk,1,
Nitin Kadam 1717,9765905868,Kalbadevi,Train,5,children in group
Nitin Kadam 1718,,Girgaon,Bus,,
Sunita Pawar 1719,,Byculla,Bus,6,
Rekha Shinde 1720,9099989859,Dadar,Bus,2,
Sunita Pawar 1721,9675653604,Grant Road,Train,2,
Prakash Gaikwad 1722,9289527550,Kalbadevi,Walk,4,
Prakash Gaikwad 1723,9303260477,Parel,Local,2,
Meena Salvi 1724,9984931602,Byculla,bus,1,
Prakash Gaikwad 1725,9562186457,Grant Road,Walk,3,
Prakash Gaikwad 1726,9040149820,Lalbaug,bus,4,
Rekha Shinde 1727,,Charni Road,walk,2,elderly in group
Ajay Bhosale 1728,9371770863,Bhoiwada,Train,,
Ajay Bhosale 1729,9813406012,Girgaon,Walk,7,
Ajay Bhosale 1730,9171983322,Lalbaug,Train,5,
Sunita Pawar 1731,9229293185,Kalbadevi,Walk,6,
,,Chowpatty,Walk,5,
Rekha Shinde 1733,9414607345,Parel,N/A,6,
Nitin Kadam 1734,9338106101,Dadar,On foot,2,
Nitin Kadam 1735,9660167189,Bhoiwada,Walk,1,
Nitin Kadam 1736,,Bhoiwada,Train,6,
Nitin Kadam 1737,9300065000,Grant Road,Bus,2,
Rekha Shinde 1738,9009345410,Grant Road,walk,6,
Meena Salvi 1739,9012316170,Lalbaug,train,8,
Rekha Shinde 1740,9745905970,Grant Road,Walk,,
Sunita Pawar 1741,,Bhoiwada,Train,2,children in group
Meena Salvi 1742,9720551606,Chowpatty,Walking,6,
Ajay Bhosale 1743,9772236500,,Walk,,
Rekha Shinde 1744,9769361658,Dadar,train,3,
Nitin Kadam 1745,9033103705,Kalbadevi,train,,elderly in group
Ganesh More 1746,9799467853,Kalbadevi,Other,2,
Nitin Kadam 1747,9523706507,,bus,5,
Ganesh More 1748,9826576719,Dadar,Walk,4,
Ajay Bhosale 1749,9941147453,Dadar,Walk,8,
Ajay Bhosale 1750,9822206064,Chowpatty,Walk,8,carrying idol
Nitin Kadam 1751,9692474726,Charni Road,BEST,5,
Nitin Kadam 1752,9395947864,Lalbaug,bus,8,
Prakash Gaikwad 1753,9053190046,Girgaon,Walk,5,children in group
Prakash Gaikwad 1754,9006080830,Byculla,walk,7,
Sunita Pawar 1755,9459409525,,train,,
Meena Salvi 1756,,Lalbaug,train,4,
Rekha Shinde 1757,9349224547,Dadar,bus,2,
Prakash Gaikwad 1758,9968332173,Charni Road,Bus,3,
Sunita Pawar 1759,9174319156,Bhoiwada,Train,5,
Prakash Gaikwad 1760,,,walk,6,
,,Kalbadevi,walk,,
Vaishali Chavan 1762,9823638633,Grant Road,Train,5,
Vaishali Chavan 1763,9183051042,Girgaon,Walk,7,
Ganesh More 1764,9526578625,Charni Road,Walk,4,
Vaishali Chavan 1765,9083951932,Parel,On foot,6,
Rekha Shinde 1766,9202192394,Kalbadevi,Train,3,
,9942058088,Bhoiwada,Walk,2,
Nitin Kadam 1768,9398330940,Dadar,Rail,5,
Meena Salvi 1769,9476028813,Grant Road,Rail,,elderly in group
Ajay Bhosale 1770,9782599972,Charni Road,Train,6,
Prakash Gaikwad 1771,9813521100,Byculla,Bus,6,
Ganesh More 1772,9194212508,Kalbadevi,Walk,1,carrying idol
Ajay Bhosale 1773,9521759148,Girgaon,Walk,3,
Meena Salvi 1774,9615005818,Lalbaug,walk,5,
Vaishali Chavan 1775,9874383877,Kalbadevi,Walk,2,
Sunita Pawar 1776,9667772245,,walk,8,
Vaishali Chavan 1777,9025792505,Kalbadevi,bus,8,
Ajay Bhosale 1778,,Parel,Walk,4,
,9005337053,Charni Road,Walk,4,
Nitin Kadam 1780,9612013547,Dadar,train,1,
Vaishali Chavan 1781,9337410320,,BEST,5,
Meena Salvi 1782,9389525156,Bhoiwada,Train,5,
Rekha Shinde 1783,,Lalbaug,Walk,7,
Sunita Pawar 1784,,Kalbadevi,Train,7,
Nitin Kadam 1785,9583594833,Charni Road,Train,6,
Vaishali Chavan 1786,9870135949,Girgaon,train,8,
Vaishali Chavan 1787,9494918861,Parel,Walk,1,
Prakash Gaikwad 1788,9653277518,Dadar,Walk,8,
Rekha Shinde 1789,9731987681,Chowpatty,Rail,8,carrying idol
Prakash Gaikwad 1790,9520786820,Kalbadevi,Bus,7,
Rekha Shinde 1791,9236553680,Bhoiwada,Other,1,
Rekha Shinde 1792,9870972586,Grant Road,Walk,5,
Meena Salvi 1793,9379092719,Parel,Train,2,
Rekha Shinde 1794,9467143414,Bhoiwada,Walk,5,
Vaishali Chavan 1795,,Chowpatty,Walk,4,
Ajay Bhosale 1796,9960736608,Byculla,Walk,4,
Prakash Gaikwad 1797,9464973204,Kalbadevi,Train,1,
Ajay Bhosale 1798,9799445291,Charni Road,Walk,6,
Ganesh More 1799,9529961122,Lalbaug,Walk,7,
Ganesh More 1800,9821877739,Byculla,Train,3,elderly in group
Prakash Gaikwad 1801,9276475978,Byculla,Train,7,
Ganesh More 1802,9033363233,Lalbaug,Local,1,
Prakash Gaikwad 1803,9138289884,Dadar,Walk,3,
Rekha Shinde 1804,9925831720,Charni Road,train,3,
Ajay Bhosale 1805,9388671008,Byculla,bus,5,elderly in group
Sunita Pawar 1806,,Chowpatty,Walk,7,
Prakash Gaikwad 1807,9654501078,Kalbadevi,Local,4,
Sunita Pawar 1808,9934128348,,Walk,4,
Sunita Pawar 1809,9089194076,Dadar,Walk,1,
Rekha Shinde 1810,9655200073,Dadar,On foot,1,
Rekha Shinde 1811,,Grant Road,Walk,3,
Sunita Pawar 1812,9850324249,Lalbaug,walk,5,children in group
Vaishali Chavan 1813,9168044075,,Walk,2,
Vaishali Chavan 1814,9659374566,Kalbadevi,Walk,1,
Rekha Shinde 1815,,Chowpatty,Train,1,
Rekha Shinde 1816,9733854743,Chowpatty,Train,8,
Meena Salvi 1817,9405456979,Kalbadevi,Other,7,
Vaishali Chavan 1818,9799421422,Girgaon,On foot,5,
Rekha Shinde 1819,9879265053,Parel,BEST,5,
Meena Salvi 1820,9832704481,Grant Road,Bus,4,elderly in group
Rekha Shinde 1821,9973812605,Kalbadevi,Train,4,
Sunita Pawar 1822,9748275924,Kalbadevi,Walk,8,elderly in group
Meena Salvi 1823,9800359841,Bhoiwada,bus,3,
Nitin Kadam 1824,9345205297,Lalbaug,Walk,8,
Prakash Gaikwad 1825,9132137937,Grant Road,Walk,2,
Nitin Kadam 1826,9634166812,Lalbaug,Walk,3,
Ajay Bhosale 1827,,Byculla,Walk,1,
,9267933637,Grant Road,walk,2,
Prakash Gaikwad 1829,9458302079,Parel,Train,5,
Rekha Shinde 1830,9954656795,Grant Road,Train,7,
Ganesh More 1831,9099205913,Grant Road,Train,6,
Rekha Shinde 1832,9812290684,Dadar,walk,,
Nitin Kadam 1833,,Chowpatty,bus,8,
Meena Salvi 1834,9724193059,Dadar,bus,8,
Nitin Kadam 1835,9021477038,Charni Road,Train,1,
Vaishali Chavan 1836,9172915177,Girgaon,Local,6,
Ajay Bhosale 1837,9419274498,Parel,Local,1,
Nitin Kadam 1838,9546020453,Charni Road,Walking,4,elderly in group
Vaishali Chavan 1839,9441298725,Byculla,Train,8,
Rekha Shinde 1840,9590480232,Charni Road,bus,6,
Rekha Shinde 1841,9553001951,Chowpatty,walk,4,
Prakash Gaikwad 1842,9336119267,Charni Road,Walk,7,
Ganesh More 1843,9689242999,Dadar,walk,7,
Meena Salvi 1844,9171877487,Charni Road,train,7,
Ajay Bhosale 1845,9485043292,Girgaon,BEST,6,
Sunita Pawar 1846,9372272926,Chowpatty,Walk,8,children in group
Rekha Shinde 1847,9483296512,Parel,BEST,6,
Prakash Gaikwad 1848,9673900283,Girgaon,bus,5,carrying idol
Vaishali Chavan 1849,,Byculla,walk,7,
Rekha Shinde 1850,9980427572,Parel,Train,8,
Nitin Kadam 1851,9666132166,Bhoiwada,On foot,,
Sunita Pawar 1852,,Grant Road,On foot,2,
,,Grant Road,Walk,6,
Ajay Bhosale 1854,,Charni Road,bus,1,
Ajay Bhosale 1855,9759443446,Bhoiwada,On foot,6,
Vaishali Chavan 1856,9115779012,Byculla,walk,7,elderly in group
Ganesh More 1857,,Bhoiwada,Walk,2,
Sunita Pawar 1858,9346586244,Bhoiwada,Walk,5,carrying idol
,9700711156,Charni Road,Walk,7,
Prakash Gaikwad 1860,9996900188,Dadar,Bus,8,
Meena Salvi 1861,9389929767,Charni Road,Train,1,
Nitin Kadam 1862,9951458196,Bhoiwada,Train,5,
Vaishali Chavan 1863,9190255692,Parel,train,6,
Prakash Gaikwad 1864,9211957914,Bhoiwada,Train,1,children in group
Vaishali Chavan 1865,9095062448,Kalbadevi,Walk,7,
Nitin Kadam 1866,9677824436,Dadar,Walk,6,carrying idol
Nitin Kadam 1867,9047698919,,N/A,,
Vaishali Chavan 1868,,Charni Road,Train,1,
Ajay Bhosale 1869,9558120903,Bhoiwada,Bus,8,
Sunita Pawar 1870,9941463863,Chowpatty,Bus,4,children in group
Sunita Pawar 1871,9088114521,,Train,2,
Nitin Kadam 1872,9497267988,Charni Road,On foot,3,
Ganesh More 1873,,Charni Road,Walk,2,
Prakash Gaikwad 1874,9591487949,Grant Road,Walk,4,
Ganesh More 1875,,Lalbaug,Bus,5,
Ajay Bhosale 1876,,Charni Road,Bus,5,carrying idol
Ganesh More 1877,9218188022,Parel,bus,4,
Sunita Pawar 1878,9126424282,Parel,Train,1,carrying idol
Rekha Shinde 1879,9707501937,Bhoiwada,Train,5,
Ganesh More 1880,9028735104,Kalbadevi,Train,1,
Vaishali Chavan 1881,9105873755,Chowpatty,Walk,8,
Nitin Kadam 1882,9289368390,Grant Road,Train,4,
Prakash Gaikwad 1883,9027148744,Bhoiwada,Bus,5,
Nitin Kadam 1884,,Dadar,train,1,
Sunita Pawar 1885,,Grant Road,Train,7,
Prakash Gaikwad 1886,9900225190,Chowpatty,Walk,8,
Nitin Kadam 1887,9391815602,Lalbaug,Bus,2,
Nitin Kadam 1888,9327473264,Parel,Bus,2,
Ajay Bhosale 1889,,Lalbaug,Walk,2,
Vaishali Chavan 1890,9833763401,Lalbaug,,7,
Sunita Pawar 1891,,,Walk,,children in group
Meena Salvi 1892,9570890370,,Walk,8,
Ajay Bhosale 1893,9289402308,Parel,Train,8,
Meena Salvi 1894,,Kalbadevi,walk,,
Sunita Pawar 1895,9437281337,Bhoiwada,Local,5,
,,Charni Road,Walking,5,carrying idol
Sunita Pawar 1897,9553634862,Parel,Walk,5,
Prakash Gaikwad 1898,9349254772,Parel,,3,
Prakash Gaikwad 1899,,Girgaon,walk,7,
Nitin Kadam 1900,9315147127,,Train,8,
Nitin Kadam 1901,9850150474,,,7,
Vaishali Chavan 1902,9725234594,Parel,Walk,5,
Ganesh More 1903,9238837179,Dadar,Bus,7,
Ajay Bhosale 1904,,Charni Road,Walk,2,
Nitin Kadam 1905,9989567130,Byculla,Train,6,
Ganesh More 1906,9515862555,Bhoiwada,Walk,5,
Nitin Kadam 1907,,,Walk,8,
Sunita Pawar 1908,9137914010,Chowpatty,Train,7,
Vaishali Chavan 1909,9598816819,Kalbadevi,train,2,
Sunita Pawar 1910,9948812711,Chowpatty,walk,,
Ganesh More 1911,9727652040,Chowpatty,walk,,
Nitin Kadam 1912,9593530145,Chowpatty,Train,3,
Sunita Pawar 1913,9391879425,Girgaon,walk,1,
Meena Salvi 1914,9910505279,Kalbadevi,On foot,2,
Meena Salvi 1915,9599549851,,Rail,4,
Nitin Kadam 1916,9010929509,Parel,walk,,
Rekha Shinde 1917,9514729029,Lalbaug,Walk,5,children in group
Sunita Pawar 1918,9237232154,Kalbadevi,Walk,2,
Sunita Pawar 1919,9715838046,Parel,Train,2,
Ajay Bhosale 1920,9513439247,Dadar,BEST,7,
Ajay Bhosale 1921,,Charni Road,Train,1,
Ajay Bhosale 1922,9884321079,Kalbadevi,walk,8,
Ganesh More 1923,9970800237,Chowpatty,Train,8,children in group
Meena Salvi 1924,9115409308,Parel,Walking,2,
Vaishali Chavan 1925,,Kalbadevi,walk,2,
Meena Salvi 1926,9630925550,Grant Road,Train,1,carrying idol
,9570313799,Girgaon,walk,8,elderly in group
Nitin Kadam 1928,9789255547,Kalbadevi,On foot,4,
Rekha Shinde 1929,9620855307,Girgaon,Train,6,
Meena Salvi 1930,9183706625,Bhoiwada,Bus,8,
Nitin Kadam 1931,9190664361,Byculla,Local,1,
Ganesh More 1932,,Grant Road,Train,8,
Rekha Shinde 1933,,,Walking,6,
Meena Salvi 1934,,Bhoiwada,Train,,
Rekha Shinde 1935,,Lalbaug,Walk,4,
Rekha Shinde 1936,,Parel,Rail,7,
Ajay Bhosale 1937,9239946253,,Train,2,
Nitin Kadam 1938,,Grant Road,walk,7,carrying idol
Vaishali Chavan 1939,9552234939,Girgaon,Train,1,
Rekha Shinde 1940,9888251085,Lalbaug,N/A,8,
Ganesh More 1941,,Chowpatty,train,7,
Prakash Gaikwad 1942,9010740213,Bhoiwada,Walk,1,elderly in group
Vaishali Chavan 1943,9755559869,Dadar,Train,8,carrying idol
Ajay Bhosale 1944,9430624306,Parel,Rail,2,carrying idol
Meena Salvi 1945,9066313181,,Rail,1,
Ganesh More 1946,9004522084,Lalbaug,Walk,3,elderly in group
Ajay Bhosale 1947,9489296002,Byculla,Train,6,carrying idol
Ajay Bhosale 1948,9517877731,Parel,Train,1,
,9711493133,Bhoiwada,Walk,5,
Nitin Kadam 1950,,Lalbaug,Train,3,
Rekha Shinde 1951,,Girgaon,Train,5,
,9890613888,Chowpatty,Rail,7,
Sunita Pawar 1953,9948401009,,Bus,6,
Nitin Kadam 1954,9313166115,Lalbaug,Bus,1,
Rekha Shinde 1955,9253567213,Parel,Bus,,
Ajay Bhosale 1956,,Lalbaug,,8,children in group
Ajay Bhosale 1957,9194309032,Bhoiwada,,1,children in group
Nitin Kadam 1958,9006802259,Chowpatty,walk,6,
Ajay Bhosale 1959,9988756394,Dadar,On foot,8,
Sunita Pawar 1960,,Lalbaug,walk,4,
Prakash Gaikwad 1961,,Bhoiwada,walk,7,
Nitin Kadam 1962,9982615649,Kalbadevi,Bus,1,
Vaishali Chavan 1963,9426314655,Dadar,Train,5,elderly in group
Sunita Pawar 1964,9799207173,Byculla,Walk,1,
Meena Salvi 1965,9301135180,Lalbaug,Walk,4,carrying idol
Nitin Kadam 1966,9056441515,Byculla,Train,1,
Vaishali Chavan 1967,,Bhoiwada,Local,7,
Ajay Bhosale 1968,9471580974,Byculla,walk,1,
Ganesh More 1969,,Grant Road,walk,8,
Ganesh More 1970,9834763039,,Train,4,
,,Charni Road,Train,8,
Rekha Shinde 1972,9503958143,Charni Road,train,8,
Vaishali Chavan 1973,9756197197,Parel,walk,3,
Vaishali Chavan 1974,9310758622,Kalbadevi,Walk,,elderly in group
,9127598421,Bhoiwada,walk,6,
Ganesh More 1976,9792488985,Byculla,On foot,5,
,9584497875,Grant Road,Walk,1,
Ganesh More 1978,9487560142,Girgaon,train,7,elderly in group
Ajay Bhosale 1979,9307719167,Dadar,Walk,6,
Prakash Gaikwad 1980,,Dadar,Train,6,
Vaishali Chavan 1981,,Byculla,train,,elderly in group
Meena Salvi 1982,9398549285,Chowpatty,Walk,4,elderly in group
Vaishali Chavan 1983,9840437185,Chowpatty,Bus,5,
Rekha Shinde 1984,9941928291,Kalbadevi,Walk,3,carrying idol
Prakash Gaikwad 1985,9264616957,Lalbaug,Bus,7,
Meena Salvi 1986,,Byculla,Walk,5,
Rekha Shinde 1987,9462227120,Kalbadevi,Walk,5,
Rekha Shinde 1988,9196174114,Chowpatty,walk,2,
Prakash Gaikwad 1989,9074856807,Girgaon,Bus,2,carrying idol
Vaishali Chavan 1990,9092510279,Chowpatty,Walk,4,
Rekha Shinde 1991,9442891434,Chowpatty,walk,6,children in group
Rekha Shinde 1992,9573907259,Dadar,Walk,2,
Nitin Kadam 1993,9527847693,Charni Road,Walk,4,carrying idol
Nitin Kadam 1994,9929945908,Charni Road,Walk,6,elderly in group
Sunita Pawar 1995,,Charni Road,Walk,5,
Rekha Shinde 1996,9305585132,Grant Road,Train,6,
Nitin Kadam 1997,9004369630,Girgaon,walk,2,children in group
Meena Salvi 1998,9414154394,,Rail,8,elderly in group
Ganesh More 1999,,Chowpatty,Walk,3,
Nitin Kadam 2000,,Lalbaug,walk,3,
Nitin Kadam 2001,9163018558,Charni Road,walk,7,
Prakash Gaikwad 2002,9972423484,,On foot,2,
Rekha Shinde 2003,9658673716,Grant Road,Train,6,
Rekha Shinde 2004,9287178872,Grant Road,Walk,6,
Meena Salvi 2005,9090339666,Dadar,Walk,4,
Meena Salvi 2006,9943724829,Byculla,Walk,4,
Ganesh More 2007,9785323632,Dadar,Train,4,
Rekha Shinde 2008,,Chowpatty,Train,8,
Ganesh More 2009,9530915360,Dadar,bus,5,
Sunita Pawar 2010,,Chowpatty,Walk,3,children in group
Ajay Bhosale 2011,9441942116,Chowpatty,Train,2,elderly in group
Ajay Bhosale 2012,9555383712,Dadar,Bus,8,
Vaishali Chavan 2013,9639139738,Byculla,walk,2,
,9393300192,Chowpatty,train,2,elderly in group
Meena Salvi 2015,9394229355,Parel,Train,5,carrying idol
Nitin Kadam 2016,9032937520,Kalbadevi,train,1,
Ajay Bhosale 2017,,Parel,Bus,6,
Meena Salvi 2018,9453632187,Byculla,Train,1,
Sunita Pawar 2019,9948729829,Grant Road,walk,,
Ajay Bhosale 2020,,Grant Road,Train,5,
Nitin Kadam 2021,9201086085,Charni Road,Walking,4,
Nitin Kadam 2022,,Girgaon,train,1,
Ganesh More 2023,9567431702,Lalbaug,Train,8,
Prakash Gaikwad 2024,9525505308,Charni Road,walk,3,
Sunita Pawar 2025,,Chowpatty,Walk,5,
Vaishali Chavan 2026,9949262200,Byculla,Walk,2,
Prakash Gaikwad 2027,9768458153,Parel,BEST,6,
Sunita Pawar 2028,,Girgaon,Bus,2,
Prakash Gaikwad 2029,9501694778,Dadar,Train,2,
Rekha Shinde 2030,9427926209,,Bus,2,
Prakash Gaikwad 2031,9091758618,Kalbadevi,Walk,,
Meena Salvi 2032,9888698911,,Walking,6,children in group
Sunita Pawar 2033,,,Train,3,
Nitin Kadam 2034,9560915550,Chowpatty,N/A,6,
Sunita Pawar 2035,9438234271,Charni Road,train,8,
Sunita Pawar 2036,9258516224,Charni Road,BEST,1,
Sunita Pawar 2037,,Charni Road,Bus,1,
Ganesh More 2038,9572730968,Parel,Walk,7,elderly in group
Ganesh More 2039,9091848272,Lalbaug,Walk,4,
Sunita Pawar 2040,9984250715,Parel,bus,3,
Rekha Shinde 2041,,Kalbadevi,Bus,1,
Ajay Bhosale 2042,9443335770,Parel,Walk,2,
Vaishali Chavan 2043,9219354871,Girgaon,Train,2,
Meena Salvi 2044,9470173100,Grant Road,bus,7,elderly in group
Nitin Kadam 2045,9496220431,Kalbadevi,train,7,elderly in group
Ganesh More 2046,9110375403,Bhoiwada,walk,2,
Meena Salvi 2047,9647102158,Dadar,bus,4,
Nitin Kadam 2048,9615262701,Charni Road,Walk,6,
Ajay Bhosale 2049,9865405296,Lalbaug,walk,8,
Ajay Bhosale 2050,9780873823,,Walk,,
Ganesh More 2051,9647797796,Dadar,Bus,3,elderly in group
Rekha Shinde 2052,9428886424,Lalbaug,Walk,5,
Ajay Bhosale 2053,9511034419,Dadar,Walk,3,
Prakash Gaikwad 2054,9678685589,Grant Road,Bus,3,
Rekha Shinde 2055,,Kalbadevi,Bus,2,children in group
Vaishali Chavan 2056,9239456410,Kalbadevi,Train,,elderly in group
Rekha Shinde 2057,,Byculla,Walk,2,carrying idol
Nitin Kadam 2058,9693117371,Lalbaug,Walk,2,
Ajay Bhosale 2059,9434943961,Grant Road,BEST,,
Nitin Kadam 2060,9054578131,Chowpatty,On foot,3,
Prakash Gaikwad 2061,9979001228,Parel,Walk,4,
Rekha Shinde 2062,,Chowpatty,walk,3,elderly in group
Ganesh More 2063,9866016272,Girgaon,Bus,4,carrying idol
Vaishali Chavan 2064,,Grant Road,Bus,6,
Ganesh More 2065,9287631584,Bhoiwada,bus,3,carrying idol
Vaishali Chavan 2066,,Chowpatty,walk,5,
Rekha Shinde 2067,9499191680,Parel,N/A,8,carrying idol
Prakash Gaikwad 2068,9201678820,,Train,2,
Vaishali Chavan 2069,,Dadar,Walk,6,
Vaishali Chavan 2070,,Lalbaug,Walk,4,
Ajay Bhosale 2071,,Bhoiwada,Walk,1,children in group
Sunita Pawar 2072,9954772834,Charni Road,walk,4,
Ganesh More 2073,9847780438,Lalbaug,Train,5,
Meena Salvi 2074,9826816536,Charni Road,train,6,
Vaishali Chavan 2075,9936216396,Bhoiwada,Bus,6,
Rekha Shinde 2076,9923823214,Byculla,Walk,1,elderly in group
Sunita Pawar 2077,,Chowpatty,bus,6,
Vaishali Chavan 2078,,Kalbadevi,bus,4,
Ganesh More 2079,9786728081,Kalbadevi,Walk,7,
Prakash Gaikwad 2080,9266311153,Bhoiwada,walk,,carrying idol
Nitin Kadam 2081,9568075009,Kalbadevi,Train,3,
Nitin Kadam 2082,9167639724,Bhoiwada,bus,3,
Prakash Gaikwad 2083,9720954922,,Bus,4,
Sunita Pawar 2084,9210738925,Dadar,Bus,,
Meena Salvi 2085,9512574793,Dadar,walk,5,
Nitin Kadam 2086,9779881896,Girgaon,Bus,,
Rekha Shinde 2087,,Parel,BEST,7,
Meena Salvi 2088,,Grant Road,walk,2,
Ganesh More 2089,9675340230,Girgaon,bus,8,
Ajay Bhosale 2090,9032860318,Lalbaug,Walking,1,children in group
Prakash Gaikwad 2091,9288778120,Byculla,Walk,2,elderly in group
Rekha Shinde 2092,,Bhoiwada,walk,6,
Sunita Pawar 2093,,,Bus,3,elderly in group
Nitin Kadam 2094,9656508480,Girgaon,bus,5,
Prakash Gaikwad 2095,,Lalbaug,train,2,
Meena Salvi 2096,9462822830,Parel,train,5,
Prakash Gaikwad 2097,9152978772,Grant Road,Walk,2,
Rekha Shinde 2098,9334118385,Chowpatty,Walk,5,children in group
Rekha Shinde 2099,9999237864,Chowpatty,Walk,1,
Sunita Pawar 2100,,Lalbaug,Other,3,
Rekha Shinde 2101,,,train,7,
Vaishali Chavan 2102,9782211095,Grant Road,Bus,5,
Meena Salvi 2103,,,walk,3,
Sunita Pawar 2104,9740710847,Lalbaug,Bus,5,
,9151457594,Bhoiwada,Train,1,children in group
Nitin Kadam 2106,9114028055,Dadar,Walk,4,
Nitin Kadam 2107,9463197140,Parel,Train,1,
Rekha Shinde 2108,,Dadar,train,1,
Nitin Kadam 2109,,Charni Road,Train,1,
Ajay Bhosale 2110,9781436714,Bhoiwada,On foot,,
Meena Salvi 2111,9348188064,Bhoiwada,Local,5,
Sunita Pawar 2112,,Charni Road,On foot,,
Prakash Gaikwad 2113,9635757765,Parel,Walk,5,
Sunita Pawar 2114,9154300462,Charni Road,train,6,children in group
Vaishali Chavan 2115,9774875019,Lalbaug,Bus,7,
Sunita Pawar 2116,9159059850,Lalbaug,walk,3,carrying idol
Rekha Shinde 2117,9072881901,Bhoiwada,Bus,4,
Prakash Gaikwad 2118,9253471008,Bhoiwada,bus,5,
,9047166498,Dadar,Bus,7,elderly in group
Vaishali Chavan 2120,,Girgaon,Walk,2,children in group
Ajay Bhosale 2121,9606392400,Girgaon,On foot,6,
Ajay Bhosale 2122,9432760377,Dadar,Walking,8,elderly in group
Rekha Shinde 2123,9863460727,Dadar,bus,1,
Ganesh More 2124,,Kalbadevi,Bus,4,
Prakash Gaikwad 2125,9688746654,Byculla,Walk,7,children in group
Meena Salvi 2126,9468100578,Chowpatty,Train,4,
Prakash Gaikwad 2127,9055556530,Kalbadevi,Train,,children in group
Nitin Kadam 2128,9031479945,Dadar,Walk,6,
Meena Salvi 2129,9825710281,Dadar,Walk,3,
Meena Salvi 2130,9905063299,Bhoiwada,walk,1,
Meena Salvi 2131,9696504224,Dadar,Walk,4,
Prakash Gaikwad 2132,9434286826,Charni Road,walk,4,
Rekha Shinde 2133,,Girgaon,Train,2,
Prakash Gaikwad 2134,9159000915,Girgaon,Local,5,
Prakash Gaikwad 2135,9866337721,Girgaon,Bus,4,
Ajay Bhosale 2136,,Charni Road,Walk,2,
Ajay Bhosale 2137,9127377197,Byculla,walk,8,
Vaishali Chavan 2138,9486434966,Dadar,Walk,7,
Nitin Kadam 2139,9879528135,Chowpatty,Walk,2,
Sunita Pawar 2140,9708402162,Charni Road,train,3,
Prakash Gaikwad 2141,9120053319,Parel,Walk,,
Ajay Bhosale 2142,,Grant Road,Bus,7,
Ajay Bhosale 2143,9097814475,Charni Road,Bus,1,
Sunita Pawar 2144,9530676940,Charni Road,Train,8,
Nitin Kadam 2145,9871647118,Girgaon,Walk,8,
,9112040390,Charni Road,On foot,8,elderly in group
Sunita Pawar 2147,9337637984,Dadar,Walk,1,
Ajay Bhosale 2148,,,Train,8,
Sunita Pawar 2149,,Girgaon,Bus,1,
Nitin Kadam 2150,9090353332,Lalbaug,walk,2,children in group
Vaishali Chavan 2151,9029498542,Lalbaug,train,4,
Ganesh More 2152,9922860499,Kalbadevi,Train,1,carrying idol
Prakash Gaikwad 2153,9082970272,Girgaon,Walk,4,
Ajay Bhosale 2154,,Girgaon,Walk,5,
Meena Salvi 2155,9845405177,Grant Road,bus,1,
Sunita Pawar 2156,9581985373,Parel,Train,6,
,9691334498,Charni Road,Walk,4,
Sunita Pawar 2158,9609733395,Bhoiwada,Train,2,
Vaishali Chavan 2159,,Kalbadevi,Walk,1,
Vaishali Chavan 2160,,Kalbadevi,train,4,
Vaishali Chavan 2161,9466754393,Byculla,Bus,8,
Sunita Pawar 2162,9251233726,Lalbaug,Other,,
Sunita Pawar 2163,9372535039,Lalbaug,Walk,5,
Vaishali Chavan 2164,,Girgaon,BEST,5,
Ganesh More 2165,9330263227,Charni Road,walk,1,
Prakash Gaikwad 2166,9443496430,Grant Road,walk,7,children in group
Rekha Shinde 2167,9631826662,Bhoiwada,bus,5,
Vaishali Chavan 2168,9321738090,Parel,Walk,4,
Meena Salvi 2169,9815210930,Girgaon,walk,,
Meena Salvi 2170,9396000027,Dadar,Train,5,
Ganesh More 2171,9603787522,Charni Road,Bus,5,
Sunita Pawar 2172,9243549213,Girgaon,Train,6,
Prakash Gaikwad 2173,9650005953,Bhoiwada,Walk,3,
Rekha Shinde 2174,9992547856,Grant Road,Train,5,
Ganesh More 2175,9556034455,Dadar,train,6,
Ajay Bhosale 2176,9389755347,Charni Road,walk,5,
Sunita Pawar 2177,9003866982,,Walk,4,
Vaishali Chavan 2178,9410599698,Kalbadevi,Bus,7,
Ganesh More 2179,9923929100,Dadar,Train,7,
Vaishali Chavan 2180,9128188808,Lalbaug,Walk,7,
Vaishali Chavan 2181,,Charni Road,walk,,
Ganesh More 2182,9388874062,Grant Road,Walk,8,carrying idol
Rekha Shinde 2183,9596063391,Dadar,On foot,1,elderly in group
Meena Salvi 2184,9057592227,Dadar,train,2,
Vaishali Chavan 2185,9713381093,Byculla,Walk,3,elderly in group
Nitin Kadam 2186,,Charni Road,bus,,
Vaishali Chavan 2187,,Parel,Local,8,
Prakash Gaikwad 2188,9997163274,Parel,Bus,3,
Prakash Gaikwad 2189,9183707643,Byculla,Local,2,
,9630673176,Bhoiwada,Bus,4,
Meena Salvi 2191,9829322156,Chowpatty,Bus,,children in group
Ganesh More 2192,9760453845,Lalbaug,Walk,2,children in group
Ganesh More 2193,,Parel,Walk,3,
Sunita Pawar 2194,9145365220,Parel,Walk,6,
Vaishali Chavan 2195,9932376150,Charni Road,Train,,
Meena Salvi 2196,9858796864,Parel,Bus,4,
,,Parel,Train,7,
Ajay Bhosale 2198,9073286255,Kalbadevi,train,4,
Rekha Shinde 2199,9459924612,Girgaon,walk,4,
Ajay Bhosale 2200,9438292256,Grant Road,Train,4,carrying idol
Prakash Gaikwad 2201,9782211526,Bhoiwada,train,1,
Vaishali Chavan 2202,9734023655,Parel,walk,7,
Nitin Kadam 2203,9267273134,Kalbadevi,Walk,5,elderly in group
Ganesh More 2204,,Dadar,bus,4,
Prakash Gaikwad 2205,9808139436,Byculla,Train,5,elderly in group
Prakash Gaikwad 2206,9090126639,Bhoiwada,walk,,carrying idol
Meena Salvi 2207,9952873668,Girgaon,Train,3,
Prakash Gaikwad 2208,9177038841,Chowpatty,walk,7,
Rekha Shinde 2209,9901379593,Byculla,train,5,elderly in group
Prakash Gaikwad 2210,9829948002,Charni Road,train,4,carrying idol
Ajay Bhosale 2211,,Bhoiwada,bus,4,children in group
Meena Salvi 2212,9987535947,Dadar,walk,,
Nitin Kadam 2213,,Kalbadevi,Local,,
Sunita Pawar 2214,,Grant Road,Walk,6,
Meena Salvi 2215,9334338038,Dadar,Walk,,
Meena Salvi 2216,9554823080,Chowpatty,Bus,2,
Ganesh More 2217,9091417001,Charni Road,Walk,2,
Nitin Kadam 2218,9978480048,Bhoiwada,,8,elderly in group
Nitin Kadam 2219,9524203356,Grant Road,Walk,5,
Prakash Gaikwad 2220,9391385138,Bhoiwada,Bus,6,
Sunita Pawar 2221,9922697813,Bhoiwada,bus,4,
Vaishali Chavan 2222,9288225757,Lalbaug,walk,,
Sunita Pawar 2223,,Dadar,Walk,,
Ganesh More 2224,9022378558,Dadar,Train,5,
Nitin Kadam 2225,9665076898,Parel,Walk,8,
Rekha Shinde 2226,9775091307,Byculla,Walk,5,
Vaishali Chavan 2227,,Chowpatty,Train,2,carrying idol
Rekha Shinde 2228,9313400726,Byculla,walk,3,carrying idol
Meena Salvi 2229,9634898107,Dadar,Train,5,
Meena Salvi 2230,9951155114,Charni Road,walk,1,
Nitin Kadam 2231,9730890436,,Bus,6,
,,Dadar,walk,4,elderly in group
Sunita Pawar 2233,9565592434,Charni Road,bus,4,
Sunita Pawar 2234,,Girgaon,BEST,4,
Ajay Bhosale 2235,9883879940,Chowpatty,Train,,children in group
Ganesh More 2236,9275351732,Bhoiwada,walk,,children in group
Vaishali Chavan 2237,9155800195,,Bus,5,
Prakash Gaikwad 2238,,Kalbadevi,bus,7,
Sunita Pawar 2239,9773317268,Chowpatty,BEST,,
Nitin Kadam 2240,,Bhoiwada,Train,8,
Ganesh More 2241,9483554587,Lalbaug,Train,1,
Sunita Pawar 2242,9387607610,Girgaon,walk,1,children in group
Prakash Gaikwad 2243,9026373336,Bhoiwada,Train,7,carrying idol
Vaishali Chavan 2244,9912692335,Parel,Walk,7,
Nitin Kadam 2245,9562321805,Kalbadevi,Walk,4,
Nitin Kadam 2246,9542082293,Parel,Walk,7,
Rekha Shinde 2247,9255960459,,Train,7,
Prakash Gaikwad 2248,9298571793,Girgaon,Walk,2,children in group
,9740475770,Chowpatty,Walk,2,children in group
Ajay Bhosale 2250,9825552084,Bhoiwada,Walk,1,
Sunita Pawar 2251,9712355823,Kalbadevi,Bus,1,
Sunita Pawar 2252,9726317229,Byculla,Bus,2,
Vaishali Chavan 2253,,Dadar,Bus,6,
Ganesh More 2254,9441994049,Charni Road,Walk,6,
Meena Salvi 2255,9319740242,Bhoiwada,Bus,8,
Ganesh More 2256,9491495309,Girgaon,train,6,
Vaishali Chavan 2257,9089644707,Girgaon,Walk,7,
Meena Salvi 2258,9300042524,Byculla,Walk,1,
Rekha Shinde 2259,,Grant Road,walk,4,
Rekha Shinde 2260,9546162370,Chowpatty,train,5,
Vaishali Chavan 2261,,Grant Road,train,8,
Prakash Gaikwad 2262,9963057640,Girgaon,Walk,5,
Ajay Bhosale 2263,9341741053,Kalbadevi,Walk,1,
Prakash Gaikwad 2264,,,Train,5,
Ganesh More 2265,9864490324,Chowpatty,Walk,8,
Ganesh More 2266,9138726595,Byculla,train,,
Prakash Gaikwad 2267,9213105837,Charni Road,Walk,3,
Rekha Shinde 2268,9612490417,Bhoiwada,walk,1,children in group
Prakash Gaikwad 2269,9764134415,Kalbadevi,Bus,2,
Ajay Bhosale 2270,9544936965,Charni Road,Train,3,
Ganesh More 2271,9341505272,Chowpatty,Train,4,
Prakash Gaikwad 2272,,Byculla,Walk,4,
Nitin Kadam 2273,9606442103,Chowpatty,Rail,4,
Ganesh More 2274,,Bhoiwada,Local,4,
Ajay Bhosale 2275,9443489926,Byculla,Train,6,
Ajay Bhosale 2276,9312935580,Girgaon,Train,7,
Ajay Bhosale 2277,9693686620,Chowpatty,Train,2,
Meena Salvi 2278,9068164495,Chowpatty,bus,4,
Rekha Shinde 2279,,Kalbadevi,Bus,8,elderly in group
Meena Salvi 2280,,Parel,train,5,
Vaishali Chavan 2281,9644210064,Byculla,bus,6,
Ajay Bhosale 2282,9458880581,Bhoiwada,train,6,
Ganesh More 2283,9652811605,Bhoiwada,Walk,4,
Sunita Pawar 2284,,Lalbaug,Train,7,elderly in group
Nitin Kadam 2285,9559452926,Dadar,Walk,7,
Sunita Pawar 2286,9408052493,Dadar,Bus,1,
Ganesh More 2287,,Grant Road,On foot,6,carrying idol
Ganesh More 2288,9247909969,Byculla,bus,5,
Vaishali Chavan 2289,9373555477,,Bus,6,
Ajay Bhosale 2290,9750731150,Lalbaug,Train,5,
Ganesh More 2291,9328247112,Kalbadevi,walk,7,
Ganesh More 2292,9416466963,Girgaon,Bus,8,
Ajay Bhosale 2293,9688139385,Kalbadevi,bus,6,
Vaishali Chavan 2294,9963950038,Byculla,walk,7,
Rekha Shinde 2295,,Girgaon,Walk,6,
,9054678126,Lalbaug,BEST,6,
Prakash Gaikwad 2297,9507618825,Grant Road,Other,,
Rekha Shinde 2298,9249751111,Kalbadevi,bus,,
Vaishali Chavan 2299,9998949080,Byculla,walk,5,
Rekha Shinde 2300,,Byculla,Walk,2,
Nitin Kadam 2301,9445229364,Girgaon,Bus,4,
Nitin Kadam 2302,9403145223,Charni Road,train,1,
Nitin Kadam 2303,9871716374,Chowpatty,Walk,6,
Ajay Bhosale 2304,9173191616,Byculla,Train,3,
Meena Salvi 2305,,Lalbaug,On foot,3,
Sunita Pawar 2306,9933870721,Girgaon,Walk,8,
Ganesh More 2307,,Girgaon,Walk,1,
Ajay Bhosale 2308,9457021455,Grant Road,Walk,6,carrying idol
Meena Salvi 2309,,Kalbadevi,Walk,,
Meena Salvi 2310,,Chowpatty,train,,
Ganesh More 2311,,Parel,Walk,8,
Vaishali Chavan 2312,9979557909,Bhoiwada,Bus,5,
Ganesh More 2313,9357817105,Charni Road,Bus,,
Ganesh More 2314,9468145293,Parel,On foot,7,children in group
Nitin Kadam 2315,9294923054,Charni Road,Train,,
Ajay Bhosale 2316,9963850337,Grant Road,Walk,3,
Meena Salvi 2317,9777359377,Lalbaug,Walk,,
Vaishali Chavan 2318,,Girgaon,Walk,5,
Vaishali Chavan 2319,9883693475,Parel,On foot,3,
Vaishali Chavan 2320,9710333456,Girgaon,Rail,6,
Sunita Pawar 2321,9442023798,Lalbaug,bus,6,
Ganesh More 2322,9907025346,Parel,train,,
Meena Salvi 2323,9050668897,Girgaon,Bus,1,carrying idol
Vaishali Chavan 2324,9618010510,Girgaon,walk,7,
Sunita Pawar 2325,9978479998,Dadar,Train,7,carrying idol
Sunita Pawar 2326,9140503158,Girgaon,Walk,6,
Prakash Gaikwad 2327,9696588224,,Walk,3,
Sunita Pawar 2328,9988488655,Lalbaug,Rail,4,
Rekha Shinde 2329,9738758282,Girgaon,Bus,3,children in group
Meena Salvi 2330,9841571079,Grant Road,Walk,2,
Nitin Kadam 2331,,Charni Road,train,8,
Nitin Kadam 2332,9589282786,Bhoiwada,Train,5,
Meena Salvi 2333,9591909580,Lalbaug,walk,4,
Nitin Kadam 2334,9382155440,Girgaon,Walk,3,
Ajay Bhosale 2335,9226805765,Chowpatty,Other,,
Sunita Pawar 2336,9900954163,Kalbadevi,Train,6,
Nitin Kadam 2337,,,train,8,
Meena Salvi 2338,9242859632,,Other,5,
Rekha Shinde 2339,9799778090,Parel,walk,8,children in group
Ganesh More 2340,9614400280,Chowpatty,Walk,5,
Sunita Pawar 2341,9912450568,Byculla,Train,6,
Ajay Bhosale 2342,9659994858,Lalbaug,Train,4,
Vaishali Chavan 2343,9825997246,Byculla,walk,2,
Nitin Kadam 2344,,Dadar,bus,,
,9542072013,Grant Road,walk,8,
,9679962023,Kalbadevi,walk,8,
Rekha Shinde 2347,9051666547,Bhoiwada,Walk,2,
Meena Salvi 2348,9665530525,Girgaon,train,2,elderly in group
Vaishali Chavan 2349,,Byculla,Other,2,
Ajay Bhosale 2350,9647976132,Bhoiwada,Rail,6,
Meena Salvi 2351,9593434552,Chowpatty,Walk,6,
Nitin Kadam 2352,,Chowpatty,Local,6,children in group
Ajay Bhosale 2353,9078628987,Dadar,Bus,8,
Ajay Bhosale 2354,9459701162,Girgaon,Walk,8,
Rekha Shinde 2355,9393329569,Parel,Walk,3,
Meena Salvi 2356,9670791168,Parel,train,1,
Ajay Bhosale 2357,,Bhoiwada,Train,4,
Ganesh More 2358,9803214112,Parel,Walk,2,
,9151260565,Lalbaug,train,,
Ajay Bhosale 2360,,Grant Road,train,2,
,9714545200,Dadar,train,4,
Ajay Bhosale 2362,9608300517,Dadar,train,5,children in group
Nitin Kadam 2363,9072874956,Girgaon,,2,
Nitin Kadam 2364,,Girgaon,Train,3,children in group
Ajay Bhosale 2365,9637212433,Kalbadevi,Local,3,
Meena Salvi 2366,9699713629,Charni Road,walk,7,
Prakash Gaikwad 2367,9815217531,Bhoiwada,On foot,,
Sunita Pawar 2368,9137825409,Charni Road,Train,7,
Nitin Kadam 2369,9029746451,Chowpatty,Walk,1,
Ganesh More 2370,9002554339,Byculla,Train,1,children in group
Ajay Bhosale 2371,9683038864,Grant Road,On foot,3,elderly in group
Sunita Pawar 2372,9588563821,Kalbadevi,walk,,
Nitin Kadam 2373,9496270347,Kalbadevi,N/A,5,children in group
Nitin Kadam 2374,9826931894,Bhoiwada,walk,4,
Nitin Kadam 2375,,Bhoiwada,Bus,,
Nitin Kadam 2376,9394327465,Lalbaug,On foot,6,
Ajay Bhosale 2377,9829441613,,walk,,
Ajay Bhosale 2378,9829488707,Chowpatty,On foot,8,
Nitin Kadam 2379,,Girgaon,Bus,3,
Rekha Shinde 2380,9109845648,Charni Road,Train,8,
Rekha Shinde 2381,9418448229,Charni Road,walk,4,children in group
Ajay Bhosale 2382,,Chowpatty,Walk,7,
Rekha Shinde 2383,9966485558,Grant Road,Walk,5,
Prakash Gaikwad 2384,9773221388,Byculla,walk,2,
Meena Salvi 2385,9450201674,Parel,Walk,3,
Ganesh More 2386,9311121819,Lalbaug,Rail,6,
Ajay Bhosale 2387,9356706723,Dadar,N/A,,elderly in group
Meena Salvi 2388,9924273744,Charni Road,Train,5,
Vaishali Chavan 2389,9040128341,Dadar,Train,3,
Rekha Shinde 2390,9599106725,Chowpatty,Walk,7,
Sunita Pawar 2391,9451990281,Girgaon,Bus,8,
Ganesh More 2392,,Charni Road,Bus,3,
Vaishali Chavan 2393,,Chowpatty,Walk,1,
Ganesh More 2394,9807792572,Girgaon,train,8,
Vaishali Chavan 2395,,Kalbadevi,On foot,8,carrying idol
Ganesh More 2396,,Dadar,Walk,5,
Vaishali Chavan 2397,,Charni Road,On foot,,
Rekha Shinde 2398,9874460333,Charni Road,Walk,1,
Prakash Gaikwad 2399,9919791933,Parel,Walk,4,
Vaishali Chavan 2400,9315793154,Lalbaug,Walk,6,
Meena Salvi 2401,9716077505,Kalbadevi,Walking,1,
Rekha Shinde 2402,,Lalbaug,Bus,1,carrying idol
Sunita Pawar 2403,9657514746,Dadar,Rail,3,
Nitin Kadam 2404,9776339498,Dadar,Walk,,
Nitin Kadam 2405,9600963571,Dadar,On foot,4,
Prakash Gaikwad 2406,9268938831,Byculla,Walk,,
,9212826327,Girgaon,Other,4,
Vaishali Chavan 2408,9719519841,Lalbaug,Walk,,
Vaishali Chavan 2409,9487388370,Dadar,Walk,8,
Nitin Kadam 2410,,Lalbaug,Walk,8,
Vaishali Chavan 2411,9936960182,Kalbadevi,walk,3,
,9631006904,Kalbadevi,Bus,5,
Sunita Pawar 2413,,Charni Road,Bus,2,
,,Grant Road,N/A,4,
Ajay Bhosale 2415,9543802530,Dadar,Train,8,
Meena Salvi 2416,9554729129,,N/A,7,
Nitin Kadam 2417,9685936135,Parel,train,7,
Prakash Gaikwad 2418,,Charni Road,Rail,8,
Ganesh More 2419,9707212138,,bus,4,
Rekha Shinde 2420,,Lalbaug,Walk,7,children in group
Meena Salvi 2421,9462216634,Bhoiwada,Train,8,
Ajay Bhosale 2422,9123047405,Charni Road,walk,3,
Ajay Bhosale 2423,9826779479,Charni Road,Train,4,
Sunita Pawar 2424,9023860979,Girgaon,Walk,2,children in group
Sunita Pawar 2425,9334797937,Chowpatty,Walk,6,
Vaishali Chavan 2426,9870534292,Byculla,Walk,4,
Nitin Kadam 2427,9808862359,Dadar,train,2,
Nitin Kadam 2428,9721571087,Byculla,Walk,2,
Ganesh More 2429,9045056330,Byculla,walk,6,
Ganesh More 2430,,Parel,train,2,
Rekha Shinde 2431,,Bhoiwada,walk,1,
Ajay Bhosale 2432,9299276041,Dadar,walk,3,
Sunita Pawar 2433,9132805776,Lalbaug,Walk,8,
Sunita Pawar 2434,9139702315,Byculla,bus,,carrying idol
Sunita Pawar 2435,9812745123,Lalbaug,Walk,2,
Rekha Shinde 2436,9992337045,Bhoiwada,walk,7,
Meena Salvi 2437,,Chowpatty,walk,8,elderly in group
Ganesh More 2438,9428903166,Parel,Walk,8,children in group
Ganesh More 2439,9141806670,Bhoiwada,Other,8,
Vaishali Chavan 2440,,Grant Road,Walk,5,
Rekha Shinde 2441,9919127332,Parel,Train,2,children in group
Ajay Bhosale 2442,9627150089,Dadar,Train,4,
Ganesh More 2443,9634489557,Lalbaug,Train,6,
Ganesh More 2444,9459839069,Kalbadevi,Train,5,
Ajay Bhosale 2445,9386062953,Kalbadevi,Walk,5,
Meena Salvi 2446,9679181973,Girgaon,Train,,elderly in group
Prakash Gaikwad 2447,9473827743,Girgaon,Train,4,
Ganesh More 2448,9930152341,Girgaon,BEST,8,
Ganesh More 2449,9415628567,Dadar,bus,7,
Ganesh More 2450,,Charni Road,Bus,3,
Vaishali Chavan 2451,9613047421,Bhoiwada,Walk,5,
Ganesh More 2452,9160679690,Bhoiwada,Train,4,elderly in group
Nitin Kadam 2453,9010957846,Kalbadevi,Walk,7,
Sunita Pawar 2454,,Parel,Walk,5,children in group
Prakash Gaikwad 2455,9897203962,Parel,Bus,4,
Vaishali Chavan 2456,9452475446,Byculla,train,6,
Rekha Shinde 2457,9215011298,Charni Road,train,,
Sunita Pawar 2458,9769888424,Chowpatty,Walk,1,
Nitin Kadam 2459,9033849185,Chowpatty,Walk,6,
Rekha Shinde 2460,9564327150,Chowpatty,Walk,8,
,9090895793,Parel,Train,5,
Vaishali Chavan 2462,9670222901,Lalbaug,walk,4,
Meena Salvi 2463,9352060368,Parel,walk,1,
Prakash Gaikwad 2464,9537391609,Bhoiwada,Walk,5,
Nitin Kadam 2465,,Grant Road,train,,
Sunita Pawar 2466,9382584784,Grant Road,Walk,6,
Prakash Gaikwad 2467,9531339732,Grant Road,bus,8,carrying idol
Prakash Gaikwad 2468,9847393329,Lalbaug,Walk,6,
Rekha Shinde 2469,9438072620,Girgaon,BEST,1,
Prakash Gaikwad 2470,,Kalbadevi,BEST,,
Vaishali Chavan 2471,9814203621,Chowpatty,Walk,2,
Vaishali Chavan 2472,,Girgaon,Train,,
Ajay Bhosale 2473,9852831929,Girgaon,train,8,
Sunita Pawar 2474,9087440787,Girgaon,walk,7,
Nitin Kadam 2475,9294018350,Parel,On foot,4,
Ganesh More 2476,9968522892,Bhoiwada,On foot,8,
Prakash Gaikwad 2477,,Byculla,Bus,5,
Ajay Bhosale 2478,9097048805,Parel,Bus,8,
Sunita Pawar 2479,9661117055,,walk,1,
Ganesh More 2480,9944336685,Lalbaug,train,7,
Ajay Bhosale 2481,9713728528,Girgaon,train,2,
Rekha Shinde 2482,9860140071,Dadar,Walk,3,
Meena Salvi 2483,9386023429,Parel,train,4,children in group
Vaishali Chavan 2484,9897131540,Parel,Walk,6,elderly in group
Prakash Gaikwad 2485,9678175028,Lalbaug,Walk,3,
Ganesh More 2486,9756985965,Parel,Train,,
Sunita Pawar 2487,9273519504,Parel,bus,,children in group
Meena Salvi 2488,9068454511,Dadar,Bus,8,
Ganesh More 2489,9283192154,Grant Road,BEST,3,
Prakash Gaikwad 2490,9698717390,Bhoiwada,Bus,1,
Meena Salvi 2491,9531269163,Girgaon,Walking,5,
Nitin Kadam 2492,9543538343,Girgaon,train,4,
Sunita Pawar 2493,9432238248,Parel,Other,3,children in group
Nitin Kadam 2494,9163301724,Charni Road,Walk,,
Vaishali Chavan 2495,9376616820,Kalbadevi,train,5,
,9472826714,,,6,
Vaishali Chavan 2497,9771048417,Parel,Walk,6,
Ajay Bhosale 2498,9010418346,Bhoiwada,On foot,2,
Ganesh More 2499,9400064780,Bhoiwada,Train,2,
Meena Salvi 2500,,Kalbadevi,Train,2,
Vaishali Chavan 2501,9216592478,Kalbadevi,Rail,4,
Ajay Bhosale 2502,,Parel,Walk,6,
Nitin Kadam 2503,9360256370,Parel,Walk,4,
Prakash Gaikwad 2504,9484357318,Chowpatty,bus,8,
Ganesh More 2505,9440220023,Grant Road,BEST,5,
Ganesh More 2506,9637767487,Grant Road,Bus,,children in group
Ajay Bhosale 2507,9338271865,Girgaon,Train,6,
Meena Salvi 2508,,Charni Road,train,8,
Meena Salvi 2509,9819212926,Lalbaug,Walk,2,
Sunita Pawar 2510,9731322512,,walk,1,carrying idol
Vaishali Chavan 2511,9998425244,Charni Road,train,3,elderly in group
Vaishali Chavan 2512,9516744073,Bhoiwada,N/A,2,
Sunita Pawar 2513,9402907441,Girgaon,Walk,,elderly in group
Prakash Gaikwad 2514,9027209038,Girgaon,Bus,3,
Meena Salvi 2515,9303386955,Dadar,Walk,8,
Sunita Pawar 2516,9891268128,Bhoiwada,On foot,1,
Prakash Gaikwad 2517,9948117927,Kalbadevi,walk,2,
Meena Salvi 2518,9552026605,Chowpatty,Walk,6,
Rekha Shinde 2519,9776329583,Dadar,Other,,
Sunita Pawar 2520,9904388378,Kalbadevi,Train,5,
Ajay Bhosale 2521,9690831711,Byculla,,6,
Sunita Pawar 2522,,Dadar,Walk,7,children in group
Sunita Pawar 2523,9941324677,Kalbadevi,Bus,4,
Sunita Pawar 2524,9370432279,Chowpatty,Walking,7,
Sunita Pawar 2525,9707522763,Grant Road,Train,4,
Sunita Pawar 2526,9168257426,Chowpatty,Walk,5,
Nitin Kadam 2527,9044707957,Lalbaug,bus,2,
Prakash Gaikwad 2528,9019526882,Charni Road,Walk,,
Prakash Gaikwad 2529,,Dadar,Train,3,
Sunita Pawar 2530,9694284930,Byculla,Walk,4,
Meena Salvi 2531,9932596285,Bhoiwada,Walking,6,
Ganesh More 2532,9664997959,Kalbadevi,Rail,7,
Meena Salvi 2533,9038399623,,On foot,1,elderly in group
Rekha Shinde 2534,9568956141,Dadar,Train,3,
Ganesh More 2535,9826694428,Dadar,Bus,3,
Ajay Bhosale 2536,9539033369,Girgaon,Bus,8,children in group
Nitin Kadam 2537,9181515122,Girgaon,Walk,2,
Meena Salvi 2538,9348479830,Chowpatty,walk,4,
Vaishali Chavan 2539,9885627420,Byculla,Walk,7,
Ajay Bhosale 2540,9911732103,Charni Road,Walking,2,carrying idol
Ganesh More 2541,9555236432,Lalbaug,train,7,
Nitin Kadam 2542,9472553211,Grant Road,Walk,5,
Nitin Kadam 2543,9673486936,Kalbadevi,Rail,1,
Meena Salvi 2544,9749939622,Girgaon,,8,
Meena Salvi 2545,9658117757,Dadar,BEST,,elderly in group
Vaishali Chavan 2546,9634370534,Parel,Train,3,elderly in group
Sunita Pawar 2547,,Kalbadevi,walk,7,
Ajay Bhosale 2548,9244766366,Dadar,walk,5,
Nitin Kadam 2549,9802012967,Bhoiwada,Walking,6,
Ganesh More 2550,9629508395,Chowpatty,walk,4,
Sunita Pawar 2551,9307256162,Grant Road,Train,,
Ganesh More 2552,9157506294,Chowpatty,Walk,8,
Sunita Pawar 2553,9941823356,Grant Road,Walk,8,
Ganesh More 2554,9001827879,Kalbadevi,Walk,6,
Ganesh More 2555,9599432309,,walk,1,
Ganesh More 2556,9630119718,Lalbaug,bus,7,carrying idol
Vaishali Chavan 2557,,Byculla,train,,
Nitin Kadam 2558,9719992769,Girgaon,Walk,8,
Sunita Pawar 2559,,Kalbadevi,On foot,3,elderly in group
Sunita Pawar 2560,9469777504,Kalbadevi,Bus,6,
Rekha Shinde 2561,,Lalbaug,train,2,
Prakash Gaikwad 2562,9478085862,Dadar,Walk,6,
Sunita Pawar 2563,9618932902,,Train,6,
Prakash Gaikwad 2564,9718539145,Bhoiwada,train,8,
Ajay Bhosale 2565,9061378670,Parel,Walk,,
Nitin Kadam 2566,9136238842,Charni Road,Bus,7,
Vaishali Chavan 2567,9237584633,Parel,Walk,6,elderly in group
Prakash Gaikwad 2568,,Chowpatty,walk,6,
Meena Salvi 2569,9661333563,Byculla,Walk,3,
Sunita Pawar 2570,9395860353,Girgaon,walk,1,
Nitin Kadam 2571,9860609456,Chowpatty,train,6,
Rekha Shinde 2572,,Chowpatty,Train,5,
Meena Salvi 2573,9074900531,Girgaon,Train,,elderly in group
Sunita Pawar 2574,9463524310,Girgaon,walk,,carrying idol
Ganesh More 2575,9228594856,Parel,train,4,
Ganesh More 2576,9040904764,Charni Road,BEST,3,
Prakash Gaikwad 2577,9485281634,Byculla,Walk,4,
Meena Salvi 2578,,Lalbaug,Walk,3,
Ganesh More 2579,9170715979,,Bus,4,
Meena Salvi 2580,9846067565,Girgaon,On foot,6,
Rekha Shinde 2581,9235503098,Parel,train,,
Meena Salvi 2582,9212431991,Chowpatty,Walk,4,
Meena Salvi 2583,9909974871,Byculla,Train,3,
Prakash Gaikwad 2584,9685536887,Girgaon,Bus,7,
Vaishali Chavan 2585,9121695405,Girgaon,Train,,
Prakash Gaikwad 2586,9401321002,Grant Road,bus,6,
Sunita Pawar 2587,,Girgaon,bus,8,
Meena Salvi 2588,9031399392,Bhoiwada,train,3,
Nitin Kadam 2589,9290816270,Dadar,Walk,5,
Rekha Shinde 2590,9863746462,Charni Road,Rail,3,children in group
Meena Salvi 2591,9096128262,Kalbadevi,walk,3,
Sunita Pawar 2592,9873094120,Charni Road,N/A,3,
Nitin Kadam 2593,9942064765,Lalbaug,walk,,
Ganesh More 2594,9067946174,Bhoiwada,Walk,,
Sunita Pawar 2595,9364223226,Lalbaug,Bus,7,carrying idol
Ganesh More 2596,9398169356,Chowpatty,Other,8,
Rekha Shinde 2597,9551156244,Dadar,Train,,
Sunita Pawar 2598,9348442187,Lalbaug,Walk,8,
Nitin Kadam 2599,9351609200,Charni Road,Train,2,
Rekha Shinde 2600,,Parel,bus,3,
Ajay Bhosale 2601,9487978701,Bhoiwada,Train,8,
Meena Salvi 2602,9815666202,Byculla,Train,1,
Meena Salvi 2603,9740323589,Byculla,Walk,4,
Vaishali Chavan 2604,,Lalbaug,Walk,1,
Ajay Bhosale 2605,9374130301,Girgaon,Walk,4,
Rekha Shinde 2606,9828579277,Girgaon,walk,4,
Vaishali Chavan 2607,9798051154,Byculla,train,6,
Nitin Kadam 2608,9960952975,,Walk,3,
Ajay Bhosale 2609,9943449511,Lalbaug,Train,7,
Ajay Bhosale 2610,9216069813,Girgaon,walk,7,
Ganesh More 2611,9244741426,Charni Road,Walk,,elderly in group
Ganesh More 2612,9152015310,Charni Road,Bus,4,
Prakash Gaikwad 2613,9770931944,Parel,Walk,8,
Sunita Pawar 2614,9612805051,Lalbaug,walk,5,
Ajay Bhosale 2615,9183131385,Grant Road,Train,2,
Sunita Pawar 2616,9822369838,Parel,Walk,1,carrying idol
Ganesh More 2617,9293402743,Chowpatty,Walk,2,
Nitin Kadam 2618,9640542545,Charni Road,Walking,5,
Vaishali Chavan 2619,9773398295,Girgaon,On foot,3,
Ganesh More 2620,9137530741,Byculla,Walk,3,
Nitin Kadam 2621,9605448494,Dadar,train,1,
Ganesh More 2622,9139892532,Dadar,Rail,5,
Rekha Shinde 2623,9509966365,Charni Road,Walk,3,
Rekha Shinde 2624,9508866020,Chowpatty,bus,3,
Rekha Shinde 2625,9044431477,Parel,walk,5,
Meena Salvi 2626,9225012402,Chowpatty,train,2,
,9702276366,Byculla,Train,5,elderly in group
Rekha Shinde 2628,9681594084,Girgaon,Walk,3,
Sunita Pawar 2629,9229538422,Lalbaug,Local,6,
Prakash Gaikwad 2630,9381000786,Dadar,Bus,2,carrying idol
,9288563061,Girgaon,Train,5,
,9840884684,Bhoiwada,walk,6,
Ajay Bhosale 2633,9048528687,Bhoiwada,Walk,8,carrying idol
Nitin Kadam 2634,,Charni Road,Walk,4,
Nitin Kadam 2635,9861716149,Kalbadevi,walk,2,children in group
Prakash Gaikwad 2636,9874972731,Chowpatty,Bus,3,
Prakash Gaikwad 2637,,Grant Road,bus,5,carrying idol
Meena Salvi 2638,,,Walk,8,
Prakash Gaikwad 2639,9146818017,Girgaon,On foot,2,
Ganesh More 2640,9493880175,Dadar,Walk,,
Meena Salvi 2641,9575757782,,Bus,4,
Meena Salvi 2642,9191659049,Chowpatty,Local,6,
Sunita Pawar 2643,,Dadar,train,3,
Ganesh More 2644,,Parel,walk,2,
Nitin Kadam 2645,9149834274,Charni Road,Walk,8,
Ganesh More 2646,9493998061,Byculla,Bus,1,
Nitin Kadam 2647,,Grant Road,Walk,4,
Ganesh More 2648,9930190006,Dadar,Train,5,
Rekha Shinde 2649,9274549985,,Train,7,
Nitin Kadam 2650,9007645618,Dadar,Rail,5,
Vaishali Chavan 2651,9603764582,Charni Road,Bus,7,carrying idol
Meena Salvi 2652,9611526272,Chowpatty,Walk,3,elderly in group
Nitin Kadam 2653,,Dadar,train,8,
Nitin Kadam 2654,9789103322,Dadar,Walk,3,
Sunita Pawar 2655,,Chowpatty,bus,4,
Rekha Shinde 2656,9733836705,Parel,Local,5,
Vaishali Chavan 2657,9260168289,Kalbadevi,Walking,2,
Nitin Kadam 2658,9331206670,Grant Road,Walk,2,elderly in group
Vaishali Chavan 2659,9018034402,Chowpatty,Walk,1,
Rekha Shinde 2660,9117505126,Girgaon,train,4,children in group
Sunita Pawar 2661,9287184831,Charni Road,Bus,1,
Sunita Pawar 2662,9256795872,Parel,walk,,
Meena Salvi 2663,,Bhoiwada,On foot,4,
Ajay Bhosale 2664,9030784545,Bhoiwada,Train,8,
Rekha Shinde 2665,9568024554,Charni Road,Bus,2,
Sunita Pawar 2666,9932153396,Grant Road,Walk,8,
Meena Salvi 2667,9349026344,Bhoiwada,Walk,8,
Rekha Shinde 2668,,Grant Road,Walk,6,
Prakash Gaikwad 2669,9816354330,Grant Road,On foot,7,
Ganesh More 2670,9519010234,Dadar,Walk,4,elderly in group
Ajay Bhosale 2671,9297395633,Grant Road,Train,7,
Ajay Bhosale 2672,9929861146,Dadar,train,1,
Sunita Pawar 2673,9351131287,Dadar,Bus,4,
Nitin Kadam 2674,9166302070,Lalbaug,train,1,
Prakash Gaikwad 2675,,Girgaon,Bus,4,
Vaishali Chavan 2676,9217007846,Lalbaug,Local,,
Rekha Shinde 2677,9950919259,Parel,walk,5,carrying idol
Ganesh More 2678,9312651435,Byculla,walk,5,
Ajay Bhosale 2679,9706939483,,Bus,8,
Meena Salvi 2680,9827627823,Dadar,Train,3,
Prakash Gaikwad 2681,,Lalbaug,Walk,3,
Nitin Kadam 2682,9608963464,Bhoiwada,Train,7,carrying idol
Ajay Bhosale 2683,9674589056,Dadar,Train,4,
Nitin Kadam 2684,,Grant Road,Bus,4,
Meena Salvi 2685,9882945263,Grant Road,walk,2,
Rekha Shinde 2686,9298930474,Lalbaug,BEST,4,
Sunita Pawar 2687,9475345612,Girgaon,Walk,4,
Ganesh More 2688,9308438793,Chowpatty,Bus,3,
Nitin Kadam 2689,,Lalbaug,Bus,6,
Prakash Gaikwad 2690,9577780080,,Bus,7,
Ajay Bhosale 2691,9023852430,Lalbaug,Bus,1,children in group
Rekha Shinde 2692,,Byculla,N/A,7,
Ganesh More 2693,9576259209,Girgaon,Walk,3,
Vaishali Chavan 2694,9908549558,,Walk,8,
Ganesh More 2695,9140814721,Parel,Train,3,
Ganesh More 2696,9027120521,Grant Road,Walk,7,carrying idol
,9515435383,Chowpatty,Walk,8,
Prakash Gaikwad 2698,,Chowpatty,train,5,
Rekha Shinde 2699,9368863487,Dadar,Bus,2,
Sunita Pawar 2700,9469115583,Dadar,bus,2,
Ganesh More 2701,9833329795,Parel,train,2,
Ganesh More 2702,9774367252,Byculla,Train,5,
Rekha Shinde 2703,9290331787,Parel,Walk,2,elderly in group
Prakash Gaikwad 2704,9200733275,Chowpatty,Walk,5,
Sunita Pawar 2705,9954527622,Dadar,Local,4,
Meena Salvi 2706,9911336936,Parel,bus,,children in group
Ajay Bhosale 2707,9172906071,Dadar,Train,,
Vaishali Chavan 2708,9542796803,Chowpatty,Train,6,
Prakash Gaikwad 2709,,Charni Road,N/A,7,
Meena Salvi 2710,9600128624,Dadar,walk,7,
Sunita Pawar 2711,,Bhoiwada,Walk,4,
Vaishali Chavan 2712,,Lalbaug,train,5,
Nitin Kadam 2713,9526225645,Kalbadevi,Bus,8,
Ajay Bhosale 2714,9343519714,Parel,Train,4,
Meena Salvi 2715,9284936834,Byculla,On foot,7,
Prakash Gaikwad 2716,,Bhoiwada,Bus,4,
Ganesh More 2717,9374592034,Charni Road,Train,8,
Rekha Shinde 2718,9121512466,Chowpatty,Walk,2,
Ganesh More 2719,9836052823,Bhoiwada,Bus,3,
Meena Salvi 2720,9285411264,Bhoiwada,Train,2,
Rekha Shinde 2721,,Kalbadevi,Other,3,
Meena Salvi 2722,,Byculla,walk,8,
Vaishali Chavan 2723,9133207754,Girgaon,Train,7,
Ajay Bhosale 2724,9068837432,Girgaon,Bus,5,
Meena Salvi 2725,,Bhoiwada,train,4,
Nitin Kadam 2726,,Lalbaug,Walk,8,
Nitin Kadam 2727,9469404360,Bhoiwada,Train,7,
Meena Salvi 2728,9311560394,Girgaon,Rail,3,
Ganesh More 2729,9005989796,Girgaon,bus,3,
Nitin Kadam 2730,9421085793,Dadar,Walk,,
Ganesh More 2731,9192951883,Chowpatty,On foot,2,
Meena Salvi 2732,9078611170,Bhoiwada,Bus,4,
Sunita Pawar 2733,9743567560,,train,4,
Nitin Kadam 2734,,Bhoiwada,Walk,1,
Vaishali Chavan 2735,9388593064,Kalbadevi,Train,3,
Vaishali Chavan 2736,9570233558,Chowpatty,train,7,
Prakash Gaikwad 2737,9469963067,Dadar,Walk,7,
Rekha Shinde 2738,,Girgaon,Train,3,
Prakash Gaikwad 2739,,Charni Road,Walk,6,
Ganesh More 2740,,Grant Road,Train,,
Prakash Gaikwad 2741,9476201416,Charni Road,Walk,,
Nitin Kadam 2742,9682902857,Parel,train,6,children in group
Nitin Kadam 2743,,Girgaon,walk,5,
Rekha Shinde 2744,9294276590,Dadar,bus,8,
Meena Salvi 2745,9978210707,Bhoiwada,Train,,
,9336325379,Lalbaug,Bus,4,
Sunita Pawar 2747,9447567123,Grant Road,walk,7,elderly in group
Rekha Shinde 2748,,Byculla,Train,8,
Vaishali Chavan 2749,9288138316,Byculla,Local,3,
Ajay Bhosale 2750,9868105272,Grant Road,walk,3,
Nitin Kadam 2751,,Grant Road,Bus,,elderly in group
Nitin Kadam 2752,9512682988,Kalbadevi,walk,5,
Ajay Bhosale 2753,9604952737,,Walking,4,
Prakash Gaikwad 2754,9080106194,Kalbadevi,Bus,,
,9785367819,Kalbadevi,,1,
Sunita Pawar 2756,9082034503,Bhoiwada,Bus,8,
Ajay Bhosale 2757,9787777540,Kalbadevi,bus,6,
Meena Salvi 2758,9959208053,Chowpatty,Walk,2,carrying idol
Sunita Pawar 2759,,Bhoiwada,Walk,6,
Rekha Shinde 2760,,Bhoiwada,Train,8,
Ganesh More 2761,,Dadar,walk,7,
Ajay Bhosale 2762,,Dadar,bus,3,
Rekha Shinde 2763,9602339476,Dadar,N/A,4,carrying idol
Ganesh More 2764,9658909214,Grant Road,walk,8,
Prakash Gaikwad 2765,9265422017,Chowpatty,bus,4,children in group
Vaishali Chavan 2766,9927516715,Parel,train,2,children in group
Nitin Kadam 2767,,Girgaon,bus,6,elderly in group
Nitin Kadam 2768,9539111150,Girgaon,walk,6,
Ajay Bhosale 2769,,Byculla,Train,7,
Sunita Pawar 2770,9106375181,Dadar,Walk,6,
Rekha Shinde 2771,9974599515,Parel,Local,2,
Sunita Pawar 2772,9813947625,Byculla,Walk,1,
Nitin Kadam 2773,9637783593,Parel,Walking,4,
Ganesh More 2774,,Girgaon,Bus,7,
Ganesh More 2775,9315548984,Parel,Local,,
Vaishali Chavan 2776,9476787508,Kalbadevi,walk,1,carrying idol
Ajay Bhosale 2777,,Chowpatty,train,1,
Nitin Kadam 2778,9473062319,Grant Road,Walk,8,children in group
Rekha Shinde 2779,9565664179,Charni Road,train,6,
Prakash Gaikwad 2780,9503327569,,bus,4,
,9360502789,Chowpatty,Bus,8,
Sunita Pawar 2782,9819116841,Parel,Train,5,children in group
Vaishali Chavan 2783,9893553599,Byculla,walk,1,
Meena Salvi 2784,9039128121,Dadar,Other,8,
,,Parel,On foot,6,
Nitin Kadam 2786,9267281367,Girgaon,train,8,carrying idol
Nitin Kadam 2787,9247655558,Grant Road,walk,3,children in group
Sunita Pawar 2788,9698387648,Chowpatty,Bus,4,
Vaishali Chavan 2789,9709581990,Lalbaug,Walk,5,
Ajay Bhosale 2790,,Charni Road,Walk,6,
Rekha Shinde 2791,9126822145,Parel,BEST,3,carrying idol
Nitin Kadam 2792,,Bhoiwada,Walk,6,
Prakash Gaikwad 2793,,,Walk,2,
Rekha Shinde 2794,9747622882,Parel,walk,7,
Ajay Bhosale 2795,9219740482,Lalbaug,Bus,6,
Nitin Kadam 2796,9224509358,Grant Road,Walking,,
Nitin Kadam 2797,9357604422,Lalbaug,N/A,,
Rekha Shinde 2798,9021728590,Lalbaug,Walk,3,
Sunita Pawar 2799,9129141458,Chowpatty,Train,5,elderly in group
Rekha Shinde 2800,9713679300,Bhoiwada,Train,5,
,9236877084,Kalbadevi,walk,6,children in group
Rekha Shinde 2802,9777751305,Girgaon,walk,8,
Ajay Bhosale 2803,9748700405,Grant Road,Walk,2,
Ajay Bhosale 2804,,Kalbadevi,Rail,2,elderly in group
Nitin Kadam 2805,9338256449,Bhoiwada,Bus,5,children in group
Vaishali Chavan 2806,,Bhoiwada,Walk,2,carrying idol
Meena Salvi 2807,9517552635,Parel,Walk,8,
Rekha Shinde 2808,,Lalbaug,bus,6,
Sunita Pawar 2809,9171845737,Chowpatty,Walk,,
Rekha Shinde 2810,9339961022,,Train,,elderly in group
Prakash Gaikwad 2811,9158749709,Dadar,Walk,6,
Vaishali Chavan 2812,9173120145,Byculla,train,1,
Ganesh More 2813,9941134057,Dadar,bus,2,
Nitin Kadam 2814,9359448044,Parel,walk,1,
Sunita Pawar 2815,,,Walk,6,
Ganesh More 2816,9136009752,Kalbadevi,On foot,5,
Ganesh More 2817,9528079264,Dadar,Walk,8,
Rekha Shinde 2818,9088166404,Girgaon,walk,8,
Ajay Bhosale 2819,9121377123,Parel,Walk,7,
Ajay Bhosale 2820,,Byculla,Bus,1,
Ajay Bhosale 2821,9206320381,Lalbaug,On foot,8,
Nitin Kadam 2822,9965572729,Chowpatty,Train,5,
Rekha Shinde 2823,9007318552,Dadar,walk,,elderly in group
Ganesh More 2824,,Girgaon,walk,8,
Nitin Kadam 2825,9799958865,Lalbaug,Walk,,
Meena Salvi 2826,9580317762,Grant Road,,1,children in group
Prakash Gaikwad 2827,9116185383,Charni Road,Train,6,
Vaishali Chavan 2828,9956526714,Chowpatty,,3,elderly in group
Ganesh More 2829,,Kalbadevi,Walk,3,
Sunita Pawar 2830,9322818753,Girgaon,Walk,4,
Ajay Bhosale 2831,9571497935,Kalbadevi,walk,5,
Rekha Shinde 2832,9241555595,,Walk,4,
Rekha Shinde 2833,9137977675,Byculla,bus,8,
Nitin Kadam 2834,,Girgaon,Walk,6,
Ajay Bhosale 2835,9144553586,Dadar,Train,8,
Ganesh More 2836,,Byculla,Train,,
Rekha Shinde 2837,,Parel,Walk,3,
Prakash Gaikwad 2838,9705019774,Byculla,bus,5,
Ajay Bhosale 2839,9432545110,Chowpatty,Bus,7,
Ganesh More 2840,9145606164,Lalbaug,walk,7,
Prakash Gaikwad 2841,9123215537,Charni Road,Bus,7,
Rekha Shinde 2842,9751225016,Kalbadevi,Walking,2,
Ganesh More 2843,9317331224,Bhoiwada,Train,5,children in group
Vaishali Chavan 2844,9886802452,Chowpatty,bus,2,
Meena Salvi 2845,9559082829,Grant Road,Walk,7,
Sunita Pawar 2846,,Girgaon,bus,2,
Sunita Pawar 2847,9855132621,Lalbaug,Train,2,carrying idol
Ganesh More 2848,9479223949,Bhoiwada,Walk,7,
Vaishali Chavan 2849,,Girgaon,Walk,,
Meena Salvi 2850,9162003532,Lalbaug,walk,3,
Meena Salvi 2851,9855231439,Parel,train,3,
Ajay Bhosale 2852,9304258669,Dadar,N/A,5,elderly in group
Sunita Pawar 2853,9722244213,,Bus,2,
Sunita Pawar 2854,9580758040,Lalbaug,Train,6,children in group
Sunita Pawar 2855,9008421121,Chowpatty,train,,
Ajay Bhosale 2856,,Girgaon,Train,3,
Nitin Kadam 2857,9932618325,Parel,Walking,8,
Rekha Shinde 2858,9490689552,Chowpatty,walk,3,
Vaishali Chavan 2859,9478393284,Byculla,Walk,1,
Nitin Kadam 2860,9179855801,Girgaon,Walk,7,
Vaishali Chavan 2861,9622402158,Charni Road,Bus,1,elderly in group
Prakash Gaikwad 2862,9797526552,Grant Road,bus,2,
Vaishali Chavan 2863,9923514258,Parel,Local,7,elderly in group
Vaishali Chavan 2864,9705053017,Dadar,Bus,3,
Prakash Gaikwad 2865,9001995503,Byculla,Walk,8,children in group
Meena Salvi 2866,9682901469,Grant Road,Walk,6,
Meena Salvi 2867,,Dadar,walk,7,
Ajay Bhosale 2868,9655681465,Byculla,walk,7,
Prakash Gaikwad 2869,,,train,7,
Rekha Shinde 2870,9578303963,Parel,Train,1,
Meena Salvi 2871,9560797735,,Walk,4,elderly in group
Meena Salvi 2872,9367876539,Kalbadevi,Walk,7,
Meena Salvi 2873,9727804121,Byculla,bus,8,carrying idol
Ajay Bhosale 2874,9844279815,Girgaon,bus,3,
Nitin Kadam 2875,9586391962,Parel,walk,5,
Prakash Gaikwad 2876,9299791760,Bhoiwada,Walk,2,
Sunita Pawar 2877,9362968786,Girgaon,Walk,5,carrying idol
Sunita Pawar 2878,,Girgaon,Walk,5,
Rekha Shinde 2879,9430258307,,Train,7,
Vaishali Chavan 2880,,Byculla,Train,5,
Ganesh More 2881,9650889055,Kalbadevi,Train,4,
Meena Salvi 2882,9104754427,Byculla,bus,5,children in group
Prakash Gaikwad 2883,9998638608,Grant Road,Walk,7,
Prakash Gaikwad 2884,9846962115,Parel,Walk,,
Nitin Kadam 2885,9948916349,Kalbadevi,train,3,
Rekha Shinde 2886,9628860346,Lalbaug,walk,1,
Ajay Bhosale 2887,9689950678,Charni Road,bus,2,elderly in group
Meena Salvi 2888,9699632165,Dadar,Walk,7,
Prakash Gaikwad 2889,9419834956,Bhoiwada,Train,3,
,9237062328,Dadar,walk,7,
Prakash Gaikwad 2891,9220248837,Byculla,Rail,7,
Ganesh More 2892,9574511194,Girgaon,Train,5,
Prakash Gaikwad 2893,9284839360,Kalbadevi,Walk,6,
Meena Salvi 2894,9064547261,Chowpatty,walk,1,
Ajay Bhosale 2895,,Charni Road,Bus,2,
Nitin Kadam 2896,9497386398,Dadar,Train,1,
Rekha Shinde 2897,,Charni Road,Walking,,
Ajay Bhosale 2898,9966399987,Grant Road,Walking,8,
Meena Salvi 2899,9382137173,Dadar,Walk,8,
Sunita Pawar 2900,,,Walk,5,
Vaishali Chavan 2901,9707309699,Bhoiwada,Walk,,
Meena Salvi 2902,9106567345,Charni Road,Walk,2,
,9985180431,Bhoiwada,Walk,1,
Vaishali Chavan 2904,,Byculla,Bus,2,
Rekha Shinde 2905,,Chowpatty,walk,2,
Ganesh More 2906,9489461004,Girgaon,train,4,elderly in group
Nitin Kadam 2907,9510407681,Byculla,Local,,
Meena Salvi 2908,9237749027,Parel,Walk,,
Prakash Gaikwad 2909,,Lalbaug,Walk,7,
Vaishali Chavan 2910,9066742821,Grant Road,On foot,4,
Vaishali Chavan 2911,9453531304,Girgaon,Walk,,
,9601021449,Grant Road,Train,2,
Sunita Pawar 2913,9403438147,Charni Road,Train,7,
Ganesh More 2914,9872271972,Grant Road,Walk,4,
Prakash Gaikwad 2915,9300942203,Kalbadevi,walk,2,
Ganesh More 2916,,Girgaon,Walk,4,
Prakash Gaikwad 2917,9548543457,Kalbadevi,Train,2,
Rekha Shinde 2918,9620321629,Chowpatty,Walk,1,
Rekha Shinde 2919,9603343339,Byculla,On foot,7,
Ganesh More 2920,9486258127,Bhoiwada,Walk,1,elderly in group
Meena Salvi 2921,9567192571,Byculla,Walk,8,
Nitin Kadam 2922,9958103776,Kalbadevi,Train,8,
Vaishali Chavan 2923,9268323844,Charni Road,Walk,1,
Nitin Kadam 2924,9177316980,Girgaon,Bus,7,
Meena Salvi 2925,9422914159,Parel,train,3,children in group
Ganesh More 2926,9159770429,Charni Road,Walk,,
Ganesh More 2927,9456482916,Bhoiwada,Walking,1,
Nitin Kadam 2928,9088876477,Parel,Train,1,carrying idol
Rekha Shinde 2929,9483817482,Dadar,On foot,1,
Ganesh More 2930,,Lalbaug,Walk,5,carrying idol
Meena Salvi 2931,9492278644,Parel,bus,7,
Ajay Bhosale 2932,,Charni Road,Bus,5,
Prakash Gaikwad 2933,9413285157,Grant Road,Walk,8,
Nitin Kadam 2934,9483801161,Chowpatty,train,6,
Meena Salvi 2935,9148844703,Parel,walk,3,
Vaishali Chavan 2936,9388464294,Byculla,train,,
Meena Salvi 2937,9688340459,Dadar,bus,5,
Sunita Pawar 2938,9474550475,Lalbaug,Train,6,
Rekha Shinde 2939,9462741146,Charni Road,Train,3,
Prakash Gaikwad 2940,9550385838,Grant Road,walk,6,
Rekha Shinde 2941,9837457058,Lalbaug,Walk,4,
Rekha Shinde 2942,9415785596,Lalbaug,Train,1,children in group
Ajay Bhosale 2943,9186545424,Bhoiwada,Bus,5,
Sunita Pawar 2944,9112613667,Parel,,,
Vaishali Chavan 2945,9566834661,Dadar,Walk,5,
Rekha Shinde 2946,9396669349,Byculla,Train,3,
Vaishali Chavan 2947,9610650622,Grant Road,Walk,3,
Ajay Bhosale 2948,,Lalbaug,Local,,
Rekha Shinde 2949,9884516851,Charni Road,Bus,8,children in group
Ganesh More 2950,9984867691,Grant Road,Walk,,children in group
Rekha Shinde 2951,,Kalbadevi,Train,,
Ganesh More 2952,9773609341,Bhoiwada,train,7,children in group
Sunita Pawar 2953,9660443710,Bhoiwada,Walk,2,
Sunita Pawar 2954,9019318861,Byculla,Walk,,
Rekha Shinde 2955,9424976291,Lalbaug,Walk,7,
Vaishali Chavan 2956,9915074184,Kalbadevi,Bus,3,
Vaishali Chavan 2957,9455013905,Parel,Walk,,
Meena Salvi 2958,9482189952,Girgaon,walk,5,
Prakash Gaikwad 2959,9688631936,Grant Road,Bus,6,
Prakash Gaikwad 2960,9764966730,Chowpatty,Train,5,children in group
Meena Salvi 2961,9132423236,Chowpatty,Bus,2,
Rekha Shinde 2962,,Lalbaug,Walking,6,
Rekha Shinde 2963,9181380609,Dadar,walk,,
Rekha Shinde 2964,9596118870,Bhoiwada,bus,5,
Meena Salvi 2965,,Parel,Walk,8,
Rekha Shinde 2966,9702502798,Parel,bus,,
Ajay Bhosale 2967,,Dadar,train,3,
Ajay Bhosale 2968,9311054217,Grant Road,Walk,7,
Ganesh More 2969,9040632655,,Walk,6,carrying idol
Prakash Gaikwad 2970,,Charni Road,Walk,3,carrying idol
Prakash Gaikwad 2971,,Lalbaug,train,4,
Sunita Pawar 2972,9816415415,Dadar,Walk,4,elderly in group
Ganesh More 2973,9528436966,Kalbadevi,Train,5,carrying idol
Ganesh More 2974,,Kalbadevi,Train,2,
Nitin Kadam 2975,,Kalbadevi,walk,8,
Ajay Bhosale 2976,9702886594,Parel,N/A,4,
Ajay Bhosale 2977,9872574631,Chowpatty,Walk,,
Sunita Pawar 2978,9065412260,,train,1,
Meena Salvi 2979,9343679882,Girgaon,Bus,3,
Ajay Bhosale 2980,9598701922,Charni Road,Walking,8,
Ganesh More 2981,9147448471,Dadar,Walk,5,children in group
Ganesh More 2982,9877354279,Kalbadevi,Train,1,
Sunita Pawar 2983,9667822798,Parel,train,6,
Prakash Gaikwad 2984,,Kalbadevi,Walk,1,
Sunita Pawar 2985,9613526893,Charni Road,Train,5,elderly in group
Sunita Pawar 2986,9188290988,Parel,Walk,1,
,9838989030,Chowpatty,bus,3,
Rekha Shinde 2988,9552662688,Lalbaug,Walk,2,
Prakash Gaikwad 2989,9568853350,Girgaon,Train,1,
Nitin Kadam 2990,9908157583,Byculla,Walk,,
Prakash Gaikwad 2991,,Byculla,walk,5,
Rekha Shinde 2992,9298298439,Byculla,walk,7,
Vaishali Chavan 2993,9220330872,Byculla,Walk,3,
Sunita Pawar 2994,9295004259,Parel,Train,6,
Sunita Pawar 2995,,Parel,bus,3,
Prakash Gaikwad 2996,9985862182,Parel,Train,5,elderly in group
Sunita Pawar 2997,9953478452,Charni Road,Bus,4,
Nitin Kadam 2998,9285577299,Girgaon,Train,7,
Prakash Gaikwad 2999,9574549416,Byculla,walk,7,children in group
Vaishali Chavan 3000,9561312356,Chowpatty,Walk,8,
Prakash Gaikwad 3001,,Byculla,Bus,6,
Rekha Shinde 3002,9711616095,Dadar,walk,8,
Ganesh More 3003,9505308970,Charni Road,Walk,5,
Meena Salvi 3004,9241943296,Dadar,Train,2,carrying idol
Vaishali Chavan 3005,9163620571,Parel,walk,2,
Vaishali Chavan 3006,9380875709,Charni Road,Bus,2,
Vaishali Chavan 3007,9305739775,Parel,Walk,8,
Ganesh More 3008,9687858293,Bhoiwada,Walk,4,children in group
Ajay Bhosale 3009,9965889143,Byculla,Train,7,
,9436255975,Girgaon,walk,8,
Nitin Kadam 3011,9561735549,Byculla,walk,6,
Nitin Kadam 3012,9040697499,Byculla,Walking,1,
Ajay Bhosale 3013,9257586656,Girgaon,walk,7,carrying idol
Ganesh More 3014,,Kalbadevi,train,4,
Meena Salvi 3015,9819966304,Charni Road,Bus,,
Ajay Bhosale 3016,9497567323,Kalbadevi,Bus,8,carrying idol
Ganesh More 3017,9572853587,Byculla,Bus,3,
Ganesh More 3018,9194621107,Byculla,Train,7,
Nitin Kadam 3019,9199324050,Bhoiwada,walk,4,
Rekha Shinde 3020,9896561165,Chowpatty,bus,3,
Ganesh More 3021,9086334265,Parel,Bus,8,
Ajay Bhosale 3022,,Parel,Other,1,
Prakash Gaikwad 3023,9897094828,Charni Road,Walk,,
Ajay Bhosale 3024,9713206939,Byculla,Walk,8,
Meena Salvi 3025,9908032368,Bhoiwada,Walk,3,
Sunita Pawar 3026,9315902944,Chowpatty,Walk,4,
Meena Salvi 3027,9632812791,Girgaon,Train,2,
Ganesh More 3028,,Parel,bus,6,
Ganesh More 3029,9290553275,Kalbadevi,Train,8,carrying idol
Prakash Gaikwad 3030,,Dadar,Walk,7,
Vaishali Chavan 3031,9147645617,Parel,Train,7,
Ganesh More 3032,,Dadar,Other,6,
Vaishali Chavan 3033,9542517214,Byculla,Walk,7,carrying idol
Nitin Kadam 3034,9767177029,Charni Road,Walk,6,children in group
Meena Salvi 3035,,Chowpatty,bus,1,
Prakash Gaikwad 3036,9649749346,Chowpatty,Walk,7,children in group
Ganesh More 3037,9461484084,Dadar,bus,1,
Ganesh More 3038,9587401218,Dadar,Bus,6,
Vaishali Chavan 3039,9324827338,Charni Road,train,4,elderly in group
Rekha Shinde 3040,9947844345,Bhoiwada,train,4,children in group
Ajay Bhosale 3041,9216331803,Byculla,Walk,6,
Ajay Bhosale 3042,9452435767,Girgaon,Walk,8,
Ajay Bhosale 3043,9372500295,Charni Road,Train,2,
Vaishali Chavan 3044,9920347107,Chowpatty,Bus,7,
Sunita Pawar 3045,9691905736,Kalbadevi,Other,6,
Ganesh More 3046,9113256971,Bhoiwada,walk,1,children in group
Sunita Pawar 3047,9812779866,Dadar,On foot,8,
Ajay Bhosale 3048,9480473728,Chowpatty,walk,5,
Ganesh More 3049,,Chowpatty,Rail,,
Sunita Pawar 3050,9478425542,Charni Road,Train,7,
Sunita Pawar 3051,,Charni Road,Train,6,
Nitin Kadam 3052,9801871033,Girgaon,Train,3,
Meena Salvi 3053,9661683468,Chowpatty,Walk,8,
Meena Salvi 3054,,Girgaon,Train,2,
Ajay Bhosale 3055,,Chowpatty,Walk,5,children in group
Rekha Shinde 3056,9956992429,Girgaon,On foot,5,
Meena Salvi 3057,9345787322,Parel,Rail,,children in group
Ganesh More 3058,9807176493,Bhoiwada,Walk,4,children in group
Vaishali Chavan 3059,,Byculla,Walk,8,children in group
Rekha Shinde 3060,9974921045,Lalbaug,bus,8,
,9073782978,Charni Road,Train,1,
Prakash Gaikwad 3062,9642752415,Kalbadevi,Walk,5,
Prakash Gaikwad 3063,9774794840,Parel,Local,8,
Meena Salvi 3064,9485635995,,Walk,3,
Meena Salvi 3065,9422403870,Bhoiwada,Other,2,
Nitin Kadam 3066,9962353212,Bhoiwada,Local,2,
Vaishali Chavan 3067,9978625329,Bhoiwada,Train,6,
Meena Salvi 3068,9308385179,Girgaon,train,,
Ganesh More 3069,,Dadar,Rail,7,carrying idol
Ganesh More 3070,9169018847,Charni Road,Bus,7,
Ganesh More 3071,9151281626,Parel,Walk,1,
Vaishali Chavan 3072,9165099832,Byculla,Walk,8,
Sunita Pawar 3073,9851596794,Grant Road,train,1,
Nitin Kadam 3074,9961855796,Chowpatty,walk,1,
Vaishali Chavan 3075,9202572689,Charni Road,train,3,
Ganesh More 3076,9053831937,Bhoiwada,Bus,3,
,9593409208,Byculla,train,2,
Rekha Shinde 3078,9711802309,Kalbadevi,Walk,8,
Ajay Bhosale 3079,9921474624,Byculla,Train,1,children in group
Prakash Gaikwad 3080,9475235727,Parel,Walk,,
Prakash Gaikwad 3081,9315026647,Charni Road,Train,3,
Rekha Shinde 3082,9276582031,Girgaon,N/A,5,
Prakash Gaikwad 3083,9532887553,Parel,walk,3,
Sunita Pawar 3084,,Kalbadevi,Bus,8,
Ajay Bhosale 3085,9551253976,Girgaon,Train,3,
Rekha Shinde 3086,9747278355,Parel,bus,5,
Sunita Pawar 3087,9014614099,Kalbadevi,Local,5,
Meena Salvi 3088,9210565987,Grant Road,walk,2,
Sunita Pawar 3089,9721988620,Bhoiwada,Rail,4,
Meena Salvi 3090,9786725436,Lalbaug,Bus,2,
Nitin Kadam 3091,9769965181,Parel,Bus,,
Nitin Kadam 3092,,Grant Road,Walk,6,carrying idol
Rekha Shinde 3093,9602215628,Kalbadevi,Bus,4,elderly in group
Vaishali Chavan 3094,9012647666,,walk,3,
Nitin Kadam 3095,9405164405,Dadar,Train,4,children in group
Sunita Pawar 3096,9510038787,,walk,,
Prakash Gaikwad 3097,,Charni Road,Bus,7,
Vaishali Chavan 3098,9321881462,Chowpatty,Train,3,
Prakash Gaikwad 3099,9556975036,Lalbaug,Walk,3,
Prakash Gaikwad 3100,9548484198,Chowpatty,Walk,2,
Rekha Shinde 3101,9194944100,Parel,,1,
Prakash Gaikwad 3102,9901029743,,walk,4,
Prakash Gaikwad 3103,9603951212,Parel,Walk,6,
Sunita Pawar 3104,9423869990,Lalbaug,Other,,
Ajay Bhosale 3105,9452925139,Grant Road,Walk,8,children in group
Prakash Gaikwad 3106,9329287335,Charni Road,Train,1,
Nitin Kadam 3107,9940113773,Byculla,walk,6,
Meena Salvi 3108,,Kalbadevi,Bus,,
Nitin Kadam 3109,9438661209,Byculla,BEST,4,
Rekha Shinde 3110,9100663544,Parel,Walk,2,
Sunita Pawar 3111,9876567411,Girgaon,Walking,5,
Ganesh More 3112,9235570290,,walk,,
Rekha Shinde 3113,9043295443,,Walk,5,
Meena Salvi 3114,,Bhoiwada,Train,3,
Meena Salvi 3115,9691522849,Dadar,Walk,2,
Sunita Pawar 3116,9389399763,Charni Road,walk,6,
Rekha Shinde 3117,9534759682,Chowpatty,Walk,3,
Rekha Shinde 3118,9396158918,Kalbadevi,Walk,3,
,9254706518,Lalbaug,Walk,3,
Ajay Bhosale 3120,9206045931,Dadar,train,1,
Nitin Kadam 3121,9347475398,Kalbadevi,Train,7,
Vaishali Chavan 3122,9960934369,Chowpatty,Bus,4,
Nitin Kadam 3123,,Byculla,Bus,3,
Ajay Bhosale 3124,9612574000,Dadar,bus,5,
Rekha Shinde 3125,9320059895,Girgaon,Walking,3,
Ganesh More 3126,9077717822,Grant Road,Walk,2,
Meena Salvi 3127,9456985871,Girgaon,walk,7,
Meena Salvi 3128,9973112720,Grant Road,Walk,4,
Meena Salvi 3129,9930348826,Charni Road,Walk,3,
Rekha Shinde 3130,9874584377,Dadar,On foot,1,
Vaishali Chavan 3131,9705338404,Charni Road,Local,6,
Ganesh More 3132,9548790826,Girgaon,Walk,3,
Prakash Gaikwad 3133,9274789673,Byculla,On foot,8,children in group
Rekha Shinde 3134,9065735635,Dadar,Walk,7,
Rekha Shinde 3135,9578813490,Chowpatty,Walk,8,
Ajay Bhosale 3136,9924888779,Bhoiwada,Walk,8,
Ajay Bhosale 3137,9553885386,,Walk,5,carrying idol
Ganesh More 3138,9675492418,Charni Road,bus,1,
Nitin Kadam 3139,,Byculla,train,3,
Nitin Kadam 3140,,Chowpatty,Walk,,
Prakash Gaikwad 3141,9980793095,Kalbadevi,walk,7,
Ganesh More 3142,,Chowpatty,walk,,
Vaishali Chavan 3143,9080203319,Grant Road,walk,7,
Vaishali Chavan 3144,9255473180,Lalbaug,Local,4,
Ganesh More 3145,9308353512,Chowpatty,Walk,5,children in group
Rekha Shinde 3146,9211997262,Kalbadevi,Walk,2,
Rekha Shinde 3147,,Chowpatty,Walk,4,
Nitin Kadam 3148,9195717069,Girgaon,Train,1,elderly in group
Ajay Bhosale 3149,9078058883,Girgaon,walk,2,
Ajay Bhosale 3150,9471588878,Grant Road,Walking,7,children in group
Prakash Gaikwad 3151,9179845495,Dadar,Bus,7,
Sunita Pawar 3152,,Lalbaug,Rail,5,
Vaishali Chavan 3153,9775319912,Grant Road,Walk,4,
Vaishali Chavan 3154,9788711003,Bhoiwada,Walk,,children in group
Ganesh More 3155,9724183289,Byculla,Walk,8,elderly in group
Ajay Bhosale 3156,9090416157,Byculla,walk,5,children in group
Vaishali Chavan 3157,,Grant Road,walk,4,children in group
Nitin Kadam 3158,9011797762,Girgaon,Walk,4,
Meena Salvi 3159,9517576584,Dadar,train,2,carrying idol
Ganesh More 3160,9442441444,Chowpatty,Train,3,
Vaishali Chavan 3161,,Dadar,walk,3,
Rekha Shinde 3162,9752364786,Kalbadevi,walk,2,
Rekha Shinde 3163,,Girgaon,bus,7,
Ajay Bhosale 3164,,Charni Road,Train,,
Ganesh More 3165,,Byculla,walk,6,
Prakash Gaikwad 3166,9941669238,Kalbadevi,Train,3,
Rekha Shinde 3167,9842136913,Dadar,Local,3,
Ajay Bhosale 3168,9304089755,Chowpatty,On foot,1,
Ajay Bhosale 3169,9001958254,Chowpatty,Train,4,
Sunita Pawar 3170,9172644435,Chowpatty,Walk,1,elderly in group
,9750750989,Lalbaug,Walk,7,
Rekha Shinde 3172,9771165913,,Train,1,
Meena Salvi 3173,9377096347,,Walk,6,carrying idol
Rekha Shinde 3174,9552340793,Kalbadevi,walk,6,
Meena Salvi 3175,9237893366,Girgaon,Other,7,
Nitin Kadam 3176,,Parel,Bus,3,
Rekha Shinde 3177,9571856562,Grant Road,Walk,3,
Sunita Pawar 3178,9881448706,Bhoiwada,Walk,4,
Vaishali Chavan 3179,,Bhoiwada,Rail,1,carrying idol
Ganesh More 3180,,Lalbaug,N/A,2,
Prakash Gaikwad 3181,,Charni Road,Walk,6,
Vaishali Chavan 3182,,Girgaon,Walk,6,elderly in group
Meena Salvi 3183,9963482001,Chowpatty,Bus,1,
Ajay Bhosale 3184,9179711442,Grant Road,Train,6,
Vaishali Chavan 3185,9180915464,Parel,Bus,2,
Vaishali Chavan 3186,9467497026,Charni Road,Walk,5,
Meena Salvi 3187,9939148893,Lalbaug,Walk,2,
Ajay Bhosale 3188,9500605013,Dadar,Walk,7,
Ganesh More 3189,9882891303,Girgaon,Train,4,
Sunita Pawar 3190,9519489492,Girgaon,Bus,1,
Meena Salvi 3191,9096041123,Chowpatty,walk,1,
Nitin Kadam 3192,9827363223,Girgaon,Train,5,
Vaishali Chavan 3193,9914187751,Lalbaug,train,5,
Sunita Pawar 3194,,,bus,8,
Sunita Pawar 3195,9884997811,Dadar,Bus,6,
Meena Salvi 3196,9108919419,Kalbadevi,Bus,4,
Sunita Pawar 3197,9575185730,Lalbaug,Walk,8,
Meena Salvi 3198,,Kalbadevi,,1,
Sunita Pawar 3199,9835387016,Grant Road,bus,3,
Nitin Kadam 3200,9091928902,Chowpatty,Bus,1,
Vaishali Chavan 3201,9652936196,Charni Road,Walk,6,carrying idol
Vaishali Chavan 3202,9654652969,Kalbadevi,train,8,
Meena Salvi 3203,9113964542,Girgaon,Bus,7,
,9109945503,Grant Road,On foot,2,
Ganesh More 3205,,Lalbaug,walk,8,
Sunita Pawar 3206,9935332105,Chowpatty,Walk,6,
Ganesh More 3207,9043263273,Lalbaug,bus,,
Prakash Gaikwad 3208,9684211091,Grant Road,train,3,
Nitin Kadam 3209,9635498639,Charni Road,Train,3,
Nitin Kadam 3210,9520749070,Parel,Bus,3,
Ganesh More 3211,9477852481,Chowpatty,,3,carrying idol
Ajay Bhosale 3212,9773489298,Lalbaug,Train,7,
Vaishali Chavan 3213,9752056021,,Walk,,
Rekha Shinde 3214,9342208894,Chowpatty,walk,,
Sunita Pawar 3215,,Chowpatty,Bus,7,
Rekha Shinde 3216,9586293760,,Bus,,children in group
,,Charni Road,Walking,6,
Prakash Gaikwad 3218,9647359210,Byculla,Bus,5,
Ajay Bhosale 3219,9010286792,Kalbadevi,Walk,7,
Nitin Kadam 3220,9987902123,Byculla,train,4,
Vaishali Chavan 3221,9085810897,Grant Road,Walking,8,
Sunita Pawar 3222,9211700572,Chowpatty,Walk,5,
Vaishali Chavan 3223,9076373883,Chowpatty,walk,4,
Prakash Gaikwad 3224,9449132144,Charni Road,Walk,5,elderly in group
Vaishali Chavan 3225,,Byculla,Train,7,
Prakash Gaikwad 3226,9715633998,,Train,8,
Prakash Gaikwad 3227,9042508808,Parel,walk,6,
Prakash Gaikwad 3228,9760852588,Parel,Train,3,
Rekha Shinde 3229,9636548291,,walk,1,
Ganesh More 3230,9272451784,Grant Road,Walk,2,children in group
Ganesh More 3231,,Chowpatty,On foot,,
Prakash Gaikwad 3232,9421682085,Bhoiwada,Walk,7,children in group
Ganesh More 3233,9090626110,Kalbadevi,Train,3,
Vaishali Chavan 3234,9398845618,Charni Road,Local,3,
Ajay Bhosale 3235,9770656928,Girgaon,walk,3,
Nitin Kadam 3236,9417154335,Grant Road,walk,4,
Ganesh More 3237,9284210814,Kalbadevi,Walk,1,
Nitin Kadam 3238,9560502622,Kalbadevi,bus,6,
Rekha Shinde 3239,9439466964,Bhoiwada,train,2,
Ajay Bhosale 3240,9521019139,Dadar,Bus,2,
Ganesh More 3241,9353435837,Chowpatty,Bus,8,
Vaishali Chavan 3242,9618037979,Lalbaug,walk,6,
Ganesh More 3243,9789117273,Lalbaug,Train,3,
Ajay Bhosale 3244,9242674670,Byculla,On foot,8,
,9237052396,,walk,7,
Rekha Shinde 3246,9698933203,Parel,Walk,2,
Sunita Pawar 3247,9484358558,Dadar,Bus,3,
Ganesh More 3248,9509865787,Charni Road,walk,4,
Prakash Gaikwad 3249,9369423697,Parel,train,4,carrying idol
Ajay Bhosale 3250,9737155816,Byculla,walk,5,
Rekha Shinde 3251,9298274343,Dadar,N/A,1,elderly in group
Meena Salvi 3252,9905548066,Bhoiwada,Walk,6,
Sunita Pawar 3253,,Chowpatty,Train,8,
Ajay Bhosale 3254,9764593374,Dadar,walk,6,
Ganesh More 3255,9507308831,Parel,Train,8,
Prakash Gaikwad 3256,9172585022,,Train,4,
Sunita Pawar 3257,,Dadar,Walking,4,
Sunita Pawar 3258,9909126017,Chowpatty,Train,4,
Ajay Bhosale 3259,,Dadar,Train,8,
Vaishali Chavan 3260,,Charni Road,Walk,6,
Rekha Shinde 3261,,Girgaon,train,6,carrying idol
Rekha Shinde 3262,,Chowpatty,Walk,8,
Prakash Gaikwad 3263,9186656440,Chowpatty,train,7,
Sunita Pawar 3264,9591823884,Charni Road,Train,2,
Ganesh More 3265,9843411127,Kalbadevi,Walking,6,
Ajay Bhosale 3266,9761594279,Lalbaug,Walk,6,
Prakash Gaikwad 3267,,Dadar,Walk,1,
Meena Salvi 3268,9867871725,Bhoiwada,Other,2,
Rekha Shinde 3269,9249921448,Chowpatty,Bus,2,
,9859035258,Charni Road,Train,6,
Rekha Shinde 3271,9079840555,Bhoiwada,Train,2,
Sunita Pawar 3272,,,Walk,2,
Nitin Kadam 3273,,Charni Road,bus,1,carrying idol
Rekha Shinde 3274,,Grant Road,Train,2,carrying idol
Meena Salvi 3275,9039195216,Kalbadevi,Train,6,
Meena Salvi 3276,9001226447,Girgaon,Train,7,
Meena Salvi 3277,9647994162,,Walk,7,
Ajay Bhosale 3278,9900193888,Byculla,walk,7,
Ajay Bhosale 3279,,,Bus,7,
Prakash Gaikwad 3280,9800903171,Dadar,BEST,8,
Prakash Gaikwad 3281,9101800568,Charni Road,train,4,
Meena Salvi 3282,9034564119,,Walk,3,
Ajay Bhosale 3283,9926190322,Parel,Bus,8,
Ganesh More 3284,9801253191,Grant Road,Other,4,
,9420945830,Kalbadevi,train,,
Meena Salvi 3286,9387773710,Lalbaug,Walk,3,
Nitin Kadam 3287,,Grant Road,walk,,
Vaishali Chavan 3288,,Byculla,walk,,children in group
Nitin Kadam 3289,9177235056,Lalbaug,Bus,4,
Sunita Pawar 3290,9231200303,Dadar,Bus,1,elderly in group
Prakash Gaikwad 3291,9194819350,Byculla,walk,8,
Prakash Gaikwad 3292,9476901195,Kalbadevi,BEST,8,carrying idol
Rekha Shinde 3293,9746730480,Lalbaug,Train,2,carrying idol
Nitin Kadam 3294,9881643394,Byculla,Rail,4,
Vaishali Chavan 3295,,Lalbaug,bus,,
Nitin Kadam 3296,9185577896,Grant Road,Train,5,
Meena Salvi 3297,9094446169,Girgaon,Other,5,
Prakash Gaikwad 3298,9598374536,Chowpatty,Rail,2,carrying idol
Sunita Pawar 3299,9109874746,Girgaon,Train,8,children in group
Sunita Pawar 3300,9339667236,Girgaon,walk,3,
Ganesh More 3301,9814276201,,Walk,2,
Meena Salvi 3302,9357426172,Charni Road,BEST,8,
Vaishali Chavan 3303,,,bus,3,
Vaishali Chavan 3304,,Charni Road,bus,5,children in group
Ajay Bhosale 3305,9104782348,,Walking,4,
Rekha Shinde 3306,,Kalbadevi,Train,,
Ganesh More 3307,9644386809,Chowpatty,Walk,8,
Meena Salvi 3308,9133607678,Grant Road,Walk,7,
Sunita Pawar 3309,9500005909,Girgaon,train,3,
Rekha Shinde 3310,9307746631,Lalbaug,Train,3,carrying idol
Meena Salvi 3311,9610495027,Dadar,walk,5,
Rekha Shinde 3312,,Lalbaug,Walk,2,
Ajay Bhosale 3313,,Parel,Walk,1,
Vaishali Chavan 3314,9133542674,,walk,2,
Sunita Pawar 3315,9735699879,Lalbaug,N/A,6,
Sunita Pawar 3316,9617083490,Grant Road,Walk,8,children in group
Ganesh More 3317,9964188826,Charni Road,walk,7,
Sunita Pawar 3318,9782391935,Byculla,Walk,7,
Vaishali Chavan 3319,9811832024,Girgaon,Walk,2,children in group
Ganesh More 3320,,Chowpatty,bus,6,
Prakash Gaikwad 3321,9451917746,Grant Road,Bus,,
Ganesh More 3322,9086511558,Girgaon,walk,2,
Nitin Kadam 3323,9841076045,Dadar,train,6,
Ganesh More 3324,9396632844,Lalbaug,walk,2,
Ajay Bhosale 3325,9780363195,Grant Road,Bus,4,
Ganesh More 3326,9125150990,,bus,6,
Vaishali Chavan 3327,,Lalbaug,Bus,7,
Ganesh More 3328,9373599044,Chowpatty,Train,2,elderly in group
Rekha Shinde 3329,9101233247,Bhoiwada,Bus,1,children in group
Ajay Bhosale 3330,9804569613,Charni Road,Walk,5,
Sunita Pawar 3331,9976000897,,Walk,1,
Nitin Kadam 3332,9203316841,Dadar,Train,2,
Nitin Kadam 3333,9930629942,Kalbadevi,Walk,6,
Ganesh More 3334,9426528098,Dadar,walk,2,
Rekha Shinde 3335,9040765566,,Walk,6,
Vaishali Chavan 3336,9777238356,Kalbadevi,Bus,7,elderly in group
Prakash Gaikwad 3337,9899771934,Chowpatty,train,6,
Ajay Bhosale 3338,9117358646,Byculla,bus,1,
Sunita Pawar 3339,9754953145,Byculla,train,6,
Sunita Pawar 3340,,Chowpatty,Train,1,elderly in group
Vaishali Chavan 3341,9037436150,Bhoiwada,Bus,7,
Nitin Kadam 3342,9057586722,Charni Road,walk,6,
Ganesh More 3343,9487937869,Kalbadevi,walk,2,
Rekha Shinde 3344,9160020270,Grant Road,train,8,
Rekha Shinde 3345,9421628122,Lalbaug,Walk,7,elderly in group
Ajay Bhosale 3346,,Byculla,Train,4,elderly in group
Prakash Gaikwad 3347,9213482154,Parel,Walk,7,carrying idol
Prakash Gaikwad 3348,9357846626,Charni Road,Bus,,carrying idol
Prakash Gaikwad 3349,9989027854,Dadar,On foot,6,
Ajay Bhosale 3350,9378303830,Girgaon,Train,,children in group
Sunita Pawar 3351,9574006935,Dadar,Bus,4,
Ganesh More 3352,9163257669,Byculla,Walk,3,
Prakash Gaikwad 3353,,Girgaon,Bus,6,children in group
Rekha Shinde 3354,9832968112,Girgaon,Walk,8,
Vaishali Chavan 3355,9640151194,Parel,Bus,8,
Rekha Shinde 3356,9555631091,Bhoiwada,On foot,,elderly in group
Meena Salvi 3357,9951070496,Bhoiwada,walk,8,
Rekha Shinde 3358,9310371839,Lalbaug,Train,,
Nitin Kadam 3359,9362062134,Kalbadevi,bus,7,
Meena Salvi 3360,9769082484,Lalbaug,Walk,6,children in group
Prakash Gaikwad 3361,9917761369,Chowpatty,Walk,8,
Nitin Kadam 3362,9625844890,Parel,Train,3,
Vaishali Chavan 3363,9969293209,Girgaon,train,2,
Rekha Shinde 3364,9435995018,Dadar,Train,4,
Rekha Shinde 3365,9933971359,Lalbaug,Bus,7,
Ajay Bhosale 3366,,Girgaon,On foot,5,
Meena Salvi 3367,9992259476,Byculla,Train,2,
Nitin Kadam 3368,9433181605,Lalbaug,walk,7,
Meena Salvi 3369,,Charni Road,Bus,1,
Nitin Kadam 3370,,Kalbadevi,Walk,2,
Prakash Gaikwad 3371,9087618836,,Bus,6,
Ganesh More 3372,9697577024,Kalbadevi,walk,3,
Nitin Kadam 3373,9070110179,Dadar,Walk,2,
Ajay Bhosale 3374,9091944561,Girgaon,Walk,6,
Prakash Gaikwad 3375,9459040769,Lalbaug,Bus,7,
Vaishali Chavan 3376,9972132178,Girgaon,Bus,,
Rekha Shinde 3377,,Kalbadevi,walk,4,
Ajay Bhosale 3378,9449314213,Chowpatty,Train,8,carrying idol
Vaishali Chavan 3379,9088591739,Bhoiwada,Walk,4,
Meena Salvi 3380,9441195816,Kalbadevi,walk,7,
Nitin Kadam 3381,9657961031,Charni Road,Bus,2,
Meena Salvi 3382,9401869737,Girgaon,Rail,7,
Sunita Pawar 3383,9975317202,Bhoiwada,Walking,1,
Ajay Bhosale 3384,9117056034,Chowpatty,Walk,6,
Rekha Shinde 3385,9431091982,Parel,Walk,8,
Ganesh More 3386,9216076548,Grant Road,Walk,6,
Sunita Pawar 3387,9281133976,Lalbaug,Train,4,
Ganesh More 3388,9203322852,Chowpatty,walk,4,elderly in group
Sunita Pawar 3389,9973687528,Lalbaug,bus,8,
Rekha Shinde 3390,9260743311,Parel,bus,6,
Ganesh More 3391,,Kalbadevi,train,2,carrying idol
Sunita Pawar 3392,9091139866,Bhoiwada,Walk,,
Prakash Gaikwad 3393,9960184200,Lalbaug,Train,7,children in group
Prakash Gaikwad 3394,9131196520,Bhoiwada,Bus,2,elderly in group
,9467866152,Lalbaug,Train,1,
Ganesh More 3396,9330093438,Charni Road,Bus,7,
Ajay Bhosale 3397,9104708128,Kalbadevi,Train,3,
Ganesh More 3398,9778152217,Grant Road,On foot,6,
Rekha Shinde 3399,9989940584,Bhoiwada,Bus,1,
Prakash Gaikwad 3400,9883828528,Chowpatty,Bus,5,
Ajay Bhosale 3401,9771392969,Byculla,Other,4,
Rekha Shinde 3402,9850845166,Grant Road,Train,3,carrying idol
Vaishali Chavan 3403,9105517912,Kalbadevi,Walk,5,
Meena Salvi 3404,9223300273,Grant Road,Local,2,
Ajay Bhosale 3405,9995597161,Chowpatty,Train,5,carrying idol
Ajay Bhosale 3406,,Kalbadevi,Walk,7,
Vaishali Chavan 3407,9459986341,Charni Road,Train,1,elderly in group
Ganesh More 3408,9905159932,,On foot,4,
Prakash Gaikwad 3409,9363170270,Charni Road,Train,8,
Ganesh More 3410,9290978990,Dadar,walk,3,
Rekha Shinde 3411,9978259679,Girgaon,bus,4,
Nitin Kadam 3412,9563625739,Byculla,Walk,5,
Prakash Gaikwad 3413,9006473231,Lalbaug,Train,,carrying idol
Rekha Shinde 3414,9612437715,Kalbadevi,walk,5,
Rekha Shinde 3415,9338495553,Parel,walk,5,
Sunita Pawar 3416,9695059763,Byculla,Walk,4,elderly in group
Vaishali Chavan 3417,9099785889,Lalbaug,Local,,
Sunita Pawar 3418,9057609174,Bhoiwada,walk,2,
Rekha Shinde 3419,9628847305,Parel,Rail,7,children in group
Rekha Shinde 3420,9049720232,Grant Road,BEST,8,
Ajay Bhosale 3421,,Chowpatty,Bus,2,
Sunita Pawar 3422,9177430577,Byculla,Walk,8,carrying idol
Nitin Kadam 3423,9831426735,Grant Road,Walk,,
,,Charni Road,bus,5,children in group
Ganesh More 3425,9128622900,Kalbadevi,walk,1,
Sunita Pawar 3426,9305130028,Chowpatty,walk,4,
Ajay Bhosale 3427,9555215236,Grant Road,walk,6,children in group
Sunita Pawar 3428,,Lalbaug,Walk,2,
Meena Salvi 3429,,Grant Road,BEST,7,children in group
,9516817833,Kalbadevi,Walk,4,
Rekha Shinde 3431,9330960654,Parel,Train,5,
Prakash Gaikwad 3432,9605437530,Charni Road,Walk,8,
Meena Salvi 3433,9841809867,Bhoiwada,Walk,1,
Meena Salvi 3434,9053448750,Lalbaug,Train,2,carrying idol
Sunita Pawar 3435,9478309907,Grant Road,Walk,6,children in group
Prakash Gaikwad 3436,9619347017,Chowpatty,Walk,2,
Sunita Pawar 3437,9122135157,Parel,Walk,,
Ganesh More 3438,9418907893,Bhoiwada,Walk,8,
Vaishali Chavan 3439,9486637796,Kalbadevi,On foot,4,
Sunita Pawar 3440,,Kalbadevi,Rail,4,
Sunita Pawar 3441,9334281678,Charni Road,Walk,2,
Rekha Shinde 3442,9798781886,Chowpatty,train,2,
Rekha Shinde 3443,9313738705,Lalbaug,Bus,6,
Nitin Kadam 3444,9235046331,Girgaon,Bus,5,
Sunita Pawar 3445,9804504383,,Walk,7,
Prakash Gaikwad 3446,9484620673,Grant Road,Walk,4,
Nitin Kadam 3447,9003884087,Grant Road,Bus,,
Prakash Gaikwad 3448,9454300175,Chowpatty,Walk,5,
Ajay Bhosale 3449,9437754033,Grant Road,Walk,7,
Ajay Bhosale 3450,9305076558,Byculla,bus,,
Meena Salvi 3451,9297853889,Byculla,Bus,,
Ajay Bhosale 3452,9178769796,Girgaon,walk,8,
Nitin Kadam 3453,9987710388,Dadar,Walk,2,
Rekha Shinde 3454,9115583394,Parel,Walk,3,
Nitin Kadam 3455,9227262865,Byculla,On foot,,
Ganesh More 3456,9705051536,Bhoiwada,Walking,2,
Vaishali Chavan 3457,,Parel,Walk,4,
Ajay Bhosale 3458,,Chowpatty,Walk,2,elderly in group
Vaishali Chavan 3459,9020625396,Lalbaug,Walk,,
Nitin Kadam 3460,,Bhoiwada,bus,6,
Ganesh More 3461,9372894965,Lalbaug,Train,1,
Rekha Shinde 3462,9237297363,Bhoiwada,Bus,5,elderly in group
Nitin Kadam 3463,9352938953,Grant Road,walk,5,
Ganesh More 3464,9288874411,Girgaon,Walk,7,
Sunita Pawar 3465,9651731733,Grant Road,Train,7,
Prakash Gaikwad 3466,,Charni Road,Rail,8,
Prakash Gaikwad 3467,9425405501,Dadar,Train,7,children in group
Meena Salvi 3468,9938814205,Dadar,Rail,3,
Ganesh More 3469,,Charni Road,train,6,
Rekha Shinde 3470,9582608501,Lalbaug,Bus,1,
Ajay Bhosale 3471,9975252032,Byculla,Local,8,
Nitin Kadam 3472,,Kalbadevi,Other,2,
Ajay Bhosale 3473,9604179802,Byculla,Walk,4,
Ganesh More 3474,9235035746,Girgaon,walk,5,
Ganesh More 3475,9592718246,Girgaon,walk,4,
Rekha Shinde 3476,9468344801,Girgaon,Walk,6,
,9513460004,Grant Road,Train,1,
Meena Salvi 3478,9807087370,Bhoiwada,Walk,8,
Rekha Shinde 3479,9821424020,Grant Road,Walk,2,
Vaishali Chavan 3480,,Chowpatty,Train,,
Nitin Kadam 3481,9049943473,Bhoiwada,Train,4,carrying idol
Meena Salvi 3482,,Lalbaug,Bus,,
Sunita Pawar 3483,9702156342,Dadar,bus,5,
Sunita Pawar 3484,9632925463,Charni Road,bus,3,
Meena Salvi 3485,9634834267,Byculla,Rail,,
Ganesh More 3486,9201983054,Chowpatty,Train,5,
Prakash Gaikwad 3487,9210177967,Bhoiwada,train,4,
,9052429442,Byculla,Walk,8,
Meena Salvi 3489,9417675466,Dadar,Bus,2,
Meena Salvi 3490,9121979570,Chowpatty,walk,8,elderly in group
Prakash Gaikwad 3491,,Grant Road,Bus,5,elderly in group
Rekha Shinde 3492,,Bhoiwada,walk,3,
Meena Salvi 3493,,Charni Road,Walk,8,
Meena Salvi 3494,9632210387,Girgaon,Walk,5,carrying idol
Nitin Kadam 3495,9579954976,Grant Road,bus,5,
Ajay Bhosale 3496,9278941238,Chowpatty,BEST,8,
Ajay Bhosale 3497,9237951906,Charni Road,Walk,5,
Prakash Gaikwad 3498,9249205555,Parel,Walk,3,
,,Grant Road,Train,3,
Vaishali Chavan 3500,9223061196,,bus,5,
Prakash Gaikwad 3501,,Bhoiwada,walk,6,
Nitin Kadam 3502,9980199074,,Train,3,
Ajay Bhosale 3503,9258701870,Lalbaug,On foot,7,
Nitin Kadam 3504,9780349942,Girgaon,Train,,children in group
Vaishali Chavan 3505,9626148944,Bhoiwada,Walk,6,
Ganesh More 3506,9845192895,Chowpatty,Walk,3,
Nitin Kadam 3507,9835730438,Girgaon,Walk,5,
Sunita Pawar 3508,9153295314,Grant Road,Walk,6,
Prakash Gaikwad 3509,9543312836,Parel,Walking,5,
Meena Salvi 3510,9912928243,Girgaon,Walk,4,
Meena Salvi 3511,9588453952,Kalbadevi,Train,1,
Prakash Gaikwad 3512,9429939982,Girgaon,Walk,1,
Vaishali Chavan 3513,9413868333,Chowpatty,Walk,1,children in group
Meena Salvi 3514,9940578311,Dadar,Walk,5,
Nitin Kadam 3515,,Byculla,Bus,6,children in group
,9738205376,Girgaon,Train,8,
Prakash Gaikwad 3517,9545372357,Grant Road,train,8,
Sunita Pawar 3518,9039959325,Bhoiwada,train,3,carrying idol
Meena Salvi 3519,9417360951,,Bus,1,
Meena Salvi 3520,9537823549,Dadar,Walking,6,
Rekha Shinde 3521,9734417918,Parel,Walk,,
Vaishali Chavan 3522,9910303617,Girgaon,train,4,carrying idol
Rekha Shinde 3523,9425529162,Dadar,Walk,1,elderly in group
Ajay Bhosale 3524,9428714060,Bhoiwada,Walk,1,elderly in group
Rekha Shinde 3525,,Grant Road,bus,3,
Ajay Bhosale 3526,9498956659,Charni Road,Bus,4,elderly in group
Vaishali Chavan 3527,,Charni Road,Bus,1,
Meena Salvi 3528,9477637658,Byculla,Local,3,elderly in group
Rekha Shinde 3529,9879405921,Bhoiwada,walk,7,
Rekha Shinde 3530,,Parel,Walk,1,
,9226441296,Dadar,train,7,
Vaishali Chavan 3532,9663776269,Parel,walk,3,
Vaishali Chavan 3533,9242916988,Bhoiwada,Rail,1,elderly in group
Sunita Pawar 3534,9764578490,Byculla,Rail,6,
Nitin Kadam 3535,9002543971,Parel,train,4,
Meena Salvi 3536,9731441741,Kalbadevi,Bus,,
Ganesh More 3537,9085655668,,On foot,7,
Ganesh More 3538,9746159242,Lalbaug,Train,3,
Nitin Kadam 3539,9886265452,Kalbadevi,Walk,4,
Ajay Bhosale 3540,,Kalbadevi,Local,1,
Meena Salvi 3541,9142846423,Lalbaug,Train,1,
Ajay Bhosale 3542,9697573759,Chowpatty,Bus,,children in group
Rekha Shinde 3543,,Chowpatty,Walk,4,
Ganesh More 3544,9229077866,Charni Road,walk,1,
Ganesh More 3545,,Chowpatty,Bus,8,
Ajay Bhosale 3546,9933417279,Dadar,train,,
Meena Salvi 3547,9331833654,Lalbaug,Train,4,
Sunita Pawar 3548,,Lalbaug,Walk,4,
Meena Salvi 3549,9898055751,Charni Road,walk,4,
Prakash Gaikwad 3550,9061912135,Lalbaug,Walk,7,elderly in group
Sunita Pawar 3551,9117019351,Dadar,bus,7,
Nitin Kadam 3552,9564240545,Byculla,Local,8,carrying idol
Rekha Shinde 3553,9458666440,Grant Road,walk,,
Prakash Gaikwad 3554,9045386542,Parel,Train,6,elderly in group
Ajay Bhosale 3555,9997737374,Byculla,Walk,7,
Sunita Pawar 3556,9601008493,Grant Road,Bus,4,
Ajay Bhosale 3557,9415769800,Grant Road,Train,4,
Vaishali Chavan 3558,9002125236,Chowpatty,Train,2,
Nitin Kadam 3559,9383422794,Dadar,Train,4,
Rekha Shinde 3560,,Grant Road,walk,8,
Vaishali Chavan 3561,9974562541,Charni Road,Walk,2,
Ajay Bhosale 3562,9515028816,Parel,Walk,8,elderly in group
Ganesh More 3563,9443888610,Charni Road,Walk,3,children in group
Rekha Shinde 3564,9119950602,Charni Road,walk,1,
Ajay Bhosale 3565,9460941517,Girgaon,Bus,4,
Rekha Shinde 3566,9035993942,Girgaon,Train,5,
Rekha Shinde 3567,,Lalbaug,On foot,6,children in group
Vaishali Chavan 3568,9900276327,Dadar,train,6,
Sunita Pawar 3569,9837182415,Grant Road,Train,7,
Prakash Gaikwad 3570,9507484316,Kalbadevi,train,3,carrying idol
Rekha Shinde 3571,,Girgaon,walk,8,
Sunita Pawar 3572,9492516805,Grant Road,Walk,8,
Prakash Gaikwad 3573,9951509288,Girgaon,Train,3,
Ajay Bhosale 3574,9538039568,Byculla,bus,1,
Ajay Bhosale 3575,,Girgaon,train,3,elderly in group
Nitin Kadam 3576,9405317485,Girgaon,Walk,4,
Sunita Pawar 3577,,Lalbaug,Train,4,carrying idol
Ajay Bhosale 3578,,Chowpatty,BEST,5,
Sunita Pawar 3579,9967903552,Girgaon,bus,5,
Prakash Gaikwad 3580,9560727225,Dadar,Walk,5,
Meena Salvi 3581,9616967635,Kalbadevi,train,6,
Vaishali Chavan 3582,,Charni Road,Walking,,elderly in group
Ganesh More 3583,,,Bus,6,
Sunita Pawar 3584,9541359554,Bhoiwada,Bus,2,children in group
Meena Salvi 3585,9607796139,Bhoiwada,Walk,8,
Nitin Kadam 3586,9723138902,Byculla,Train,1,
Rekha Shinde 3587,9595989542,Kalbadevi,Walk,3,elderly in group
Sunita Pawar 3588,9718200848,Dadar,BEST,6,
Nitin Kadam 3589,9986393747,Grant Road,train,4,
Nitin Kadam 3590,9882500089,Charni Road,Bus,1,
Ganesh More 3591,,Grant Road,Walk,5,
Sunita Pawar 3592,9049597915,Dadar,Walk,,
Ganesh More 3593,9344357448,Chowpatty,Train,8,carrying idol
Prakash Gaikwad 3594,9072387195,Bhoiwada,On foot,4,
Meena Salvi 3595,9151062390,Chowpatty,Local,7,
Prakash Gaikwad 3596,9905654642,Chowpatty,Bus,,
Sunita Pawar 3597,9821925418,Parel,Walk,5,
Prakash Gaikwad 3598,9873316015,Byculla,walk,2,
Nitin Kadam 3599,9979821743,Byculla,Walk,,elderly in group
Vaishali Chavan 3600,9798810786,Dadar,Train,5,
Rekha Shinde 3601,9478520289,Chowpatty,Walk,,
Vaishali Chavan 3602,9324121856,Dadar,walk,4,
Rekha Shinde 3603,9371651045,Chowpatty,Walk,7,
Meena Salvi 3604,9289360891,Bhoiwada,On foot,,
Prakash Gaikwad 3605,9568262100,Grant Road,train,,elderly in group
Ajay Bhosale 3606,9065349206,Kalbadevi,Walk,8,elderly in group
Rekha Shinde 3607,9414967906,Grant Road,Train,4,
Ganesh More 3608,9756360021,Bhoiwada,Bus,1,
Prakash Gaikwad 3609,9770567671,Lalbaug,train,2,
Meena Salvi 3610,,Bhoiwada,Train,7,
Prakash Gaikwad 3611,,Girgaon,Bus,7,
Rekha Shinde 3612,9248254197,Grant Road,Bus,3,
Sunita Pawar 3613,9652704103,Kalbadevi,Walk,7,
Vaishali Chavan 3614,9061494981,,walk,4,
Prakash Gaikwad 3615,9351405977,Charni Road,Train,5,
Sunita Pawar 3616,9965788123,Kalbadevi,walk,5,elderly in group
Ganesh More 3617,9736475355,Grant Road,bus,4,
,9531193663,Grant Road,Walk,6,
Vaishali Chavan 3619,,Parel,Walk,2,
Sunita Pawar 3620,9432023161,Byculla,Train,6,
Ajay Bhosale 3621,,Bhoiwada,Train,7,
Ajay Bhosale 3622,9111580091,Byculla,BEST,7,
Nitin Kadam 3623,9042671530,Byculla,Walk,6,
Sunita Pawar 3624,9185991466,Kalbadevi,Train,4,
Ganesh More 3625,9386996340,Grant Road,walk,8,
Nitin Kadam 3626,9576837415,Chowpatty,train,2,
Nitin Kadam 3627,9966993015,,Walk,5,
Sunita Pawar 3628,,Bhoiwada,walk,,carrying idol
Ajay Bhosale 3629,9266380257,Byculla,Bus,1,
Ganesh More 3630,9971614681,Dadar,Train,7,
Prakash Gaikwad 3631,9475226678,Chowpatty,Walk,2,
Ajay Bhosale 3632,9086695738,Girgaon,Walk,1,
Vaishali Chavan 3633,9008164058,Kalbadevi,bus,7,
Meena Salvi 3634,9969723101,Chowpatty,Walk,1,
Prakash Gaikwad 3635,,,Walk,1,
Rekha Shinde 3636,9391692453,Lalbaug,BEST,8,
Vaishali Chavan 3637,9648871244,Grant Road,train,3,
Ajay Bhosale 3638,9317593804,Charni Road,Train,5,
Nitin Kadam 3639,9347815496,Lalbaug,walk,8,elderly in group
Vaishali Chavan 3640,9320033347,Chowpatty,Bus,,
Nitin Kadam 3641,9304415019,Charni Road,Walk,8,carrying idol
Meena Salvi 3642,9627087043,Bhoiwada,bus,3,
Sunita Pawar 3643,,Parel,,1,carrying idol
Sunita Pawar 3644,,Bhoiwada,train,2,
Vaishali Chavan 3645,9522643161,Lalbaug,Walk,2,
Ganesh More 3646,9770865906,Byculla,train,4,
Rekha Shinde 3647,,Parel,Walk,4,elderly in group
Ganesh More 3648,9230816147,,Train,2,
Ajay Bhosale 3649,,Charni Road,Train,3,
Nitin Kadam 3650,9228840883,Lalbaug,Walk,3,
Rekha Shinde 3651,9408877382,Kalbadevi,Rail,6,
Ganesh More 3652,9374799903,Girgaon,On foot,4,
Rekha Shinde 3653,9689785448,Byculla,On foot,4,
Ganesh More 3654,9408759544,Grant Road,train,2,
Ganesh More 3655,9672954268,Parel,Walk,4,
Sunita Pawar 3656,9129119054,Lalbaug,Bus,8,children in group
Ganesh More 3657,9484028012,Dadar,train,1,
Meena Salvi 3658,9817002980,Kalbadevi,Bus,6,
Ganesh More 3659,9506721530,Kalbadevi,train,5,
Nitin Kadam 3660,9595876554,Charni Road,On foot,3,elderly in group
Sunita Pawar 3661,9482776511,Kalbadevi,Train,2,
Rekha Shinde 3662,9264809909,Lalbaug,train,8,
Sunita Pawar 3663,9354198673,Dadar,Walk,7,
Ajay Bhosale 3664,9066308371,Lalbaug,Walk,7,
Meena Salvi 3665,9490885370,Dadar,Train,,
Nitin Kadam 3666,9531872863,Bhoiwada,bus,7,carrying idol
Prakash Gaikwad 3667,9415208150,Dadar,Walk,3,children in group
Nitin Kadam 3668,9722446881,Lalbaug,Walk,1,
Rekha Shinde 3669,9888398709,,Walk,1,
Rekha Shinde 3670,9045268646,Byculla,walk,3,
Rekha Shinde 3671,9643440026,Grant Road,Train,6,
Ajay Bhosale 3672,9619003670,Byculla,Bus,1,
Sunita Pawar 3673,9581228829,Parel,bus,7,
Ganesh More 3674,9716256831,Parel,Walk,3,
Ajay Bhosale 3675,9347886603,Lalbaug,Walk,1,
Vaishali Chavan 3676,9791642545,Kalbadevi,Walking,8,
Rekha Shinde 3677,,Byculla,walk,,
Sunita Pawar 3678,9251416918,,Walk,1,
Rekha Shinde 3679,9185914768,Charni Road,Train,7,
Sunita Pawar 3680,9221191261,Dadar,train,3,
Vaishali Chavan 3681,9525384207,Parel,Train,7,
Prakash Gaikwad 3682,,Girgaon,Bus,8,
Vaishali Chavan 3683,9771902883,Kalbadevi,Walk,2,
Rekha Shinde 3684,,Byculla,Train,1,
Prakash Gaikwad 3685,9872817087,Lalbaug,Walk,,
Ajay Bhosale 3686,9569801941,Grant Road,bus,5,
Ganesh More 3687,9180609930,Dadar,Walking,2,
Prakash Gaikwad 3688,9561813035,Dadar,N/A,5,
Ganesh More 3689,9248905170,Grant Road,Walk,6,
Prakash Gaikwad 3690,,Grant Road,train,4,
Ganesh More 3691,,Dadar,Local,4,children in group
Meena Salvi 3692,,Bhoiwada,train,1,
Rekha Shinde 3693,9041004113,Kalbadevi,walk,1,children in group
Sunita Pawar 3694,9836719084,Parel,Walk,4,
Prakash Gaikwad 3695,,Dadar,Bus,8,
Sunita Pawar 3696,9802646666,Grant Road,Bus,7,elderly in group
Sunita Pawar 3697,9061786673,Charni Road,bus,2,
Vaishali Chavan 3698,9891804148,Bhoiwada,,4,children in group
Rekha Shinde 3699,9419580330,Grant Road,bus,3,
Prakash Gaikwad 3700,9434003131,Grant Road,walk,2,
Vaishali Chavan 3701,9685301155,Parel,Bus,7,
Sunita Pawar 3702,9132741271,Byculla,Walk,8,
Ganesh More 3703,9044472833,Parel,Walk,3,
Ganesh More 3704,9295136945,Dadar,train,8,
Ganesh More 3705,9028783172,Kalbadevi,Walk,7,
Rekha Shinde 3706,9599197447,Girgaon,Train,4,
Rekha Shinde 3707,9549231162,Grant Road,Bus,1,
,,,walk,2,
Rekha Shinde 3709,9701417700,Kalbadevi,walk,6,
Nitin Kadam 3710,9476491336,Parel,Walking,3,
Rekha Shinde 3711,,Grant Road,Bus,3,carrying idol
Prakash Gaikwad 3712,9589362759,Chowpatty,train,3,
Nitin Kadam 3713,9114004018,Lalbaug,On foot,1,
Sunita Pawar 3714,9546032489,Lalbaug,Walk,4,
Sunita Pawar 3715,9743534143,Girgaon,bus,2,
Rekha Shinde 3716,,Grant Road,train,,
Rekha Shinde 3717,9045758460,Charni Road,Rail,5,
Ganesh More 3718,9654075192,Lalbaug,Walk,2,
Sunita Pawar 3719,,Charni Road,bus,3,elderly in group
Rekha Shinde 3720,9860860517,Charni Road,Walk,6,
Prakash Gaikwad 3721,9093401579,Kalbadevi,On foot,4,carrying idol
Prakash Gaikwad 3722,,Charni Road,walk,2,
Meena Salvi 3723,9163647443,Grant Road,On foot,4,
Rekha Shinde 3724,9967363441,,Walk,5,
Prakash Gaikwad 3725,9942395947,Girgaon,Walk,1,
Ganesh More 3726,9781121909,Bhoiwada,train,8,children in group
Rekha Shinde 3727,9947550342,Dadar,Train,8,children in group
Prakash Gaikwad 3728,,Bhoiwada,walk,,
Ganesh More 3729,9205622890,Dadar,Walk,4,
Sunita Pawar 3730,9600215406,Parel,Walk,4,
Meena Salvi 3731,,,Walk,8,
Nitin Kadam 3732,,,Walk,,
Nitin Kadam 3733,9588669349,Byculla,Walk,1,
,9136067399,Bhoiwada,Walk,3,carrying idol
Vaishali Chavan 3735,9478777352,Dadar,Rail,8,
Prakash Gaikwad 3736,9464109979,Bhoiwada,On foot,1,
Ganesh More 3737,9847496950,Bhoiwada,bus,3,
Meena Salvi 3738,9901085231,Parel,Walk,4,
Sunita Pawar 3739,9463262142,Byculla,Walk,6,
Vaishali Chavan 3740,9882022222,Grant Road,BEST,7,
Vaishali Chavan 3741,9083174990,Kalbadevi,walk,1,carrying idol
Meena Salvi 3742,9416480402,Byculla,Walk,8,elderly in group
Ajay Bhosale 3743,9161470381,,train,5,
Meena Salvi 3744,9806974405,Charni Road,Walk,2,
Vaishali Chavan 3745,,Lalbaug,Walking,8,
Meena Salvi 3746,9102220039,Kalbadevi,Train,2,
Ganesh More 3747,9488308827,Chowpatty,Bus,,
Ajay Bhosale 3748,9264410531,Chowpatty,Rail,1,elderly in group
Ganesh More 3749,9829934998,Girgaon,On foot,,
Meena Salvi 3750,,Chowpatty,Train,1,
Vaishali Chavan 3751,,Bhoiwada,Walk,,
Prakash Gaikwad 3752,9860442894,Grant Road,walk,8,
Prakash Gaikwad 3753,9226438774,Bhoiwada,Walk,6,elderly in group
Vaishali Chavan 3754,,,train,6,
Meena Salvi 3755,9101126818,Lalbaug,Walk,7,
Meena Salvi 3756,9567657419,Grant Road,walk,,elderly in group
Rekha Shinde 3757,9377932431,Lalbaug,Train,6,
Ajay Bhosale 3758,9585894575,Grant Road,Bus,1,elderly in group
Prakash Gaikwad 3759,9836052055,Chowpatty,Train,7,
Sunita Pawar 3760,9797585693,Girgaon,N/A,3,
Prakash Gaikwad 3761,9102249080,Lalbaug,Walk,1,carrying idol
Sunita Pawar 3762,9800637208,Grant Road,Walk,3,
Sunita Pawar 3763,,Kalbadevi,Walk,5,
Ganesh More 3764,9920357022,Lalbaug,bus,1,
Nitin Kadam 3765,,Dadar,BEST,5,elderly in group
Ajay Bhosale 3766,9297182099,Chowpatty,Train,8,
Ganesh More 3767,9693968656,Dadar,Walk,5,
Rekha Shinde 3768,9505100946,Grant Road,Rail,8,
Sunita Pawar 3769,,Byculla,Walk,3,
Ajay Bhosale 3770,9891763301,Parel,Train,6,
Ajay Bhosale 3771,9584161576,Kalbadevi,Walk,4,
Ajay Bhosale 3772,,Grant Road,Train,2,
Prakash Gaikwad 3773,9845530442,Bhoiwada,Bus,1,
Sunita Pawar 3774,9089709367,Dadar,Walk,3,carrying idol
Nitin Kadam 3775,,Bhoiwada,Walk,1,elderly in group
Rekha Shinde 3776,,Kalbadevi,Train,1,
Ajay Bhosale 3777,,Girgaon,Train,7,
Meena Salvi 3778,9642429423,Girgaon,Walk,6,elderly in group
Vaishali Chavan 3779,9363504679,Bhoiwada,Bus,,carrying idol
Ajay Bhosale 3780,9127504372,Byculla,Walk,2,
Vaishali Chavan 3781,,Parel,Train,1,carrying idol
Sunita Pawar 3782,9686976316,Grant Road,Walk,3,
Meena Salvi 3783,9298929781,,Bus,7,
Vaishali Chavan 3784,9604140649,Kalbadevi,Walk,2,
Ganesh More 3785,9463063580,Chowpatty,Bus,6,
Meena Salvi 3786,9969785920,Parel,Walk,7,
Nitin Kadam 3787,9508957889,Girgaon,Walk,5,
Prakash Gaikwad 3788,9061407828,Grant Road,BEST,8,
Sunita Pawar 3789,9719462567,Chowpatty,Bus,,
Sunita Pawar 3790,9939379197,Kalbadevi,bus,8,
Ganesh More 3791,9361386215,Chowpatty,Train,,
Ajay Bhosale 3792,9462096467,Grant Road,train,7,
Vaishali Chavan 3793,9018082301,,Bus,3,
Ajay Bhosale 3794,9165885325,Grant Road,train,3,
Ganesh More 3795,9497805445,Charni Road,Walk,,
Vaishali Chavan 3796,9644118673,Girgaon,BEST,1,
Rekha Shinde 3797,,Parel,Local,2,
Sunita Pawar 3798,,,Bus,3,carrying idol
Ganesh More 3799,9556878071,Grant Road,Train,1,
Nitin Kadam 3800,9042599989,Chowpatty,walk,6,
Vaishali Chavan 3801,9646963831,Charni Road,Walk,7,
Meena Salvi 3802,9619621338,Dadar,Bus,8,
Ganesh More 3803,9750771190,Kalbadevi,Walking,5,
Prakash Gaikwad 3804,9805733676,Grant Road,walk,7,
Nitin Kadam 3805,9773024069,Grant Road,Bus,6,
Rekha Shinde 3806,9926077330,Bhoiwada,Rail,8,
,9292637263,Girgaon,train,1,
Nitin Kadam 3808,9259616364,Grant Road,Walk,1,
Ganesh More 3809,,Byculla,walk,7,
Prakash Gaikwad 3810,,Kalbadevi,Walk,4,
Prakash Gaikwad 3811,,Lalbaug,Bus,7,
Vaishali Chavan 3812,9776814628,Byculla,train,8,
Rekha Shinde 3813,9567966968,Chowpatty,bus,8,
Vaishali Chavan 3814,9966303321,Kalbadevi,Train,8,
Prakash Gaikwad 3815,9993570301,Chowpatty,Walk,2,
Ajay Bhosale 3816,9023956374,Kalbadevi,train,6,
Sunita Pawar 3817,9721673626,Grant Road,train,,
Ajay Bhosale 3818,9596532260,Dadar,Bus,3,
Ganesh More 3819,9086207289,Girgaon,Train,8,
Meena Salvi 3820,9938272156,Kalbadevi,walk,8,
Ajay Bhosale 3821,9436508592,Chowpatty,Train,3,
,,Chowpatty,walk,4,
Ganesh More 3823,9396828843,Charni Road,Bus,5,
Nitin Kadam 3824,,Parel,Walk,3,
Ajay Bhosale 3825,9874878579,Grant Road,Walk,8,elderly in group
Rekha Shinde 3826,9727859019,Dadar,Train,5,
Ganesh More 3827,,Chowpatty,On foot,2,
Nitin Kadam 3828,,Chowpatty,Rail,6,
Meena Salvi 3829,9003518363,Kalbadevi,train,6,
Rekha Shinde 3830,9010418453,Chowpatty,Walk,,
Sunita Pawar 3831,,Chowpatty,Train,5,
Ganesh More 3832,9794023573,Dadar,Walk,1,elderly in group
Rekha Shinde 3833,9581766541,Parel,Train,2,
,9530947185,Girgaon,walk,3,
Ajay Bhosale 3835,9590914370,Girgaon,Walk,7,children in group
Nitin Kadam 3836,9790349363,,Other,5,children in group
,9355232077,Kalbadevi,Train,,
Nitin Kadam 3838,9608808164,Dadar,Bus,,
Vaishali Chavan 3839,9201654555,Girgaon,bus,6,
Prakash Gaikwad 3840,9463487411,Dadar,Walk,3,
Rekha Shinde 3841,9209875888,Parel,Walk,3,elderly in group
,9406943825,Girgaon,,3,
Ajay Bhosale 3843,9128204431,Chowpatty,Walk,1,
Sunita Pawar 3844,9426819699,Grant Road,bus,1,
Rekha Shinde 3845,9742919261,Dadar,Walk,8,
Meena Salvi 3846,9097350574,Chowpatty,Walk,3,
Ganesh More 3847,9953719797,Bhoiwada,train,1,children in group
Prakash Gaikwad 3848,9417246771,Lalbaug,Bus,6,
Rekha Shinde 3849,9197802866,Lalbaug,Local,3,
,,Dadar,Train,3,carrying idol
Nitin Kadam 3851,9939636385,Kalbadevi,Walk,6,
Ganesh More 3852,9900403917,Grant Road,Other,,
Prakash Gaikwad 3853,9039736141,Lalbaug,bus,8,
Meena Salvi 3854,9333898705,Byculla,Walk,2,
Ajay Bhosale 3855,9262512388,,train,7,carrying idol
Nitin Kadam 3856,9493655622,Lalbaug,Walk,8,
Ajay Bhosale 3857,9390804559,Charni Road,walk,,
Nitin Kadam 3858,9041355754,,walk,7,
Ganesh More 3859,,Kalbadevi,Bus,4,
Vaishali Chavan 3860,9840119648,Kalbadevi,Walk,6,
Prakash Gaikwad 3861,9396071526,Grant Road,Bus,6,
Prakash Gaikwad 3862,9066121503,Charni Road,Bus,4,
Ajay Bhosale 3863,9157693494,Girgaon,walk,5,
Nitin Kadam 3864,,Grant Road,walk,2,
Nitin Kadam 3865,,Chowpatty,On foot,5,
Ganesh More 3866,9255724238,Chowpatty,Train,7,
Ajay Bhosale 3867,9446835480,Byculla,walk,2,
Rekha Shinde 3868,9052237118,Dadar,Walk,5,
Ganesh More 3869,9990403784,Dadar,Train,4,
Ajay Bhosale 3870,,Lalbaug,Walk,8,
Ajay Bhosale 3871,9858213995,Kalbadevi,Train,2,
Ajay Bhosale 3872,9005178354,Kalbadevi,Walk,,elderly in group
Prakash Gaikwad 3873,9937432064,Lalbaug,Walk,1,
Meena Salvi 3874,9549575218,Lalbaug,walk,1,
Sunita Pawar 3875,,Bhoiwada,Walk,2,
Nitin Kadam 3876,9553140134,,Walk,3,
Nitin Kadam 3877,9708877109,Girgaon,bus,2,
Ganesh More 3878,,Lalbaug,Walk,6,
Vaishali Chavan 3879,9959037641,Parel,train,8,
Nitin Kadam 3880,9780507788,Charni Road,Walking,,
Ganesh More 3881,9449753623,Bhoiwada,bus,3,
,9540496507,Byculla,train,3,children in group
Ajay Bhosale 3883,9756864477,Bhoiwada,walk,4,
Meena Salvi 3884,9738322214,Parel,bus,8,
Prakash Gaikwad 3885,,Chowpatty,N/A,4,
Prakash Gaikwad 3886,9346781997,Grant Road,Rail,1,
Prakash Gaikwad 3887,9474373796,Bhoiwada,On foot,,
Nitin Kadam 3888,9143513137,Kalbadevi,train,4,
Meena Salvi 3889,9211242552,Grant Road,walk,1,
Vaishali Chavan 3890,,Kalbadevi,Bus,6,
Vaishali Chavan 3891,9053291472,Parel,walk,,
Ganesh More 3892,9733733191,Grant Road,Train,7,
Prakash Gaikwad 3893,9361829853,Charni Road,Rail,8,
Meena Salvi 3894,9903454198,Grant Road,bus,7,
Vaishali Chavan 3895,,Lalbaug,Walk,7,
Ajay Bhosale 3896,9380194621,Charni Road,Walk,4,
Prakash Gaikwad 3897,9644118136,Parel,Bus,5,
,,Bhoiwada,Walk,,
Vaishali Chavan 3899,9686661437,Grant Road,Walk,5,
Prakash Gaikwad 3900,,Bhoiwada,Walk,2,elderly in group
Rekha Shinde 3901,9219700838,Grant Road,train,2,
Ganesh More 3902,,Parel,bus,7,
Rekha Shinde 3903,9051345105,,Local,4,
Sunita Pawar 3904,9614516180,,Bus,4,
Vaishali Chavan 3905,9994662180,Byculla,Train,6,
Sunita Pawar 3906,,Lalbaug,Train,2,
Meena Salvi 3907,9982264152,Dadar,Train,8,
Nitin Kadam 3908,,Chowpatty,train,5,
Nitin Kadam 3909,,Kalbadevi,walk,4,
Prakash Gaikwad 3910,9695507363,Kalbadevi,Train,1,
Ajay Bhosale 3911,,Charni Road,Train,4,
Prakash Gaikwad 3912,9755001993,Parel,Walk,1,
Vaishali Chavan 3913,9947806179,Dadar,Rail,1,
Sunita Pawar 3914,9405938048,Charni Road,Walk,2,children in group
Ganesh More 3915,9824083765,Dadar,Walk,8,
Ganesh More 3916,9272328916,Kalbadevi,Walk,7,elderly in group
Sunita Pawar 3917,,Girgaon,Bus,6,
Rekha Shinde 3918,9499356613,Kalbadevi,Local,2,
Meena Salvi 3919,9184862241,Dadar,Train,7,
Vaishali Chavan 3920,9359853966,Grant Road,train,,carrying idol
Ganesh More 3921,,Byculla,Bus,4,
Prakash Gaikwad 3922,9805450993,Kalbadevi,Walk,6,
Sunita Pawar 3923,9219498788,Dadar,train,3,
Meena Salvi 3924,9613639007,Parel,Walk,5,carrying idol
Meena Salvi 3925,,Dadar,Walk,5,
Meena Salvi 3926,9841611530,Byculla,Train,5,
Sunita Pawar 3927,,Bhoiwada,Local,,
Meena Salvi 3928,9800079897,Girgaon,On foot,6,
Rekha Shinde 3929,9958093930,Lalbaug,walk,,
Rekha Shinde 3930,9125615226,Dadar,Walk,,
Vaishali Chavan 3931,9536952403,Bhoiwada,Walk,,elderly in group
Nitin Kadam 3932,9845499625,Bhoiwada,walk,,
Vaishali Chavan 3933,9485253731,,walk,8,
Prakash Gaikwad 3934,9525333348,Girgaon,Train,4,elderly in group
Nitin Kadam 3935,9479612915,Girgaon,Bus,4,
Vaishali Chavan 3936,9933046030,Chowpatty,Walking,8,
Ganesh More 3937,,Charni Road,Train,5,
Sunita Pawar 3938,9761815474,Kalbadevi,Train,5,
Rekha Shinde 3939,9378062289,Charni Road,Walk,7,
Nitin Kadam 3940,9242228320,Lalbaug,Train,4,elderly in group
Nitin Kadam 3941,9059410216,Lalbaug,bus,1,
Nitin Kadam 3942,9195552246,Parel,Train,7,
Rekha Shinde 3943,,Kalbadevi,Local,6,carrying idol
Vaishali Chavan 3944,9930288494,Kalbadevi,Rail,7,carrying idol
Rekha Shinde 3945,9668114787,Bhoiwada,Walk,5,
Sunita Pawar 3946,9849478867,Parel,walk,1,
Ganesh More 3947,9225437685,Dadar,Rail,4,
Nitin Kadam 3948,9600302721,Byculla,Walk,4,
,9158607871,Parel,walk,8,
Vaishali Chavan 3950,9234069284,Girgaon,bus,3,
Ganesh More 3951,,Bhoiwada,Bus,3,
Ganesh More 3952,9714374870,Grant Road,Bus,,
Rekha Shinde 3953,,Lalbaug,On foot,7,
Vaishali Chavan 3954,9927359088,Kalbadevi,Train,3,
Ganesh More 3955,9733899891,,train,3,
Sunita Pawar 3956,9277679852,Grant Road,Walk,7,
Vaishali Chavan 3957,9576457163,Chowpatty,Walk,,
Nitin Kadam 3958,9264406372,Dadar,Bus,3,
Ganesh More 3959,,Charni Road,Bus,5,
Prakash Gaikwad 3960,9054314136,Dadar,Walk,5,
Ganesh More 3961,9848108780,Charni Road,Bus,7,
Prakash Gaikwad 3962,9886356795,Kalbadevi,Walk,8,
Vaishali Chavan 3963,,Bhoiwada,Train,5,
Prakash Gaikwad 3964,9769390224,Lalbaug,Walk,3,children in group
Sunita Pawar 3965,9718679184,Chowpatty,Walk,4,
Sunita Pawar 3966,9620923103,Lalbaug,Walk,7,
Prakash Gaikwad 3967,9870223351,Girgaon,Walk,7,
Vaishali Chavan 3968,9647013111,Lalbaug,Train,,
Vaishali Chavan 3969,,Lalbaug,Train,,
Sunita Pawar 3970,9356074794,Bhoiwada,Train,5,
,9730228524,Lalbaug,Train,,
Rekha Shinde 3972,9315278358,Chowpatty,train,5,
Meena Salvi 3973,9479141108,Charni Road,Train,8,children in group
Meena Salvi 3974,9780907526,Girgaon,Walk,8,
Nitin Kadam 3975,9911281306,Bhoiwada,Train,5,
Prakash Gaikwad 3976,,,On foot,5,
Meena Salvi 3977,9610407501,Chowpatty,walk,4,
Rekha Shinde 3978,9484494950,Kalbadevi,train,3,
Rekha Shinde 3979,9841356159,Grant Road,Bus,1,
Prakash Gaikwad 3980,9716161559,Girgaon,Train,3,
Ganesh More 3981,9787761017,Girgaon,bus,6,elderly in group
Ajay Bhosale 3982,9787757055,Girgaon,Walk,7,
Meena Salvi 3983,9550362011,Dadar,bus,,
,,Grant Road,Train,8,
Prakash Gaikwad 3985,9984939567,Grant Road,Walk,6,elderly in group
Sunita Pawar 3986,9996205781,Charni Road,Bus,3,
Ajay Bhosale 3987,,Chowpatty,Train,3,
Meena Salvi 3988,9821997646,,BEST,5,
Nitin Kadam 3989,9127845115,Bhoiwada,Bus,1,children in group
Nitin Kadam 3990,9060789373,Charni Road,Walk,3,
,9525774721,Charni Road,walk,4,
Ajay Bhosale 3992,,Parel,Rail,6,
Ajay Bhosale 3993,9921290412,Bhoiwada,Train,7,
Vaishali Chavan 3994,9210603882,Dadar,bus,4,children in group
Sunita Pawar 3995,9853653461,Charni Road,Walk,7,carrying idol
Vaishali Chavan 3996,9547444568,Lalbaug,Bus,1,
Ganesh More 3997,9237016658,Kalbadevi,BEST,5,
Ganesh More 3998,9224389747,Parel,Walk,6,
Prakash Gaikwad 3999,,Parel,Bus,5,children in group
Ganesh More 4000,9791694190,Parel,Walk,1,
Sunita Pawar 4001,,Grant Road,walk,5,
Meena Salvi 4002,9790348469,Girgaon,walk,5,
Rekha Shinde 4003,9558918615,Charni Road,train,3,elderly in group
Ajay Bhosale 4004,9903095208,Parel,walk,1,
Ganesh More 4005,9295383079,Chowpatty,Bus,4,elderly in group
Rekha Shinde 4006,9576275994,Parel,Train,5,
Vaishali Chavan 4007,9239317133,Kalbadevi,Train,6,
Ajay Bhosale 4008,9514655734,Bhoiwada,walk,2,
Nitin Kadam 4009,9351092873,Girgaon,,2,
Vaishali Chavan 4010,9876382864,Parel,Train,1,
Meena Salvi 4011,,Lalbaug,Walk,8,
Vaishali Chavan 4012,9202135908,Kalbadevi,Train,4,
Nitin Kadam 4013,9427841607,Charni Road,,3,
Nitin Kadam 4014,9301208353,Bhoiwada,bus,1,
Prakash Gaikwad 4015,9332356236,Grant Road,BEST,5,
Meena Salvi 4016,9189037716,Byculla,Walk,3,
Nitin Kadam 4017,,Lalbaug,BEST,4,
Rekha Shinde 4018,9835980633,Bhoiwada,walk,1,
Ganesh More 4019,,Dadar,Walk,5,elderly in group
Nitin Kadam 4020,9399987097,Lalbaug,walk,1,
Nitin Kadam 4021,,Kalbadevi,walk,4,
Meena Salvi 4022,9164195181,Parel,walk,7,
Sunita Pawar 4023,,Dadar,train,2,children in group
Ganesh More 4024,9909081571,Lalbaug,Walk,5,
Nitin Kadam 4025,9386220182,Bhoiwada,Bus,1,
Nitin Kadam 4026,9362434617,Lalbaug,walk,4,
Ganesh More 4027,9470650002,Parel,Local,6,
Meena Salvi 4028,9642322910,Lalbaug,train,6,elderly in group
Ajay Bhosale 4029,,Girgaon,Walking,1,elderly in group
Nitin Kadam 4030,9152459781,Byculla,Train,4,
Sunita Pawar 4031,9606185325,Byculla,Train,7,
Vaishali Chavan 4032,9233098155,Grant Road,Walking,5,carrying idol
Nitin Kadam 4033,9346149541,Kalbadevi,Walking,2,carrying idol
Vaishali Chavan 4034,9755095716,Parel,walk,3,
Meena Salvi 4035,9971329750,Charni Road,Bus,6,
Vaishali Chavan 4036,,Girgaon,Train,5,
Prakash Gaikwad 4037,9230859275,Lalbaug,walk,8,
Rekha Shinde 4038,9997001476,Lalbaug,Walk,2,
Ganesh More 4039,9427614069,Grant Road,Walk,5,
Vaishali Chavan 4040,9717856438,Dadar,train,,
Meena Salvi 4041,9066821689,Charni Road,Walk,5,
Rekha Shinde 4042,9999329853,Parel,Train,4,
Sunita Pawar 4043,9716394418,Dadar,Train,5,
Ajay Bhosale 4044,9346786420,Chowpatty,Bus,1,
Rekha Shinde 4045,9103854188,,Bus,5,
Nitin Kadam 4046,9898112328,Bhoiwada,Train,2,
Meena Salvi 4047,9740084094,Byculla,Bus,,
Nitin Kadam 4048,9437967101,Lalbaug,Train,2,
Ajay Bhosale 4049,9628449308,Byculla,Walk,,children in group
Nitin Kadam 4050,9123688403,Chowpatty,bus,8,
Rekha Shinde 4051,9309037285,Grant Road,Train,,
Vaishali Chavan 4052,9218846643,Byculla,bus,6,elderly in group
Vaishali Chavan 4053,,Charni Road,Bus,6,
Vaishali Chavan 4054,9668141876,Kalbadevi,walk,3,
Ajay Bhosale 4055,,Grant Road,Walking,5,
Nitin Kadam 4056,,Girgaon,Train,8,carrying idol
Vaishali Chavan 4057,,Lalbaug,Rail,4,
Vaishali Chavan 4058,9760411575,Kalbadevi,Walking,3,
Rekha Shinde 4059,9066190607,Grant Road,train,3,
Sunita Pawar 4060,9285857525,Lalbaug,Bus,4,
Rekha Shinde 4061,9141775912,Byculla,Walk,1,
Nitin Kadam 4062,9180055485,Girgaon,Walk,6,
Ganesh More 4063,9732528329,Girgaon,Other,,
Ganesh More 4064,9752627683,Grant Road,walk,2,
Sunita Pawar 4065,9504673853,Byculla,On foot,1,
Rekha Shinde 4066,9495905764,Kalbadevi,bus,7,children in group
Prakash Gaikwad 4067,9789631477,Kalbadevi,Bus,5,children in group
Nitin Kadam 4068,9742759414,Kalbadevi,train,6,
Rekha Shinde 4069,9865600157,,walk,5,
Vaishali Chavan 4070,9020299500,Grant Road,walk,6,
Ajay Bhosale 4071,,Lalbaug,Bus,2,
Sunita Pawar 4072,9159439523,Bhoiwada,Train,8,
,9097167624,Lalbaug,Local,2,
Prakash Gaikwad 4074,9915933860,,Walk,7,
Vaishali Chavan 4075,9668689921,Chowpatty,Bus,8,
Nitin Kadam 4076,9633266298,Bhoiwada,Train,7,
Ajay Bhosale 4077,9756822345,Dadar,bus,4,
Rekha Shinde 4078,9304942448,Charni Road,Rail,4,elderly in group
Vaishali Chavan 4079,9997196262,Dadar,Walk,3,
Rekha Shinde 4080,9366589487,,walk,4,
Prakash Gaikwad 4081,9852877398,Parel,Walk,1,
Rekha Shinde 4082,,Bhoiwada,Walk,8,
Prakash Gaikwad 4083,,Girgaon,Train,,
Prakash Gaikwad 4084,9206988257,Kalbadevi,Walk,4,carrying idol
Meena Salvi 4085,,Byculla,walk,5,children in group
Nitin Kadam 4086,9309905130,Girgaon,Walk,8,
Rekha Shinde 4087,9056587456,Dadar,Walk,2,
Ajay Bhosale 4088,9397042988,Kalbadevi,Walk,2,
Sunita Pawar 4089,9342085305,Grant Road,Bus,5,
Rekha Shinde 4090,9631368199,Lalbaug,Walk,8,
Meena Salvi 4091,9787645843,,walk,7,
Ganesh More 4092,9205258393,Kalbadevi,Train,5,
Sunita Pawar 4093,9611306098,Byculla,Walk,1,
Sunita Pawar 4094,,,Bus,4,
Meena Salvi 4095,9544015323,Chowpatty,Walk,3,
Sunita Pawar 4096,9207244861,Lalbaug,walk,6,
Meena Salvi 4097,9646477328,Chowpatty,train,3,
Ajay Bhosale 4098,9381989055,Grant Road,Bus,,
Meena Salvi 4099,,Byculla,walk,2,
Ganesh More 4100,9687894216,Chowpatty,bus,3,carrying idol
Meena Salvi 4101,9541136562,Lalbaug,Walk,4,carrying idol
Vaishali Chavan 4102,9393523006,Chowpatty,Walk,8,
Ajay Bhosale 4103,9398499978,Parel,Train,,
Ajay Bhosale 4104,9703863010,Dadar,,4,
Nitin Kadam 4105,9933650901,Kalbadevi,train,6,elderly in group
Prakash Gaikwad 4106,9629246271,Girgaon,Walk,1,
Sunita Pawar 4107,9632817056,Charni Road,Train,8,
Rekha Shinde 4108,9344477941,Byculla,Walk,2,
Meena Salvi 4109,9099532904,Girgaon,Walk,2,
Prakash Gaikwad 4110,9143261607,Byculla,Bus,8,
Vaishali Chavan 4111,9803559203,Dadar,Bus,7,
Nitin Kadam 4112,9421237261,Bhoiwada,Train,3,
Vaishali Chavan 4113,,Girgaon,Walk,5,
Ganesh More 4114,9281429076,Girgaon,Walk,6,elderly in group
Rekha Shinde 4115,9509321229,Parel,Walk,1,
Prakash Gaikwad 4116,,Kalbadevi,Bus,,elderly in group
Ajay Bhosale 4117,9330678228,Bhoiwada,walk,3,elderly in group
Ajay Bhosale 4118,9486637583,Charni Road,train,5,carrying idol
Ajay Bhosale 4119,9746165753,Lalbaug,Walk,8,
Prakash Gaikwad 4120,9893295815,,walk,8,children in group
Rekha Shinde 4121,,Lalbaug,Walk,8,carrying idol
Nitin Kadam 4122,9568491299,Charni Road,Walk,2,carrying idol
Sunita Pawar 4123,9794669110,Girgaon,On foot,6,
Ajay Bhosale 4124,,Parel,Walk,,
Ganesh More 4125,,Girgaon,Walk,,
Rekha Shinde 4126,9825753154,Lalbaug,Walk,,
Meena Salvi 4127,9521263271,Girgaon,Walking,7,carrying idol
Meena Salvi 4128,9014836668,Parel,walk,8,children in group
Prakash Gaikwad 4129,9693297842,Grant Road,BEST,,
Prakash Gaikwad 4130,9449195381,Byculla,,4,
Meena Salvi 4131,9726633553,Dadar,Walk,7,
Ganesh More 4132,9097333331,Lalbaug,bus,2,
Meena Salvi 4133,9103464015,Parel,Train,2,
Ajay Bhosale 4134,9106096049,Girgaon,bus,6,elderly in group
Meena Salvi 4135,,Bhoiwada,Train,8,
Nitin Kadam 4136,9367888520,Parel,Bus,3,
Rekha Shinde 4137,,Girgaon,train,5,
Prakash Gaikwad 4138,9689236624,Byculla,Walk,7,
Meena Salvi 4139,9679893537,Lalbaug,walk,8,
Prakash Gaikwad 4140,9325075518,Chowpatty,train,7,
Rekha Shinde 4141,,Kalbadevi,Train,5,
Rekha Shinde 4142,9541051641,Lalbaug,train,6,
Prakash Gaikwad 4143,9702353794,Grant Road,Walk,5,
Meena Salvi 4144,9696088973,Chowpatty,Bus,,
Ganesh More 4145,9533136619,Dadar,train,8,
Vaishali Chavan 4146,,Parel,On foot,7,
Prakash Gaikwad 4147,9852915043,Byculla,bus,2,elderly in group
Prakash Gaikwad 4148,9092577568,Parel,walk,4,
Ajay Bhosale 4149,9405585467,Charni Road,Walk,6,
Ganesh More 4150,,Charni Road,walk,8,
Ajay Bhosale 4151,,,Walk,6,
Prakash Gaikwad 4152,,Grant Road,walk,2,
Prakash Gaikwad 4153,,Chowpatty,Walk,8,
Rekha Shinde 4154,9288369351,Dadar,Bus,,
Vaishali Chavan 4155,,Grant Road,Walk,3,
Ajay Bhosale 4156,9768308631,Charni Road,Train,6,carrying idol
Ajay Bhosale 4157,9821737645,Chowpatty,bus,4,
Rekha Shinde 4158,9898132735,Girgaon,Train,3,carrying idol
Ganesh More 4159,9859486244,Lalbaug,walk,1,
Meena Salvi 4160,9125191333,Bhoiwada,Train,7,elderly in group
Sunita Pawar 4161,9583175872,Girgaon,train,3,
Vaishali Chavan 4162,9259708929,Kalbadevi,Rail,2,children in group
Ganesh More 4163,9212478346,Grant Road,Bus,7,
Ganesh More 4164,9529818444,Grant Road,Rail,4,
Ajay Bhosale 4165,9927080683,Chowpatty,Walk,5,
Prakash Gaikwad 4166,,Chowpatty,Walk,4,
Nitin Kadam 4167,9538188225,Lalbaug,bus,4,
Ajay Bhosale 4168,9584435419,Girgaon,On foot,7,
Nitin Kadam 4169,9726116639,Chowpatty,Walk,8,
Rekha Shinde 4170,,Dadar,Train,7,
Ganesh More 4171,9027793034,Dadar,Bus,6,
Sunita Pawar 4172,9549408588,Byculla,Other,1,
Rekha Shinde 4173,,Kalbadevi,Walk,2,
Ganesh More 4174,9252432331,,Walk,1,
Sunita Pawar 4175,,Kalbadevi,Train,5,
Meena Salvi 4176,,Grant Road,Walking,2,
Meena Salvi 4177,9506922908,Byculla,walk,3,
Sunita Pawar 4178,9621718484,Kalbadevi,Walk,,
Prakash Gaikwad 4179,9130989796,Dadar,walk,4,
Ganesh More 4180,9228529343,Kalbadevi,bus,3,
Vaishali Chavan 4181,9192505029,Byculla,Walk,5,
Ajay Bhosale 4182,9584620666,Byculla,On foot,5,
Ajay Bhosale 4183,9004241913,Parel,BEST,5,
Meena Salvi 4184,,,train,4,
Ganesh More 4185,,Lalbaug,train,8,
Meena Salvi 4186,,Grant Road,BEST,1,
Rekha Shinde 4187,9386115462,Girgaon,On foot,6,carrying idol
Vaishali Chavan 4188,,Lalbaug,Walk,2,
Vaishali Chavan 4189,9660348694,Bhoiwada,Rail,8,carrying idol
Vaishali Chavan 4190,9551109159,Grant Road,Bus,4,
Sunita Pawar 4191,,Chowpatty,Walk,3,
Meena Salvi 4192,9988504533,Kalbadevi,Walk,8,children in group
Sunita Pawar 4193,9532881875,Charni Road,Train,6,carrying idol
Sunita Pawar 4194,9125698253,Dadar,Train,,
,9146967688,Dadar,walk,,
Sunita Pawar 4196,9852159594,Dadar,Rail,1,
Prakash Gaikwad 4197,9151024155,,train,,elderly in group
Nitin Kadam 4198,,Dadar,Train,4,
Prakash Gaikwad 4199,9544952093,Lalbaug,bus,2,
,9602546031,Chowpatty,Walk,7,
Vaishali Chavan 4201,,Parel,walk,5,
Vaishali Chavan 4202,9000755621,Chowpatty,Walk,2,
Prakash Gaikwad 4203,,Charni Road,Walk,1,
Vaishali Chavan 4204,9932053194,Parel,Train,5,
Vaishali Chavan 4205,9724489812,Bhoiwada,Walk,8,
Ganesh More 4206,9312104122,Byculla,Walk,7,
Sunita Pawar 4207,,Grant Road,walk,2,
Ajay Bhosale 4208,9254314462,Lalbaug,Walk,1,
Sunita Pawar 4209,9682107971,Byculla,walk,6,
Ganesh More 4210,9824259811,Byculla,Walk,2,
Sunita Pawar 4211,9343842292,Girgaon,Walk,2,
Meena Salvi 4212,9795646771,Girgaon,Walk,7,carrying idol
Vaishali Chavan 4213,9461598725,Parel,Bus,4,carrying idol
Ajay Bhosale 4214,9643091167,,Walk,8,
Prakash Gaikwad 4215,,Grant Road,BEST,1,
Nitin Kadam 4216,,Chowpatty,Walk,8,
Vaishali Chavan 4217,9281210949,Girgaon,train,7,elderly in group
Sunita Pawar 4218,9883879687,Bhoiwada,Bus,1,children in group
Ganesh More 4219,9487029900,Girgaon,Train,4,
Vaishali Chavan 4220,,Charni Road,Walk,6,
Prakash Gaikwad 4221,9468633927,Bhoiwada,Walk,6,
Sunita Pawar 4222,9897143687,Chowpatty,Train,1,
Sunita Pawar 4223,9161986324,Dadar,Walk,8,children in group
,9661978528,Grant Road,train,5,children in group
Prakash Gaikwad 4225,9770802190,Dadar,Walk,3,
Meena Salvi 4226,9750911287,Dadar,bus,7,carrying idol
Meena Salvi 4227,9315456414,Kalbadevi,walk,2,
Vaishali Chavan 4228,9815377391,Grant Road,Walk,1,
Ganesh More 4229,9464913353,Byculla,Train,7,
Ganesh More 4230,9774224125,Girgaon,walk,1,
Ajay Bhosale 4231,9660666011,,Train,5,
Prakash Gaikwad 4232,9387713999,Grant Road,Train,,
Sunita Pawar 4233,9936229150,Bhoiwada,Train,1,elderly in group
Sunita Pawar 4234,9482508887,Byculla,N/A,2,
Prakash Gaikwad 4235,,Byculla,BEST,,children in group
Nitin Kadam 4236,9782803390,Chowpatty,Bus,5,
Ganesh More 4237,,Bhoiwada,walk,4,
Ganesh More 4238,9635678982,Parel,train,2,
Prakash Gaikwad 4239,9695357167,Kalbadevi,Walk,,children in group
Sunita Pawar 4240,9930614586,Lalbaug,Walk,,
Rekha Shinde 4241,9130180084,Grant Road,Bus,5,children in group
Prakash Gaikwad 4242,,Parel,Train,,
Nitin Kadam 4243,9046046589,Chowpatty,Rail,2,
Meena Salvi 4244,9855016055,Lalbaug,Train,2,children in group
Ganesh More 4245,9776457424,Dadar,N/A,8,
Ganesh More 4246,9313962967,,N/A,2,
Meena Salvi 4247,9045802019,Grant Road,Rail,6,
Vaishali Chavan 4248,9900518500,Bhoiwada,Walk,8,
Rekha Shinde 4249,,Charni Road,train,4,
Sunita Pawar 4250,,Lalbaug,Walking,7,
Rekha Shinde 4251,,Bhoiwada,On foot,2,
Rekha Shinde 4252,9008143439,Byculla,Walk,4,
Vaishali Chavan 4253,,Grant Road,train,1,carrying idol
Ajay Bhosale 4254,9383654801,Lalbaug,Walk,3,
Prakash Gaikwad 4255,9158139190,Kalbadevi,Train,2,
Vaishali Chavan 4256,,Kalbadevi,Walk,3,
Rekha Shinde 4257,9311568232,Girgaon,walk,3,
Nitin Kadam 4258,9221158524,Charni Road,Bus,2,
Nitin Kadam 4259,,Girgaon,bus,3,carrying idol
Vaishali Chavan 4260,9423940664,Kalbadevi,On foot,3,
Nitin Kadam 4261,9007113481,Girgaon,Walk,1,
Prakash Gaikwad 4262,,Kalbadevi,Train,8,carrying idol
Ajay Bhosale 4263,9008702778,Kalbadevi,Walk,5,
Ganesh More 4264,9303844933,Dadar,Walk,2,
Ganesh More 4265,9892850508,Byculla,Train,5,
Vaishali Chavan 4266,9238164951,Kalbadevi,walk,2,elderly in group
Sunita Pawar 4267,9888113691,Dadar,train,,
Rekha Shinde 4268,9455947891,Grant Road,Walk,6,carrying idol
Ajay Bhosale 4269,,Bhoiwada,Bus,,
Ganesh More 4270,9195296040,,Walk,4,
Nitin Kadam 4271,9409171815,Lalbaug,walk,4,
Ganesh More 4272,9145221883,Parel,Walking,7,carrying idol
Vaishali Chavan 4273,,Charni Road,Rail,7,
Rekha Shinde 4274,,Parel,Walk,1,
Sunita Pawar 4275,9091667126,Grant Road,Train,6,
,9188371937,Kalbadevi,Bus,4,
Ajay Bhosale 4277,9044032151,Dadar,Walk,6,
Ganesh More 4278,9165236918,Kalbadevi,Train,5,
Nitin Kadam 4279,9925412233,Grant Road,Walk,7,elderly in group
Rekha Shinde 4280,9652798184,Kalbadevi,Train,6,carrying idol
Ajay Bhosale 4281,9948771925,Dadar,bus,7,
Rekha Shinde 4282,9835276411,Bhoiwada,Train,2,children in group
Ganesh More 4283,9961437266,Lalbaug,Train,5,carrying idol
Meena Salvi 4284,,Girgaon,Walk,4,
Nitin Kadam 4285,9050239352,Girgaon,Walk,4,
Ajay Bhosale 4286,,Bhoiwada,walk,4,
Sunita Pawar 4287,9474340141,Lalbaug,Walking,2,
Ganesh More 4288,9717984068,Kalbadevi,On foot,2,
Ajay Bhosale 4289,,Kalbadevi,Walk,2,elderly in group
Ajay Bhosale 4290,9193009421,Chowpatty,Local,,
Ajay Bhosale 4291,9858997690,Byculla,walk,7,carrying idol
Vaishali Chavan 4292,9659909314,Kalbadevi,Train,7,
Meena Salvi 4293,9257540674,Bhoiwada,Bus,4,
Ganesh More 4294,9128685741,,walk,3,carrying idol
Ajay Bhosale 4295,9808793274,,train,6,children in group
Ganesh More 4296,,Girgaon,Walk,3,children in group
Ganesh More 4297,,Lalbaug,Bus,3,
Prakash Gaikwad 4298,9536348108,Grant Road,On foot,4,
Meena Salvi 4299,,Girgaon,Walk,6,
Prakash Gaikwad 4300,9026097885,Chowpatty,Walk,4,
Ajay Bhosale 4301,9709444457,Dadar,train,2,
Ganesh More 4302,9832509589,Girgaon,Rail,3,carrying idol
Sunita Pawar 4303,,,Walk,2,
Meena Salvi 4304,9705479142,Kalbadevi,Bus,5,
Vaishali Chavan 4305,,Grant Road,Local,1,
Vaishali Chavan 4306,9441565688,Charni Road,walk,,
Vaishali Chavan 4307,9157071034,Chowpatty,walk,5,
Ajay Bhosale 4308,9275792174,,Bus,,
Ganesh More 4309,9018287330,Dadar,walk,6,
Vaishali Chavan 4310,9429239370,Parel,bus,1,elderly in group
,9126692663,Chowpatty,Walk,6,elderly in group
Ganesh More 4312,9006244054,Girgaon,Train,,
Prakash Gaikwad 4313,9636572257,Byculla,Train,4,
Rekha Shinde 4314,9597105095,Charni Road,train,5,
Vaishali Chavan 4315,9818051486,Grant Road,walk,,
Prakash Gaikwad 4316,9223060591,Charni Road,walk,,
Prakash Gaikwad 4317,9004183006,Charni Road,Bus,4,elderly in group
Ganesh More 4318,9718540547,,On foot,1,
Sunita Pawar 4319,9409304661,Byculla,walk,,
Rekha Shinde 4320,9355197675,Lalbaug,walk,2,
Ajay Bhosale 4321,9746146838,Girgaon,,5,
Sunita Pawar 4322,,,On foot,,
Meena Salvi 4323,9995017054,Lalbaug,Train,4,
Prakash Gaikwad 4324,9213300872,Grant Road,BEST,8,
Prakash Gaikwad 4325,9060119803,Kalbadevi,Train,3,children in group
Vaishali Chavan 4326,,Parel,train,5,
Vaishali Chavan 4327,9737437136,Bhoiwada,Walk,6,
Vaishali Chavan 4328,9298973145,Chowpatty,Train,8,
Rekha Shinde 4329,9140053897,Parel,Walk,6,
Vaishali Chavan 4330,9172386974,Kalbadevi,train,2,
Nitin Kadam 4331,9604257493,Kalbadevi,BEST,,
Ganesh More 4332,9797634137,Grant Road,,1,
Vaishali Chavan 4333,9905651468,Charni Road,walk,6,
,,Byculla,bus,1,
Sunita Pawar 4335,9421519971,Parel,Walk,7,
Ajay Bhosale 4336,9875428755,Bhoiwada,BEST,5,
Vaishali Chavan 4337,9814546701,Grant Road,Walk,8,
Ajay Bhosale 4338,,Kalbadevi,walk,7,
Vaishali Chavan 4339,,Parel,Bus,4,
,9077119666,Byculla,Local,3,
Rekha Shinde 4341,,Parel,Train,1,
Ganesh More 4342,9962382898,Charni Road,Train,1,
Sunita Pawar 4343,9378851898,Chowpatty,Walk,2,
Vaishali Chavan 4344,9108224668,Girgaon,Rail,5,
Rekha Shinde 4345,9346182162,Parel,Train,5,
Vaishali Chavan 4346,9383171567,Bhoiwada,Train,2,
Prakash Gaikwad 4347,9327771821,Charni Road,Bus,3,
Prakash Gaikwad 4348,9154006613,Byculla,bus,,
Ganesh More 4349,9214792129,Dadar,Walk,3,elderly in group
Rekha Shinde 4350,,Bhoiwada,Local,7,
Rekha Shinde 4351,9832311369,Chowpatty,Bus,6,
Rekha Shinde 4352,9556534427,Girgaon,Walk,7,
Meena Salvi 4353,,Grant Road,Train,2,
Ganesh More 4354,9604640576,Chowpatty,walk,8,
Nitin Kadam 4355,9134125821,Grant Road,Train,8,
Prakash Gaikwad 4356,9895658227,Chowpatty,Other,8,
Prakash Gaikwad 4357,9020516213,Charni Road,walk,3,
Ganesh More 4358,9465257059,Dadar,Walking,1,carrying idol
Prakash Gaikwad 4359,9639502181,Lalbaug,Bus,3,
Ganesh More 4360,,Parel,Rail,1,
Nitin Kadam 4361,9020506727,Girgaon,Walk,8,
Nitin Kadam 4362,9369221991,,train,2,carrying idol
Ajay Bhosale 4363,9474627542,Chowpatty,Bus,1,
Rekha Shinde 4364,,Dadar,walk,3,
Nitin Kadam 4365,9553003320,Charni Road,train,5,
Vaishali Chavan 4366,9538893850,Chowpatty,Other,6,
Prakash Gaikwad 4367,,Charni Road,,4,
Nitin Kadam 4368,9391295544,Grant Road,Bus,3,
Prakash Gaikwad 4369,9800828196,,Walk,1,elderly in group
Meena Salvi 4370,9693939535,Parel,Local,1,
Nitin Kadam 4371,9900742937,Lalbaug,Bus,3,
Nitin Kadam 4372,9167328340,Charni Road,Train,,
Meena Salvi 4373,,Charni Road,Walk,1,
Ajay Bhosale 4374,9573709073,Bhoiwada,bus,,
Ganesh More 4375,9285552849,Byculla,Rail,7,
Nitin Kadam 4376,9767950114,Charni Road,On foot,2,
Sunita Pawar 4377,9881230563,Lalbaug,Walk,5,
Ajay Bhosale 4378,9499699773,Lalbaug,Bus,1,
Ajay Bhosale 4379,,Charni Road,Walk,,elderly in group
Rekha Shinde 4380,9188182175,Dadar,Walk,7,
Ajay Bhosale 4381,9412876921,Lalbaug,Bus,5,carrying idol
Nitin Kadam 4382,,Dadar,Bus,2,
Vaishali Chavan 4383,9253310049,Kalbadevi,train,,
Ganesh More 4384,9213979779,,Train,1,
Meena Salvi 4385,9766042047,Bhoiwada,N/A,7,
Vaishali Chavan 4386,9597874092,Grant Road,Walk,7,
Ajay Bhosale 4387,9202164078,Lalbaug,Walk,7,carrying idol
Sunita Pawar 4388,9260153128,Kalbadevi,train,8,
Sunita Pawar 4389,9933604250,Chowpatty,Bus,7,
Ajay Bhosale 4390,9454029103,Dadar,Train,5,
Meena Salvi 4391,9376175332,Bhoiwada,,,
Meena Salvi 4392,9622043331,Lalbaug,Train,6,
Nitin Kadam 4393,9921893027,Byculla,Walk,7,
Meena Salvi 4394,9396504662,Charni Road,Local,2,
Rekha Shinde 4395,,Bhoiwada,Walking,6,
,9328124192,Lalbaug,Walk,6,
Ganesh More 4397,,Dadar,walk,2,
Nitin Kadam 4398,,Girgaon,Rail,2,
Ajay Bhosale 4399,9952558350,Bhoiwada,train,7,
Ganesh More 4400,9207776564,Grant Road,Walk,6,
Prakash Gaikwad 4401,,Chowpatty,Walk,8,
Nitin Kadam 4402,9718204202,Lalbaug,train,7,
Prakash Gaikwad 4403,9236149751,Charni Road,Walk,2,carrying idol
Ganesh More 4404,9253898500,Chowpatty,Train,4,
Rekha Shinde 4405,9668612071,Kalbadevi,Rail,1,
Ganesh More 4406,9870790462,Grant Road,BEST,3,
Vaishali Chavan 4407,9999781039,Parel,N/A,8,
Ganesh More 4408,9851062532,Parel,Walk,6,
Meena Salvi 4409,9637195542,Bhoiwada,bus,1,
Prakash Gaikwad 4410,9877154935,,Train,4,
Rekha Shinde 4411,9099988139,Bhoiwada,walk,5,
Ganesh More 4412,9844969155,Chowpatty,Train,5,
Prakash Gaikwad 4413,9877654658,,Walk,,children in group
Meena Salvi 4414,9148573261,Dadar,Bus,5,
Ajay Bhosale 4415,9804126612,Charni Road,walk,5,
Nitin Kadam 4416,9724593076,Grant Road,Walk,,children in group
Prakash Gaikwad 4417,9889047332,Bhoiwada,Train,4,
,,Kalbadevi,Bus,3,
Ajay Bhosale 4419,9201398413,Byculla,Train,,
Vaishali Chavan 4420,,Charni Road,Train,6,
Meena Salvi 4421,9633031244,Dadar,Walk,6,
Meena Salvi 4422,9441443473,Parel,walk,1,
Nitin Kadam 4423,9467536890,Chowpatty,Walk,5,children in group
Ganesh More 4424,,Girgaon,Train,3,
Nitin Kadam 4425,9915800046,Girgaon,Train,6,
Sunita Pawar 4426,9681001536,Kalbadevi,walk,1,
Rekha Shinde 4427,9375446017,Chowpatty,bus,3,
Ajay Bhosale 4428,9543363609,Grant Road,Bus,5,
Nitin Kadam 4429,9798548576,Charni Road,Other,,elderly in group
Rekha Shinde 4430,9492553085,Dadar,Walk,8,
Sunita Pawar 4431,9981389824,Lalbaug,bus,,
Meena Salvi 4432,9328280346,Charni Road,Train,4,
Rekha Shinde 4433,9670550926,Lalbaug,On foot,4,
Nitin Kadam 4434,9086220946,Byculla,bus,4,
Sunita Pawar 4435,9980892924,Grant Road,Bus,7,
Ajay Bhosale 4436,9164149716,Girgaon,Walk,1,
Prakash Gaikwad 4437,9055806836,Byculla,Bus,5,
Meena Salvi 4438,9212048764,Grant Road,Walk,5,
Meena Salvi 4439,9417600912,Byculla,Walk,7,
Ajay Bhosale 4440,9657285215,Dadar,Bus,,
Nitin Kadam 4441,9876514804,Kalbadevi,Local,3,
Nitin Kadam 4442,9494597370,,Walk,1,
Nitin Kadam 4443,9436436238,Bhoiwada,Train,7,
Sunita Pawar 4444,9965956420,Grant Road,Walk,8,carrying idol
Sunita Pawar 4445,,Girgaon,Other,8,
Sunita Pawar 4446,9567817034,Dadar,walk,,
Rekha Shinde 4447,9434809582,Girgaon,Walk,4,
Prakash Gaikwad 4448,9086824263,Byculla,N/A,1,
Prakash Gaikwad 4449,9974482024,Lalbaug,Walk,6,
Ajay Bhosale 4450,9318507378,Lalbaug,Walk,4,
Ajay Bhosale 4451,,Bhoiwada,Walk,2,elderly in group
,9947558765,Bhoiwada,Walk,5,carrying idol
Vaishali Chavan 4453,9854105041,Grant Road,Train,6,carrying idol
Prakash Gaikwad 4454,,Girgaon,train,7,elderly in group
Sunita Pawar 4455,9189578403,,Walk,1,
Meena Salvi 4456,9213529665,Byculla,Walk,2,
Ganesh More 4457,9408555536,Chowpatty,BEST,1,
,9853597424,Lalbaug,Walk,3,
Vaishali Chavan 4459,9196423026,Girgaon,Walk,2,
Sunita Pawar 4460,9815882615,Lalbaug,Walking,2,
Ganesh More 4461,,Dadar,walk,,
Prakash Gaikwad 4462,9566762474,Chowpatty,Train,,
Ganesh More 4463,9797546846,Lalbaug,Walk,1,
Sunita Pawar 4464,9933538313,,Walk,5,
Ganesh More 4465,9940142094,Kalbadevi,Bus,6,
Meena Salvi 4466,,Kalbadevi,walk,2,
Ajay Bhosale 4467,9248197244,Girgaon,Other,2,
Ajay Bhosale 4468,,Grant Road,Train,5,
Ajay Bhosale 4469,,Girgaon,Train,7,
Meena Salvi 4470,,Bhoiwada,Walk,6,children in group
Nitin Kadam 4471,9553875982,Byculla,Train,6,
Meena Salvi 4472,9520265874,Girgaon,Bus,7,
Prakash Gaikwad 4473,9064273315,Grant Road,train,6,
Ganesh More 4474,9887797435,Charni Road,walk,5,
Sunita Pawar 4475,9172951926,Dadar,Train,,
Vaishali Chavan 4476,9830075382,Chowpatty,Train,5,
Prakash Gaikwad 4477,9138430943,Kalbadevi,Bus,7,elderly in group
Nitin Kadam 4478,9866832751,Dadar,Train,4,
Vaishali Chavan 4479,,Dadar,Walk,1,
Prakash Gaikwad 4480,9711269783,Kalbadevi,train,7,
Prakash Gaikwad 4481,9381679679,Kalbadevi,train,6,
Meena Salvi 4482,9515706595,Dadar,train,1,elderly in group
Prakash Gaikwad 4483,9004098297,,walk,2,
Meena Salvi 4484,,,walk,4,
Meena Salvi 4485,9296756149,Girgaon,walk,6,
Sunita Pawar 4486,9651443393,Dadar,train,4,
Prakash Gaikwad 4487,9152135608,Chowpatty,Bus,2,
Nitin Kadam 4488,9240582925,Grant Road,Walk,2,
Ganesh More 4489,9729713287,Girgaon,BEST,8,
Meena Salvi 4490,,Grant Road,Walking,2,
Vaishali Chavan 4491,9580590515,Bhoiwada,Walking,5,
Vaishali Chavan 4492,9702347643,Girgaon,walk,3,
Prakash Gaikwad 4493,9260200909,Parel,Walk,5,
Vaishali Chavan 4494,9584284980,Lalbaug,walk,6,carrying idol
Ganesh More 4495,9510055646,Kalbadevi,Local,1,
Ajay Bhosale 4496,9982272596,Parel,,1,
Ajay Bhosale 4497,,,train,,
Nitin Kadam 4498,,Charni Road,Walk,3,
Nitin Kadam 4499,,Parel,Train,1,
Prakash Gaikwad 4500,9683163670,Chowpatty,Walk,1,carrying idol
Meena Salvi 4501,9192528669,Byculla,Walk,3,
Ganesh More 4502,9217999222,Charni Road,Walk,8,
Nitin Kadam 4503,9544555114,Dadar,Train,,
Nitin Kadam 4504,9836771556,Bhoiwada,Walk,1,
Vaishali Chavan 4505,9377744501,Lalbaug,Bus,,
Nitin Kadam 4506,9398793701,Lalbaug,Walk,4,
Ganesh More 4507,,Charni Road,walk,7,carrying idol
Meena Salvi 4508,9617990032,Grant Road,Walk,2,
Vaishali Chavan 4509,,Charni Road,Walk,4,
Rekha Shinde 4510,9491693175,Chowpatty,On foot,,
Rekha Shinde 4511,9785979032,Lalbaug,Walk,6,
Meena Salvi 4512,9196290026,Chowpatty,BEST,3,
Ajay Bhosale 4513,9060275425,Lalbaug,Walk,7,
Ganesh More 4514,9571406668,Kalbadevi,Walk,2,
Prakash Gaikwad 4515,,Chowpatty,Walk,1,
,9309043204,Chowpatty,train,6,children in group
Ganesh More 4517,9450968377,Charni Road,Walk,3,
Meena Salvi 4518,9300104820,Kalbadevi,Other,8,
Nitin Kadam 4519,9920086798,Grant Road,Walk,5,
Prakash Gaikwad 4520,,Dadar,Walk,6,children in group
Prakash Gaikwad 4521,,Dadar,Walk,,
Sunita Pawar 4522,9845427677,Grant Road,Walk,7,
Sunita Pawar 4523,9635733390,Parel,Walk,7,
Nitin Kadam 4524,9724236515,Bhoiwada,Bus,3,elderly in group
Vaishali Chavan 4525,,Dadar,walk,1,carrying idol
Nitin Kadam 4526,9768090161,Charni Road,Local,,children in group
Nitin Kadam 4527,,Dadar,Bus,5,
Ganesh More 4528,9649470777,Kalbadevi,Walk,3,carrying idol
Sunita Pawar 4529,9665223832,Byculla,Train,6,
Nitin Kadam 4530,9369893400,Chowpatty,Walk,6,
Nitin Kadam 4531,9737016629,Lalbaug,train,7,
Sunita Pawar 4532,9885580381,Girgaon,Walk,6,
Nitin Kadam 4533,,Girgaon,Rail,4,
Rekha Shinde 4534,9007186778,Girgaon,Local,2,
Nitin Kadam 4535,9038532569,Bhoiwada,walk,3,
Ganesh More 4536,9658144320,Parel,Walk,1,
Prakash Gaikwad 4537,,Charni Road,Train,8,carrying idol
Meena Salvi 4538,,Byculla,train,1,
Ganesh More 4539,,Byculla,Bus,3,
Rekha Shinde 4540,9518506087,Dadar,train,5,
Prakash Gaikwad 4541,9518689034,Parel,Walking,,carrying idol
Ganesh More 4542,,Dadar,walk,7,children in group
Vaishali Chavan 4543,9865253932,Kalbadevi,train,8,
Ajay Bhosale 4544,9524668835,Dadar,bus,8,
Meena Salvi 4545,,Parel,BEST,3,
Prakash Gaikwad 4546,9352032268,Parel,Train,3,
Rekha Shinde 4547,9212362077,Girgaon,Walk,1,
Ganesh More 4548,9900574970,Kalbadevi,Walk,3,
Ganesh More 4549,9460753275,Kalbadevi,train,4,
Sunita Pawar 4550,9177397282,Dadar,train,6,
Ganesh More 4551,9353710555,Charni Road,Walk,1,
Sunita Pawar 4552,9172710293,Charni Road,Walk,2,carrying idol
Prakash Gaikwad 4553,9824688301,Girgaon,On foot,4,
Meena Salvi 4554,9063268376,Grant Road,walk,2,
Rekha Shinde 4555,,Girgaon,train,3,
Meena Salvi 4556,9290152273,Dadar,Walk,,
Rekha Shinde 4557,,Chowpatty,Train,1,
Nitin Kadam 4558,9275435176,Charni Road,Bus,4,
Prakash Gaikwad 4559,9807414283,,Walk,2,
Meena Salvi 4560,9655489586,Bhoiwada,bus,4,
Rekha Shinde 4561,9983410910,Chowpatty,bus,7,
Meena Salvi 4562,9950574579,Byculla,Walk,8,
Ganesh More 4563,9867732419,Dadar,BEST,2,
Ganesh More 4564,9267989778,Bhoiwada,bus,2,
Nitin Kadam 4565,,Girgaon,walk,4,
Vaishali Chavan 4566,9025923617,Kalbadevi,Walk,,
Nitin Kadam 4567,,Lalbaug,Rail,,
Ganesh More 4568,9912925201,,bus,3,
Rekha Shinde 4569,9919193437,Bhoiwada,walk,5,
Rekha Shinde 4570,9355023266,Dadar,walk,,
Prakash Gaikwad 4571,9562847122,Lalbaug,Bus,1,
Ajay Bhosale 4572,9209550463,,Bus,5,
Meena Salvi 4573,9535260506,Girgaon,Walk,2,
Nitin Kadam 4574,9632371471,Kalbadevi,Walk,8,
Vaishali Chavan 4575,,Byculla,Walk,7,
Rekha Shinde 4576,9189716212,Dadar,Walk,6,
Vaishali Chavan 4577,,Grant Road,walk,7,children in group
Meena Salvi 4578,9979780531,Grant Road,Train,2,
Rekha Shinde 4579,9573794603,Girgaon,walk,6,
Rekha Shinde 4580,9149187734,Lalbaug,Walk,3,elderly in group
Vaishali Chavan 4581,9253614726,Grant Road,N/A,2,
Sunita Pawar 4582,9084493351,Chowpatty,Walk,7,
Ganesh More 4583,9109510036,,walk,5,
Rekha Shinde 4584,,Byculla,train,1,
Prakash Gaikwad 4585,9535857752,Lalbaug,On foot,5,
,,,walk,5,
Nitin Kadam 4587,9488904596,Grant Road,Train,5,
Nitin Kadam 4588,9597083013,Parel,Bus,3,
Meena Salvi 4589,9933053276,Parel,Bus,,
Vaishali Chavan 4590,,Parel,Walk,2,
,9191844271,Chowpatty,bus,3,elderly in group
Ajay Bhosale 4592,9105943244,,Other,3,
Meena Salvi 4593,9503319589,Charni Road,walk,,elderly in group
Ajay Bhosale 4594,9278656114,Charni Road,train,8,
Rekha Shinde 4595,9567538670,,Bus,5,
Sunita Pawar 4596,9325134139,Chowpatty,Walk,2,
Ganesh More 4597,9326719951,Girgaon,Other,3,
Sunita Pawar 4598,9145316083,Grant Road,Walk,8,
Prakash Gaikwad 4599,,,Bus,2,
Vaishali Chavan 4600,,Dadar,Bus,8,
Meena Salvi 4601,9802421284,Kalbadevi,Train,6,
Sunita Pawar 4602,9376410854,Charni Road,Walk,1,
,9010686408,Dadar,Walk,7,carrying idol
Prakash Gaikwad 4604,9064412227,Parel,BEST,4,
Ganesh More 4605,9107493263,Grant Road,Walk,5,
Prakash Gaikwad 4606,9582285801,Kalbadevi,Walk,,
Ganesh More 4607,9996079850,Grant Road,On foot,8,
Vaishali Chavan 4608,9092024137,,Walk,2,children in group
Rekha Shinde 4609,9019919141,Charni Road,Walk,6,
Ganesh More 4610,9520324995,Lalbaug,Walk,4,
Rekha Shinde 4611,9475903671,Grant Road,Train,1,
Nitin Kadam 4612,9874166291,,Walk,,
Rekha Shinde 4613,9131630300,Bhoiwada,Walk,2,
Nitin Kadam 4614,9332221418,Lalbaug,train,3,
Rekha Shinde 4615,,Charni Road,walk,4,
Prakash Gaikwad 4616,9369515479,Lalbaug,Train,4,
Rekha Shinde 4617,9834447968,Girgaon,Train,4,
Vaishali Chavan 4618,9853218539,,Train,5,children in group
Meena Salvi 4619,9648664356,Lalbaug,Bus,,
Vaishali Chavan 4620,9897220723,Byculla,Train,,
Rekha Shinde 4621,9853926987,Girgaon,train,8,
Vaishali Chavan 4622,9814090852,Grant Road,Walk,,carrying idol
Rekha Shinde 4623,9111745542,Kalbadevi,On foot,8,elderly in group
Ajay Bhosale 4624,9154343498,Grant Road,Train,5,elderly in group
,9068890519,Bhoiwada,Walk,5,
Vaishali Chavan 4626,,Dadar,Local,4,
Nitin Kadam 4627,9461341055,Charni Road,walk,8,elderly in group
Prakash Gaikwad 4628,9158465682,Charni Road,Local,5,
Sunita Pawar 4629,9665939327,Chowpatty,Walk,,children in group
Ganesh More 4630,9916060395,Charni Road,Train,3,
Nitin Kadam 4631,9542847441,Byculla,train,7,
,,Girgaon,Walk,8,
Ajay Bhosale 4633,9298067288,Charni Road,Walk,,
,9677251129,Lalbaug,Local,4,
Prakash Gaikwad 4635,9739266966,Grant Road,Walk,5,
Ganesh More 4636,,Byculla,Walk,,
Prakash Gaikwad 4637,,Charni Road,Walk,7,
Nitin Kadam 4638,9033077875,,Bus,3,
Vaishali Chavan 4639,9913621981,Parel,Bus,4,
Sunita Pawar 4640,9201727113,Byculla,Bus,5,
Ganesh More 4641,9948643002,Parel,Walk,2,elderly in group
Sunita Pawar 4642,9380002879,Kalbadevi,Walk,1,
Meena Salvi 4643,9458567396,Girgaon,Walking,2,
Nitin Kadam 4644,9718734402,Bhoiwada,Bus,,
Sunita Pawar 4645,,,Bus,3,
Rekha Shinde 4646,,Kalbadevi,Train,7,
Nitin Kadam 4647,9923281102,Bhoiwada,Train,5,children in group
Prakash Gaikwad 4648,9222411106,Chowpatty,Bus,3,
Sunita Pawar 4649,9688333265,Bhoiwada,Walk,5,
Vaishali Chavan 4650,,Charni Road,Walking,8,
Ganesh More 4651,9236933137,Bhoiwada,bus,1,
Rekha Shinde 4652,9625174336,Lalbaug,Bus,1,
Prakash Gaikwad 4653,,Kalbadevi,walk,7,
Nitin Kadam 4654,,Kalbadevi,Other,6,carrying idol
Prakash Gaikwad 4655,9129140690,Dadar,walk,5,children in group
Sunita Pawar 4656,9659180495,,Walk,8,
Meena Salvi 4657,9167706581,Chowpatty,Walk,1,
Rekha Shinde 4658,9856712190,Charni Road,Walk,4,
Ajay Bhosale 4659,9873010433,Girgaon,On foot,7,
Rekha Shinde 4660,,Girgaon,Train,1,
Sunita Pawar 4661,9183073997,Bhoiwada,Train,8,
Nitin Kadam 4662,,Dadar,Walk,3,
Nitin Kadam 4663,9242661250,Lalbaug,Walk,6,
Ganesh More 4664,9017000057,Grant Road,Walk,7,
Prakash Gaikwad 4665,9107219485,Charni Road,train,8,
Ajay Bhosale 4666,9410418241,Lalbaug,Walk,2,
,9250638896,Girgaon,Walk,1,
Ganesh More 4668,9030217148,Parel,bus,7,
Vaishali Chavan 4669,,Chowpatty,Walk,4,
Meena Salvi 4670,9845761212,Girgaon,Walking,3,
Ganesh More 4671,,Dadar,BEST,5,
Rekha Shinde 4672,,Parel,Walk,3,
Rekha Shinde 4673,,Parel,walk,8,carrying idol
Ajay Bhosale 4674,9990039431,Kalbadevi,Local,1,
Rekha Shinde 4675,9140884890,Parel,Bus,3,
Ganesh More 4676,9825333147,Grant Road,Bus,4,
Rekha Shinde 4677,,Byculla,train,7,
Ajay Bhosale 4678,,Girgaon,Bus,6,
Vaishali Chavan 4679,9591288848,Dadar,walk,1,
Rekha Shinde 4680,,Byculla,walk,2,
Ajay Bhosale 4681,,Kalbadevi,Walk,1,children in group
Sunita Pawar 4682,9163669731,Bhoiwada,walk,2,
Sunita Pawar 4683,,Chowpatty,Train,1,
Meena Salvi 4684,9335431602,Grant Road,Train,8,
Sunita Pawar 4685,9789110165,Kalbadevi,Walk,2,
Vaishali Chavan 4686,9389913961,Charni Road,On foot,3,
Prakash Gaikwad 4687,,Lalbaug,Train,1,children in group
Ganesh More 4688,9414934662,Kalbadevi,Bus,4,
Meena Salvi 4689,9555448062,Girgaon,Walk,8,
Nitin Kadam 4690,9968010208,Bhoiwada,Walk,5,
Vaishali Chavan 4691,,Grant Road,Walking,4,
Vaishali Chavan 4692,9717684683,Dadar,Train,3,
Ganesh More 4693,9977488277,Girgaon,Train,,
Rekha Shinde 4694,,Chowpatty,Walk,2,
Ganesh More 4695,9447847797,Girgaon,walk,6,children in group
Meena Salvi 4696,,Girgaon,Train,,
Rekha Shinde 4697,9490592038,,Other,5,
Ajay Bhosale 4698,9423039565,Byculla,Walk,,
,,Chowpatty,Walk,6,
Ganesh More 4700,,Kalbadevi,Train,5,
Ganesh More 4701,9819685823,Bhoiwada,Rail,5,
Meena Salvi 4702,9001571537,Dadar,Train,5,children in group
Rekha Shinde 4703,9321912608,Parel,Walk,3,elderly in group
Meena Salvi 4704,9277173792,Grant Road,Train,8,
Vaishali Chavan 4705,,Kalbadevi,Walk,2,carrying idol
Vaishali Chavan 4706,9985721361,Kalbadevi,Bus,,
Sunita Pawar 4707,9166268173,Chowpatty,Bus,4,
Sunita Pawar 4708,,Kalbadevi,walk,,
Vaishali Chavan 4709,9574906849,Chowpatty,Walk,3,
Ganesh More 4710,9763490498,Chowpatty,Rail,1,carrying idol
Nitin Kadam 4711,9215199948,Charni Road,Walk,4,
Ajay Bhosale 4712,9742455439,Girgaon,On foot,3,children in group
,9824674278,Kalbadevi,train,2,
Meena Salvi 4714,9622866853,Grant Road,walk,8,
Nitin Kadam 4715,9964154078,Charni Road,Train,5,
Prakash Gaikwad 4716,,Kalbadevi,Train,3,
Sunita Pawar 4717,9551437149,Dadar,Train,4,
Ganesh More 4718,9367895381,Parel,Train,,
Ganesh More 4719,9799182959,Girgaon,Walking,7,
Meena Salvi 4720,9706832522,Girgaon,walk,6,
Vaishali Chavan 4721,9047669310,Byculla,Walk,3,children in group
Nitin Kadam 4722,,Charni Road,Local,7,
Ajay Bhosale 4723,9496619141,Kalbadevi,Train,4,
Ajay Bhosale 4724,9077802945,Grant Road,Walking,2,
Ganesh More 4725,9830468833,Chowpatty,Walk,6,
Meena Salvi 4726,9973514623,Charni Road,walk,7,
Vaishali Chavan 4727,9139825343,Byculla,Train,7,
Ganesh More 4728,9549641638,Chowpatty,On foot,3,
Sunita Pawar 4729,9325715451,Parel,walk,2,
Rekha Shinde 4730,9819860712,Grant Road,BEST,6,
Ajay Bhosale 4731,,Parel,Bus,7,
Ajay Bhosale 4732,9405171310,Lalbaug,Train,4,children in group
Ganesh More 4733,9113911527,Lalbaug,walk,1,
Ajay Bhosale 4734,9147680972,Dadar,Walk,,
Rekha Shinde 4735,9649359166,,train,5,
Ganesh More 4736,,Girgaon,train,,
Nitin Kadam 4737,,Charni Road,Train,8,
Ajay Bhosale 4738,,Bhoiwada,train,2,
Rekha Shinde 4739,,Chowpatty,Walk,8,
Meena Salvi 4740,9498192515,Dadar,Walk,4,
Rekha Shinde 4741,9266163517,Grant Road,Walk,2,
Ganesh More 4742,9304046601,Dadar,Walk,1,children in group
Ganesh More 4743,9306944806,Byculla,Rail,7,elderly in group
Ganesh More 4744,9130665770,Kalbadevi,bus,,
Prakash Gaikwad 4745,9053771820,Girgaon,walk,2,
Vaishali Chavan 4746,9343374215,Parel,BEST,5,elderly in group
Sunita Pawar 4747,9437600040,Dadar,Bus,7,carrying idol
Rekha Shinde 4748,,,Train,6,
Rekha Shinde 4749,9871589163,Girgaon,train,5,
Prakash Gaikwad 4750,9665940525,Grant Road,Walk,4,
Nitin Kadam 4751,9930339429,,Walk,4,
Prakash Gaikwad 4752,,Kalbadevi,Walk,5,carrying idol
Vaishali Chavan 4753,9036782073,Girgaon,BEST,8,children in group
Rekha Shinde 4754,9597945472,Lalbaug,Train,1,
Prakash Gaikwad 4755,9088380264,Bhoiwada,walk,8,
Rekha Shinde 4756,,Girgaon,Walk,,
Ajay Bhosale 4757,9076734369,Girgaon,,3,children in group
Prakash Gaikwad 4758,9219075898,Girgaon,Train,,carrying idol
Ganesh More 4759,,Lalbaug,Walk,7,elderly in group
Vaishali Chavan 4760,,Bhoiwada,Walk,7,
Sunita Pawar 4761,,Dadar,bus,1,children in group
Ganesh More 4762,9436588609,,walk,1,
Prakash Gaikwad 4763,9798071843,Dadar,N/A,3,
Ajay Bhosale 4764,9557991840,Girgaon,,6,
,,Lalbaug,Train,2,
Ajay Bhosale 4766,9205659954,Dadar,Train,4,
Meena Salvi 4767,9514656548,Kalbadevi,Train,7,
Meena Salvi 4768,,Kalbadevi,train,5,
Prakash Gaikwad 4769,9166646603,Byculla,Walk,,
Meena Salvi 4770,9981485084,Dadar,walk,3,
,9150444865,Bhoiwada,Train,2,
Rekha Shinde 4772,9716103064,Lalbaug,Bus,5,
Vaishali Chavan 4773,9174713610,Byculla,Walk,1,
Sunita Pawar 4774,9424320659,Girgaon,Walk,5,
Prakash Gaikwad 4775,9125242236,,Train,2,
Sunita Pawar 4776,9286508039,Grant Road,train,5,
,9840168032,Byculla,Walk,1,
Nitin Kadam 4778,9734401137,Lalbaug,walk,2,
Nitin Kadam 4779,9814595424,Parel,On foot,6,
Ajay Bhosale 4780,9569588307,Bhoiwada,Bus,,
Nitin Kadam 4781,9103457840,Lalbaug,walk,5,
Meena Salvi 4782,9237727558,Parel,train,7,
Ajay Bhosale 4783,,Charni Road,walk,5,
Vaishali Chavan 4784,,Girgaon,Walk,2,
,9450397048,Lalbaug,Walk,,
,9501885991,Bhoiwada,Walk,5,
Ganesh More 4787,9216885297,,walk,3,
Ganesh More 4788,9115661889,Charni Road,bus,6,elderly in group
,9461955912,Parel,Walk,7,children in group
Ajay Bhosale 4790,9555128763,Girgaon,bus,,
Sunita Pawar 4791,9300834528,Charni Road,walk,8,elderly in group
Ajay Bhosale 4792,9266933342,Parel,Walk,7,
Sunita Pawar 4793,,Kalbadevi,,1,children in group
Prakash Gaikwad 4794,9863380601,Charni Road,Walk,8,
Ganesh More 4795,9588346044,Lalbaug,BEST,4,children in group
Meena Salvi 4796,,Girgaon,On foot,7,
Ajay Bhosale 4797,,Chowpatty,bus,4,
Prakash Gaikwad 4798,9877636070,Parel,Walk,3,
Prakash Gaikwad 4799,9392950610,Lalbaug,Walk,,carrying idol
Ganesh More 4800,9037911315,Byculla,Rail,1,
,9284828905,Bhoiwada,Walking,2,
Ajay Bhosale 4802,9731083038,Lalbaug,Walk,,
Nitin Kadam 4803,9007203122,Kalbadevi,bus,1,
Ajay Bhosale 4804,9315271875,Dadar,Train,1,
Ganesh More 4805,9432956854,Grant Road,Walk,7,elderly in group
Vaishali Chavan 4806,9303598980,Dadar,walk,3,
Prakash Gaikwad 4807,,Lalbaug,bus,5,
Nitin Kadam 4808,9685153697,Grant Road,Bus,6,
Rekha Shinde 4809,,Grant Road,walk,7,
Nitin Kadam 4810,9120106112,,Train,7,
Sunita Pawar 4811,9299195997,Grant Road,Walk,1,
Prakash Gaikwad 4812,9075193492,Lalbaug,Train,7,
Meena Salvi 4813,9171778057,Girgaon,Bus,3,
Prakash Gaikwad 4814,9367471910,Charni Road,Walk,1,
Ganesh More 4815,9328854419,Bhoiwada,Rail,,
Prakash Gaikwad 4816,9291404539,Parel,Walk,2,
Prakash Gaikwad 4817,9004989120,Byculla,Walk,5,
Ajay Bhosale 4818,,Parel,Walk,5,
Meena Salvi 4819,9506076007,Charni Road,Walk,4,
Ajay Bhosale 4820,9832085424,Chowpatty,Walk,4,carrying idol
Ajay Bhosale 4821,9570164395,,Walk,6,carrying idol
Sunita Pawar 4822,,Chowpatty,Train,2,children in group
Sunita Pawar 4823,9262997190,Kalbadevi,Train,2,
Nitin Kadam 4824,9117421688,Kalbadevi,walk,,elderly in group
Vaishali Chavan 4825,9572080477,Girgaon,bus,7,
Ajay Bhosale 4826,9084583556,Kalbadevi,Other,7,children in group
Ajay Bhosale 4827,,Dadar,,,
Ajay Bhosale 4828,9166488277,Girgaon,Train,6,
Nitin Kadam 4829,9000540236,Charni Road,Walk,8,
Nitin Kadam 4830,9259135987,Dadar,Walk,2,children in group
Rekha Shinde 4831,9200202488,Bhoiwada,Bus,,
,9031748277,Parel,walk,8,
Meena Salvi 4833,9671481684,Grant Road,BEST,7,
Ajay Bhosale 4834,9996433173,Girgaon,Walk,4,
Ajay Bhosale 4835,9981405496,Girgaon,Local,1,
Vaishali Chavan 4836,9093624080,Chowpatty,Bus,2,
Ajay Bhosale 4837,,Dadar,Train,6,
Ganesh More 4838,9178879654,Girgaon,Train,6,
Vaishali Chavan 4839,9583084323,Parel,bus,8,
Vaishali Chavan 4840,9130104833,Byculla,Walk,8,
Meena Salvi 4841,9503530274,Charni Road,train,1,carrying idol
Meena Salvi 4842,,Parel,Bus,4,
Rekha Shinde 4843,9462311335,Byculla,Walk,2,
Vaishali Chavan 4844,,Chowpatty,Bus,4,
Ganesh More 4845,9916668960,Bhoiwada,Walk,2,
,9657461300,Parel,Walk,1,
Rekha Shinde 4847,9322009314,Kalbadevi,Walk,2,
Prakash Gaikwad 4848,9848693601,Parel,Train,3,
Rekha Shinde 4849,9123547435,Byculla,train,4,
Prakash Gaikwad 4850,9946888664,Chowpatty,Bus,6,
Ajay Bhosale 4851,9818780608,Lalbaug,train,6,
Ganesh More 4852,9531777771,Parel,Rail,1,
Prakash Gaikwad 4853,9953229939,Bhoiwada,bus,3,
Meena Salvi 4854,9055009967,Girgaon,Walk,6,
Sunita Pawar 4855,9512028692,Byculla,walk,6,carrying idol
Sunita Pawar 4856,9086710721,,train,2,
Ajay Bhosale 4857,,Dadar,train,,
Sunita Pawar 4858,9530660679,Grant Road,Local,3,
Sunita Pawar 4859,9479857496,Charni Road,,5,carrying idol
Meena Salvi 4860,9670970558,Girgaon,bus,,
Vaishali Chavan 4861,9101033151,Lalbaug,Train,6,
Nitin Kadam 4862,,Chowpatty,Bus,2,carrying idol
Rekha Shinde 4863,9677232188,Bhoiwada,Walk,2,
Sunita Pawar 4864,9804603896,Byculla,Walk,6,
Ganesh More 4865,9186156035,Kalbadevi,Train,8,
Vaishali Chavan 4866,9362667589,,walk,,
Vaishali Chavan 4867,,Kalbadevi,Bus,8,elderly in group
,9673618574,,Walk,7,
Sunita Pawar 4869,9179223418,Grant Road,bus,8,
Prakash Gaikwad 4870,9977002744,Kalbadevi,Train,4,
Rekha Shinde 4871,9628434496,,Walk,5,
Ganesh More 4872,9837748843,Parel,Walk,7,carrying idol
Ajay Bhosale 4873,9315536111,Bhoiwada,On foot,5,
Meena Salvi 4874,9784122638,Parel,Train,8,
Vaishali Chavan 4875,,Chowpatty,Bus,6,children in group
Ganesh More 4876,9742422343,Charni Road,Bus,8,
Prakash Gaikwad 4877,9577522855,Bhoiwada,On foot,7,
Ganesh More 4878,9390534714,,Walk,1,
Ajay Bhosale 4879,9934773202,Charni Road,bus,,elderly in group
Vaishali Chavan 4880,9585323856,,Train,8,
Vaishali Chavan 4881,,Bhoiwada,,,
Prakash Gaikwad 4882,9427211232,Byculla,Walk,3,
Ajay Bhosale 4883,9198927063,Girgaon,Walk,7,
Sunita Pawar 4884,9619635941,Grant Road,train,5,
Sunita Pawar 4885,9828252181,Byculla,N/A,,
Vaishali Chavan 4886,,Dadar,Train,4,
Ganesh More 4887,9668108793,Chowpatty,Train,6,
Ajay Bhosale 4888,9582389620,Parel,Bus,7,
Prakash Gaikwad 4889,,,bus,6,
Prakash Gaikwad 4890,,Grant Road,Walk,8,
Vaishali Chavan 4891,,Kalbadevi,On foot,,
Vaishali Chavan 4892,,Lalbaug,walk,4,
Sunita Pawar 4893,9347774453,Grant Road,Walk,4,
Nitin Kadam 4894,9168698600,Charni Road,walk,,children in group
Nitin Kadam 4895,9869429925,Kalbadevi,Walk,4,
Rekha Shinde 4896,9690920445,Chowpatty,Bus,,
Sunita Pawar 4897,9322378979,Chowpatty,Walk,1,
Vaishali Chavan 4898,9801873308,Girgaon,train,1,
Sunita Pawar 4899,,Chowpatty,Other,,elderly in group
,9671470492,Dadar,On foot,5,
Meena Salvi 4901,,Girgaon,train,6,
Ajay Bhosale 4902,9580080525,Byculla,Bus,4,
Meena Salvi 4903,9896246009,Dadar,Walking,1,
Nitin Kadam 4904,9303853446,Parel,bus,,
Ganesh More 4905,9182362029,Chowpatty,Rail,3,
Rekha Shinde 4906,9366917387,Lalbaug,Bus,5,
Sunita Pawar 4907,9931626112,Charni Road,Train,6,
Rekha Shinde 4908,,Chowpatty,Bus,6,
Rekha Shinde 4909,9708453858,Kalbadevi,Train,2,
Sunita Pawar 4910,9217088854,Kalbadevi,Walk,4,
Prakash Gaikwad 4911,9404251298,Charni Road,bus,4,
Vaishali Chavan 4912,9085237680,Chowpatty,walk,6,
Meena Salvi 4913,,Parel,Local,1,
Prakash Gaikwad 4914,9073549151,Lalbaug,Walk,2,carrying idol
Nitin Kadam 4915,9638285634,Grant Road,train,1,
Ajay Bhosale 4916,9042426142,Chowpatty,walk,4,
Ganesh More 4917,9214613262,Byculla,Walk,1,
Meena Salvi 4918,9553725795,Byculla,Walk,6,
Nitin Kadam 4919,9237963978,Lalbaug,Bus,7,
Nitin Kadam 4920,,Grant Road,walk,6,carrying idol
Rekha Shinde 4921,9019136488,Parel,Other,5,
Ajay Bhosale 4922,9550112121,Lalbaug,walk,8,elderly in group
Sunita Pawar 4923,9912038069,Girgaon,walk,2,
Sunita Pawar 4924,9601590730,Lalbaug,train,7,
Ajay Bhosale 4925,9293944735,Charni Road,Bus,5,
Meena Salvi 4926,,Chowpatty,Rail,3,
Sunita Pawar 4927,9823848943,Parel,walk,7,
Vaishali Chavan 4928,9816658797,Dadar,Walk,8,
Ajay Bhosale 4929,,Byculla,Bus,2,
Rekha Shinde 4930,9119165568,Byculla,Walk,5,
Rekha Shinde 4931,9928627040,Dadar,walk,3,children in group
Rekha Shinde 4932,9310960369,Parel,walk,8,
Prakash Gaikwad 4933,9412924725,Parel,bus,,elderly in group
Ajay Bhosale 4934,9460654956,Grant Road,walk,5,
Nitin Kadam 4935,9511536498,Kalbadevi,Bus,2,carrying idol
Nitin Kadam 4936,,,Walk,6,
Nitin Kadam 4937,9016605998,Byculla,walk,1,children in group
,9198981611,Parel,Train,2,
Ajay Bhosale 4939,9224223178,Parel,bus,6,
Ajay Bhosale 4940,,Parel,Walk,2,
Ganesh More 4941,9435272679,Parel,Walk,3,carrying idol
,9068646959,Charni Road,bus,,
Nitin Kadam 4943,9813761670,Chowpatty,Walk,1,carrying idol
Nitin Kadam 4944,,Kalbadevi,train,8,
Rekha Shinde 4945,9546892222,Girgaon,Bus,5,
Rekha Shinde 4946,9398053365,Girgaon,Train,5,
Ajay Bhosale 4947,9269792262,Kalbadevi,Walking,1,
Ajay Bhosale 4948,9923280284,Byculla,walk,8,
Ajay Bhosale 4949,9729468341,Dadar,Train,,
Meena Salvi 4950,9785369345,Dadar,train,4,
Sunita Pawar 4951,9939443649,Bhoiwada,Walk,2,
Nitin Kadam 4952,9513102158,,walk,5,
Ajay Bhosale 4953,9177538956,Lalbaug,walk,,
Rekha Shinde 4954,,Chowpatty,bus,2,
Vaishali Chavan 4955,9533038747,,Bus,,
Ajay Bhosale 4956,9236938029,Bhoiwada,walk,1,
Vaishali Chavan 4957,9283611845,Parel,Walk,4,
,9141760539,Bhoiwada,bus,2,
Nitin Kadam 4959,9345277925,Chowpatty,Bus,2,elderly in group
Prakash Gaikwad 4960,9271671667,Charni Road,On foot,7,children in group
Rekha Shinde 4961,,,Bus,,
Prakash Gaikwad 4962,9828161181,Lalbaug,bus,6,
Ajay Bhosale 4963,9102118844,,bus,4,children in group
Rekha Shinde 4964,,,walk,4,
Sunita Pawar 4965,,Parel,Walk,3,
Prakash Gaikwad 4966,,Byculla,walk,4,
Ajay Bhosale 4967,9274748349,Parel,Walk,2,
Nitin Kadam 4968,9487164777,Lalbaug,Walk,6,elderly in group
Rekha Shinde 4969,,Charni Road,Walking,3,children in group
Ganesh More 4970,9262985730,Kalbadevi,Bus,1,
Rekha Shinde 4971,,Dadar,Train,8,
Nitin Kadam 4972,9661533379,Byculla,walk,5,
Prakash Gaikwad 4973,9155003231,Charni Road,Walk,2,
Sunita Pawar 4974,9823394176,Lalbaug,Bus,2,
Ganesh More 4975,9041793933,,Bus,1,
Ajay Bhosale 4976,,Byculla,Walk,3,children in group
Prakash Gaikwad 4977,9906965713,Parel,Train,8,
Meena Salvi 4978,,Kalbadevi,train,3,
Vaishali Chavan 4979,9592799022,Grant Road,Walk,2,
Prakash Gaikwad 4980,,Chowpatty,Walking,7,
Nitin Kadam 4981,9270698460,,Bus,6,children in group
Rekha Shinde 4982,9252170122,Dadar,On foot,,elderly in group
Ganesh More 4983,9539311988,Kalbadevi,train,3,
Meena Salvi 4984,9733682304,Bhoiwada,bus,,
,9816371883,Chowpatty,bus,7,
Meena Salvi 4986,9023315322,Lalbaug,Walk,5,
Sunita Pawar 4987,9886592117,Grant Road,Walk,8,
Nitin Kadam 4988,9440274987,Girgaon,Rail,2,
Vaishali Chavan 4989,9253764101,Parel,bus,4,
Prakash Gaikwad 4990,9718564245,Byculla,Walk,5,
Ajay Bhosale 4991,9909994582,Parel,Bus,1,carrying idol
Prakash Gaikwad 4992,9511171255,Parel,Walking,,
Ganesh More 4993,9785860592,Bhoiwada,Walk,3,
Meena Salvi 4994,9254762342,Parel,Walking,6,
Meena Salvi 4995,9141697800,Kalbadevi,walk,8,
Nitin Kadam 4996,9319895950,Dadar,Walk,8,
Rekha Shinde 4997,9981989435,Bhoiwada,Walking,8,children in group
Sunita Pawar 4998,9933170801,Bhoiwada,,7,
Rekha Shinde 4999,9528603238,Parel,walk,5,
Sunita Pawar 5000,9568397914,Parel,Walk,,
Nitin Kadam 5001,9637177300,,Train,3,
Prakash Gaikwad 5002,,Grant Road,Train,5,carrying idol
Sunita Pawar 5003,9520024457,Girgaon,Walk,7,
Ganesh More 5004,,Grant Road,Train,7,
,9547914824,,Walk,4,carrying idol
Ajay Bhosale 5006,,Parel,Walk,8,
Meena Salvi 5007,9818108980,Lalbaug,Walk,8,
,9725159629,Lalbaug,Walk,3,
Ganesh More 5009,9478275896,,Bus,8,
Prakash Gaikwad 5010,9767671161,Chowpatty,Walk,3,carrying idol
Rekha Shinde 5011,,Bhoiwada,Train,7,
Meena Salvi 5012,9904449728,Byculla,walk,,carrying idol
Vaishali Chavan 5013,,Dadar,Bus,2,
Rekha Shinde 5014,9930247967,Girgaon,Train,8,
Ganesh More 5015,9482658235,Parel,,6,children in group
Vaishali Chavan 5016,9111387184,Parel,Train,5,
Nitin Kadam 5017,9541695502,Kalbadevi,walk,8,
Sunita Pawar 5018,9883568652,Bhoiwada,Train,6,
,,Charni Road,Walk,6,
Rekha Shinde 5020,9725427251,Dadar,Walk,5,children in group
Rekha Shinde 5021,9564969811,Grant Road,train,,children in group
Rekha Shinde 5022,9520441384,Byculla,walk,7,
Nitin Kadam 5023,9047221423,Kalbadevi,Bus,4,
Prakash Gaikwad 5024,9677906786,Kalbadevi,Walk,7,
Rekha Shinde 5025,9550570968,Kalbadevi,Walk,8,
,9227685670,Lalbaug,walk,2,
Vaishali Chavan 5027,9960894517,Byculla,train,3,
Meena Salvi 5028,,Kalbadevi,walk,6,children in group
Meena Salvi 5029,,Girgaon,Walk,4,
Sunita Pawar 5030,9908907792,Charni Road,walk,7,
Ganesh More 5031,9229748426,Byculla,Bus,3,
Meena Salvi 5032,9618428745,,train,1,
Ajay Bhosale 5033,9664795128,Kalbadevi,walk,7,
Prakash Gaikwad 5034,9910072307,Chowpatty,train,5,
Ganesh More 5035,9353183212,Charni Road,Walk,1,
,9008145211,Bhoiwada,On foot,7,
Nitin Kadam 5037,9829789944,Dadar,Train,5,
Ganesh More 5038,9659645833,Girgaon,train,4,
Vaishali Chavan 5039,9482870666,Chowpatty,Train,,
Rekha Shinde 5040,9817693715,Bhoiwada,Train,2,
Sunita Pawar 5041,9264146115,Byculla,Train,4,
Sunita Pawar 5042,9455039541,Girgaon,On foot,6,
Vaishali Chavan 5043,9097302434,,Train,4,
Prakash Gaikwad 5044,,Chowpatty,bus,,
Ajay Bhosale 5045,,Charni Road,Walk,3,carrying idol
Sunita Pawar 5046,9969390496,Grant Road,N/A,2,
Ganesh More 5047,9336992229,,Walk,,
Ganesh More 5048,,Charni Road,BEST,7,
Vaishali Chavan 5049,9019962628,Chowpatty,Train,3,carrying idol
Sunita Pawar 5050,9624800431,Lalbaug,Bus,5,
Nitin Kadam 5051,9408589722,Girgaon,Walk,7,
Ajay Bhosale 5052,,Grant Road,Walk,1,
Sunita Pawar 5053,9186364729,Parel,Train,4,elderly in group
Ajay Bhosale 5054,9947675733,Parel,Bus,7,
Meena Salvi 5055,9746186172,Girgaon,Bus,3,
Nitin Kadam 5056,9419815403,Parel,walk,8,
Nitin Kadam 5057,9018019790,Byculla,Rail,5,
Prakash Gaikwad 5058,9000841677,Chowpatty,Train,,
Vaishali Chavan 5059,9990792047,Grant Road,On foot,2,elderly in group
Meena Salvi 5060,9588201752,Grant Road,walk,1,
,9662922199,Chowpatty,Bus,,
Prakash Gaikwad 5062,9419152780,Parel,bus,2,
Prakash Gaikwad 5063,9108948230,Chowpatty,Walk,1,
Ajay Bhosale 5064,9694263254,Dadar,walk,5,carrying idol
,,Girgaon,Walk,6,
Rekha Shinde 5066,9101510011,Bhoiwada,Walk,,
Sunita Pawar 5067,9261474827,Girgaon,On foot,7,
Meena Salvi 5068,9968010277,Kalbadevi,train,2,
Ajay Bhosale 5069,9058781334,Dadar,Walk,,
Meena Salvi 5070,9240384490,Charni Road,Train,3,carrying idol
Ganesh More 5071,,Kalbadevi,Walk,1,carrying idol
Prakash Gaikwad 5072,9178602322,Girgaon,Walk,8,
Prakash Gaikwad 5073,,Chowpatty,Train,4,
Vaishali Chavan 5074,9510675536,Dadar,Walk,6,
Vaishali Chavan 5075,,Girgaon,Walk,2,
Meena Salvi 5076,9357142877,Grant Road,Walk,5,children in group
Rekha Shinde 5077,9293196643,Byculla,Walk,4,
Meena Salvi 5078,9599354215,Dadar,Walk,5,
Meena Salvi 5079,9423418539,Chowpatty,Bus,3,carrying idol
Prakash Gaikwad 5080,9902064438,Dadar,On foot,4,
Prakash Gaikwad 5081,9139665234,Bhoiwada,bus,5,
Vaishali Chavan 5082,9566195241,,Walk,2,
Vaishali Chavan 5083,,Lalbaug,Walk,5,carrying idol
Nitin Kadam 5084,9200588249,Kalbadevi,On foot,3,
Ganesh More 5085,9463485800,Charni Road,Bus,,
,9111832075,,Walk,1,
Nitin Kadam 5087,9549380717,Byculla,Walk,6,
Nitin Kadam 5088,9301359141,,walk,8,
Ajay Bhosale 5089,9196407540,Lalbaug,walk,2,
Ganesh More 5090,9935227116,Bhoiwada,N/A,6,
Vaishali Chavan 5091,9956059407,Chowpatty,Walk,5,
Meena Salvi 5092,9708029743,Parel,Train,7,children in group
Vaishali Chavan 5093,9511567117,Dadar,Walk,5,
Ajay Bhosale 5094,9044156081,Girgaon,Walk,3,
Prakash Gaikwad 5095,,Charni Road,walk,4,
Rekha Shinde 5096,9255735903,Charni Road,Walk,5,
Ajay Bhosale 5097,9762971333,Lalbaug,Train,2,
Nitin Kadam 5098,9403232515,Parel,Bus,1,
Vaishali Chavan 5099,9582596875,Bhoiwada,Walk,4,
Ganesh More 5100,9765542756,Grant Road,Train,3,
Prakash Gaikwad 5101,,Bhoiwada,Walk,5,
Vaishali Chavan 5102,9761884786,Grant Road,walk,,
Ganesh More 5103,9344823753,Grant Road,Train,2,
Ganesh More 5104,9277590193,Bhoiwada,Walk,5,
Prakash Gaikwad 5105,,Parel,Walk,6,carrying idol
Sunita Pawar 5106,9290356298,Bhoiwada,Walk,2,
,,Kalbadevi,Train,,carrying idol
Vaishali Chavan 5108,9659776044,Kalbadevi,Bus,5,
Sunita Pawar 5109,9101957002,Girgaon,Walk,4,
Ganesh More 5110,9624964595,Byculla,Walk,7,
Rekha Shinde 5111,9007161550,Parel,Train,3,
Meena Salvi 5112,9514091711,Bhoiwada,Train,1,
Rekha Shinde 5113,9760069374,Girgaon,Walk,,
Vaishali Chavan 5114,,,walk,,
,,Parel,BEST,2,carrying idol
Prakash Gaikwad 5116,,Kalbadevi,Other,6,
,9837448745,Byculla,walk,4,elderly in group
Nitin Kadam 5118,9256201851,Bhoiwada,Walk,2,
Ganesh More 5119,9550926725,,Bus,4,
Vaishali Chavan 5120,9777390343,Parel,Walk,2,children in group
Ajay Bhosale 5121,9848057123,Dadar,Train,3,
Nitin Kadam 5122,9873842096,Charni Road,walk,7,carrying idol
Meena Salvi 5123,9133013448,Girgaon,train,5,
,9275564548,,Bus,,
Rekha Shinde 5125,,Chowpatty,Walk,8,
Ganesh More 5126,9326637141,Kalbadevi,train,4,carrying idol
Prakash Gaikwad 5127,9845776141,Byculla,Walking,1,carrying idol
Ganesh More 5128,9797753832,Lalbaug,train,3,elderly in group
,9442192755,Bhoiwada,bus,5,
Nitin Kadam 5130,9382794788,Kalbadevi,Local,6,
Prakash Gaikwad 5131,9933515483,Byculla,On foot,7,
Prakash Gaikwad 5132,9980335490,Grant Road,Walk,2,
Sunita Pawar 5133,,Bhoiwada,bus,4,
Ajay Bhosale 5134,9908965213,Chowpatty,Train,3,
Meena Salvi 5135,9075895060,Chowpatty,bus,3,
Rekha Shinde 5136,9380426544,Kalbadevi,Walk,4,
Meena Salvi 5137,9103552418,Grant Road,Walk,3,
Rekha Shinde 5138,,Lalbaug,Walking,1,
Ajay Bhosale 5139,9769056245,Bhoiwada,walk,8,carrying idol
Meena Salvi 5140,9769462205,Bhoiwada,Train,6,
Meena Salvi 5141,9562225810,Parel,Walk,3,
Rekha Shinde 5142,9024933476,Lalbaug,Bus,8,
Ajay Bhosale 5143,,Kalbadevi,walk,1,
Rekha Shinde 5144,,Kalbadevi,Walk,4,
Rekha Shinde 5145,9480134494,Girgaon,Walk,7,
Ganesh More 5146,9731460965,Grant Road,Train,3,
Nitin Kadam 5147,9254347287,Dadar,Rail,,children in group
Ganesh More 5148,9471075313,Lalbaug,train,3,
Sunita Pawar 5149,9601168145,Chowpatty,Train,7,elderly in group
Meena Salvi 5150,9025500666,Parel,train,2,
Ajay Bhosale 5151,9550788465,Parel,Train,5,
Prakash Gaikwad 5152,9271897016,Byculla,train,1,
Nitin Kadam 5153,9560550278,Parel,Bus,8,
Ajay Bhosale 5154,9795981929,Lalbaug,Walk,5,
Ganesh More 5155,9224738728,Parel,Local,7,
,9166207005,Byculla,Walk,6,children in group
Sunita Pawar 5157,9037162188,Byculla,train,4,
Prakash Gaikwad 5158,,Kalbadevi,Walk,2,
Sunita Pawar 5159,9384968789,Charni Road,Walk,8,
Vaishali Chavan 5160,9584244701,Grant Road,walk,6,children in group
Sunita Pawar 5161,9428052695,,Bus,7,
Nitin Kadam 5162,9741732403,Byculla,Rail,,
Vaishali Chavan 5163,9796014627,Lalbaug,Walk,1,
Sunita Pawar 5164,9446721585,Bhoiwada,Train,7,carrying idol
Prakash Gaikwad 5165,9352613438,Parel,Train,4,
Ganesh More 5166,9322123746,Kalbadevi,bus,3,
Meena Salvi 5167,9779048715,Kalbadevi,Local,7,elderly in group
Rekha Shinde 5168,9668973544,Lalbaug,,5,
Meena Salvi 5169,9612813551,Parel,BEST,5,
Rekha Shinde 5170,,,Walk,6,
Meena Salvi 5171,9291518488,Charni Road,bus,7,
Meena Salvi 5172,9994404301,Byculla,Walk,1,elderly in group
Nitin Kadam 5173,9804800214,Parel,Walk,5,
Nitin Kadam 5174,9015319853,Kalbadevi,Walk,,children in group
Vaishali Chavan 5175,9495232232,Girgaon,BEST,5,
Ganesh More 5176,9920175288,Lalbaug,train,3,carrying idol
Ganesh More 5177,9924028854,Bhoiwada,Walk,7,children in group
Sunita Pawar 5178,9847258660,Kalbadevi,walk,7,
Sunita Pawar 5179,9867144758,Girgaon,Walk,6,
Sunita Pawar 5180,9358323691,Girgaon,Walk,,carrying idol
Sunita Pawar 5181,9888845416,,Bus,2,
Nitin Kadam 5182,9678228325,Bhoiwada,Train,5,
Rekha Shinde 5183,9925466037,Dadar,Other,7,
Vaishali Chavan 5184,9752694274,Kalbadevi,Walk,,
Prakash Gaikwad 5185,9812750191,Bhoiwada,Walk,3,
Ajay Bhosale 5186,,Kalbadevi,train,4,
Nitin Kadam 5187,9272060828,Lalbaug,walk,7,
Rekha Shinde 5188,,Dadar,Walk,4,
Vaishali Chavan 5189,9251468516,Lalbaug,Train,4,
Ganesh More 5190,9340200495,Byculla,Train,7,children in group
Vaishali Chavan 5191,9997474726,Bhoiwada,Walk,1,
Nitin Kadam 5192,9567869799,Parel,train,2,children in group
Prakash Gaikwad 5193,9607870059,Byculla,train,5,
Vaishali Chavan 5194,,Kalbadevi,Walk,7,
Nitin Kadam 5195,9408940835,Girgaon,Walk,3,
Ganesh More 5196,9763085688,Charni Road,train,4,
Rekha Shinde 5197,9933165567,Dadar,Walk,2,
Vaishali Chavan 5198,9895996195,Chowpatty,Train,4,
Prakash Gaikwad 5199,9625561204,Grant Road,Bus,2,elderly in group
Rekha Shinde 5200,9644613330,Kalbadevi,Train,1,elderly in group
Vaishali Chavan 5201,9837627687,Girgaon,Train,8,
Sunita Pawar 5202,9375325144,Parel,walk,8,
Sunita Pawar 5203,9714777867,Charni Road,train,,
Sunita Pawar 5204,9997906706,Bhoiwada,Walk,3,
Rekha Shinde 5205,9006507653,Dadar,bus,,
Vaishali Chavan 5206,9169300846,Dadar,Other,8,children in group
Rekha Shinde 5207,,Chowpatty,Walk,4,
Rekha Shinde 5208,9102336231,Bhoiwada,Train,5,
Vaishali Chavan 5209,,Grant Road,Walk,1,
Sunita Pawar 5210,9863282096,Girgaon,Walk,1,
Ajay Bhosale 5211,9271759517,Charni Road,Other,7,elderly in group
Ganesh More 5212,,Bhoiwada,Bus,,
Prakash Gaikwad 5213,9934347393,Kalbadevi,N/A,7,elderly in group
Ganesh More 5214,9523845237,Dadar,Walk,6,
Ganesh More 5215,9931230107,Dadar,Walk,6,children in group
,9865606967,Bhoiwada,Bus,4,
Nitin Kadam 5217,9024307013,Byculla,Rail,1,
Vaishali Chavan 5218,,Bhoiwada,Bus,6,
Prakash Gaikwad 5219,9458156803,Charni Road,Train,4,
Vaishali Chavan 5220,9181657769,Chowpatty,Walk,2,
Nitin Kadam 5221,9429417371,Byculla,Bus,5,
Ganesh More 5222,9166508102,Bhoiwada,train,,
Ganesh More 5223,9407579357,Girgaon,train,8,
Vaishali Chavan 5224,9984327167,,Local,1,
,,Lalbaug,Walk,8,carrying idol
Ajay Bhosale 5226,9434220393,Charni Road,Bus,3,
,,,walk,3,
Prakash Gaikwad 5228,9731816872,Lalbaug,walk,5,
Vaishali Chavan 5229,9347842415,Girgaon,walk,2,
Vaishali Chavan 5230,9945560900,Lalbaug,Walk,4,
Rekha Shinde 5231,9307916589,,train,7,
Ganesh More 5232,,Charni Road,Train,,
Ajay Bhosale 5233,9598362875,Parel,walk,3,
Rekha Shinde 5234,9890139264,Dadar,Other,,carrying idol
Nitin Kadam 5235,9241976994,Parel,Walk,5,
Sunita Pawar 5236,9321139897,Chowpatty,Walk,3,
Sunita Pawar 5237,9884690214,Lalbaug,Rail,6,elderly in group
Nitin Kadam 5238,9552759400,Parel,Walk,6,
Vaishali Chavan 5239,9376550262,Grant Road,Train,3,
Prakash Gaikwad 5240,9766943397,Grant Road,Walk,1,
Ganesh More 5241,,Charni Road,Bus,8,
Vaishali Chavan 5242,,Charni Road,On foot,6,
Ganesh More 5243,9810392043,Bhoiwada,BEST,3,
Rekha Shinde 5244,,Lalbaug,Train,3,children in group
Ganesh More 5245,9222520078,Dadar,N/A,6,
,9457415871,Girgaon,Train,6,children in group
Vaishali Chavan 5247,9580119100,Charni Road,On foot,3,
Prakash Gaikwad 5248,,Grant Road,walk,5,
Rekha Shinde 5249,9002423072,Parel,Bus,2,
Meena Salvi 5250,,Lalbaug,Bus,5,
,9391583721,Byculla,BEST,5,
Vaishali Chavan 5252,9092285006,Chowpatty,Train,5,children in group
Prakash Gaikwad 5253,9031562665,Dadar,Walk,5,
Ajay Bhosale 5254,9671527359,Charni Road,Walk,2,
Rekha Shinde 5255,9157216945,Parel,Bus,7,
Nitin Kadam 5256,9103467326,Dadar,Walk,3,
Nitin Kadam 5257,9364681242,Kalbadevi,Walk,,elderly in group
Rekha Shinde 5258,9909024665,Girgaon,On foot,,
Prakash Gaikwad 5259,9341521992,Lalbaug,walk,5,
,9071798897,Girgaon,Train,4,
Vaishali Chavan 5261,9813029936,Byculla,Walk,,
Sunita Pawar 5262,9701151487,Parel,walk,3,
Prakash Gaikwad 5263,,Kalbadevi,On foot,6,
,9893551534,Kalbadevi,BEST,8,
Vaishali Chavan 5265,9892558644,Grant Road,train,8,
Vaishali Chavan 5266,9972208663,Chowpatty,walk,8,elderly in group
Prakash Gaikwad 5267,9291154044,Lalbaug,Walk,7,
,,Byculla,BEST,1,children in group
Nitin Kadam 5269,9608459154,Byculla,On foot,5,
Sunita Pawar 5270,9311409304,Kalbadevi,train,6,elderly in group
Ganesh More 5271,9032017814,Byculla,walk,4,
Prakash Gaikwad 5272,9124850016,Lalbaug,train,6,
Ganesh More 5273,9417865215,Dadar,train,5,
Rekha Shinde 5274,9898362953,Chowpatty,walk,5,
Prakash Gaikwad 5275,9770716293,Dadar,Local,4,elderly in group
Vaishali Chavan 5276,9543125702,Charni Road,Walk,6,
Ganesh More 5277,,Chowpatty,Walk,2,
Meena Salvi 5278,,Dadar,Walk,8,
Rekha Shinde 5279,9041560322,Dadar,Local,5,
Ajay Bhosale 5280,9000734802,Dadar,Train,,
Vaishali Chavan 5281,9212229657,Grant Road,Bus,3,
,,Parel,train,4,
Sunita Pawar 5283,9902683957,Kalbadevi,Walk,3,
Sunita Pawar 5284,9255174224,Byculla,Bus,3,
Vaishali Chavan 5285,9849647789,Byculla,Walk,,
Sunita Pawar 5286,9945874149,Dadar,Train,1,
Ajay Bhosale 5287,9537010778,Bhoiwada,Bus,4,
Vaishali Chavan 5288,9267171410,Parel,walk,,
Meena Salvi 5289,9873584986,Bhoiwada,Walk,6,
Vaishali Chavan 5290,9486721181,,Walk,1,
Rekha Shinde 5291,9034585012,Parel,Walk,1,
,,Girgaon,train,3,
Meena Salvi 5293,,Girgaon,Local,1,
Rekha Shinde 5294,9731388970,Bhoiwada,Walk,3,
Vaishali Chavan 5295,9410509370,Grant Road,Walk,7,
Vaishali Chavan 5296,9051270772,Kalbadevi,Walk,8,children in group
Vaishali Chavan 5297,9402236160,Charni Road,Walk,8,
Prakash Gaikwad 5298,9999988714,Girgaon,Walk,,
Nitin Kadam 5299,9356680583,Kalbadevi,Walk,7,
Nitin Kadam 5300,,Chowpatty,Bus,7,
Prakash Gaikwad 5301,9817735053,Girgaon,Train,5,
Ganesh More 5302,9942667614,Dadar,walk,,
Ganesh More 5303,9021214748,Chowpatty,Bus,2,
Ajay Bhosale 5304,9272738458,Charni Road,Walking,8,elderly in group
Prakash Gaikwad 5305,,Charni Road,,5,
Vaishali Chavan 5306,9710887610,Charni Road,Bus,5,
Nitin Kadam 5307,9369618255,Lalbaug,Train,4,children in group
Ajay Bhosale 5308,9700496555,Lalbaug,Walk,8,children in group
Ajay Bhosale 5309,9022339724,Dadar,Train,2,
Rekha Shinde 5310,9923081590,Parel,Walk,4,
Rekha Shinde 5311,9518088434,Chowpatty,walk,4,
Nitin Kadam 5312,,Grant Road,bus,2,
Nitin Kadam 5313,9057005391,Grant Road,Bus,4,
Prakash Gaikwad 5314,9907746439,Bhoiwada,Walk,1,
Sunita Pawar 5315,9829286389,Dadar,Walk,3,
Ajay Bhosale 5316,,Girgaon,Train,2,
,9165601350,Charni Road,train,8,carrying idol
Ganesh More 5318,9876082238,Grant Road,Train,1,elderly in group
Meena Salvi 5319,9431475522,Charni Road,Bus,3,
Vaishali Chavan 5320,9278983439,Grant Road,walk,2,
Prakash Gaikwad 5321,9856245662,Charni Road,train,7,
Prakash Gaikwad 5322,9414450344,Parel,,8,
Meena Salvi 5323,9591099523,,Rail,5,
Rekha Shinde 5324,9179854760,Girgaon,Bus,2,
Sunita Pawar 5325,,Grant Road,N/A,8,
Ganesh More 5326,9415406285,Kalbadevi,Walk,1,
,9188127725,Byculla,train,8,
Prakash Gaikwad 5328,9835642422,Girgaon,Bus,8,
Sunita Pawar 5329,,Kalbadevi,walk,5,elderly in group
Ganesh More 5330,9173683870,Dadar,Walk,2,
Prakash Gaikwad 5331,,Bhoiwada,Walk,,
Ajay Bhosale 5332,,Lalbaug,Walk,5,
Prakash Gaikwad 5333,9496904925,Byculla,Walk,7,children in group
Ajay Bhosale 5334,9852815714,Chowpatty,Other,8,
Ganesh More 5335,9697768566,Grant Road,Train,4,
Vaishali Chavan 5336,9697956204,Girgaon,walk,6,children in group
Meena Salvi 5337,,Grant Road,Walk,5,children in group
Meena Salvi 5338,9503613178,Lalbaug,walk,1,
Prakash Gaikwad 5339,9436205166,Chowpatty,walk,8,
Meena Salvi 5340,9439209888,Girgaon,Bus,7,
Ganesh More 5341,9290370743,Parel,Train,,
Vaishali Chavan 5342,9480742930,Girgaon,Walk,7,
,9409268732,Kalbadevi,Train,8,
Prakash Gaikwad 5344,9625802646,Grant Road,Train,6,
Vaishali Chavan 5345,9519776292,,Bus,3,
Rekha Shinde 5346,9735727603,Lalbaug,Train,7,
Vaishali Chavan 5347,9430621389,Dadar,walk,8,
Nitin Kadam 5348,,Chowpatty,Bus,6,
,9541493822,Chowpatty,bus,4,children in group
Prakash Gaikwad 5350,9568516579,Bhoiwada,Train,5,elderly in group
Ganesh More 5351,9743223809,Parel,walk,3,
,9403020958,Grant Road,Train,,
Meena Salvi 5353,9839130670,Byculla,bus,6,
Meena Salvi 5354,9874546563,Chowpatty,Walking,3,
Sunita Pawar 5355,9955178557,Bhoiwada,walk,7,
Meena Salvi 5356,9459292721,,walk,4,
Nitin Kadam 5357,,,Walk,4,
Meena Salvi 5358,9485826866,Chowpatty,Bus,1,
Ganesh More 5359,,Dadar,bus,6,
Ajay Bhosale 5360,9680728795,Bhoiwada,Walk,3,
Sunita Pawar 5361,9041655504,Dadar,walk,1,
Rekha Shinde 5362,9881934680,Parel,Train,6,carrying idol
Ajay Bhosale 5363,9842358475,Grant Road,Walk,6,
Prakash Gaikwad 5364,9119322831,Girgaon,Bus,6,
Meena Salvi 5365,9182249063,Byculla,Train,,children in group
Prakash Gaikwad 5366,9589433575,Byculla,Train,6,
Prakash Gaikwad 5367,9560050280,Bhoiwada,walk,8,
Ajay Bhosale 5368,9211892309,Parel,train,4,
,,Byculla,train,,
Prakash Gaikwad 5370,9781010086,Chowpatty,Walk,5,
Sunita Pawar 5371,,Parel,Walk,,
Rekha Shinde 5372,,Byculla,walk,,
Sunita Pawar 5373,9671327281,Kalbadevi,Bus,4,
Nitin Kadam 5374,9213908140,Chowpatty,Walk,1,carrying idol
Rekha Shinde 5375,,,walk,,carrying idol
Ajay Bhosale 5376,9338912550,Chowpatty,BEST,5,
Sunita Pawar 5377,9525909019,Dadar,Train,3,
Nitin Kadam 5378,9863700298,Parel,Train,8,
Rekha Shinde 5379,9733003723,Grant Road,Bus,3,
Prakash Gaikwad 5380,9191221022,Grant Road,walk,5,
,9492770682,Byculla,walk,2,
Vaishali Chavan 5382,9685291189,Girgaon,walk,7,
Vaishali Chavan 5383,9895130031,Grant Road,Walk,5,carrying idol
Sunita Pawar 5384,9265805169,Parel,Walking,6,
Ganesh More 5385,9703344809,Kalbadevi,Train,8,
Vaishali Chavan 5386,9104088234,Girgaon,Rail,,
Sunita Pawar 5387,9929049841,,BEST,2,
Prakash Gaikwad 5388,,,Train,2,
Prakash Gaikwad 5389,,Lalbaug,Bus,3,
Meena Salvi 5390,,Charni Road,walk,,elderly in group
Ajay Bhosale 5391,9627157342,Parel,Bus,6,
Meena Salvi 5392,,Kalbadevi,walk,4,
Ajay Bhosale 5393,9504272497,Bhoiwada,Walk,3,
Ganesh More 5394,9647017577,Byculla,Train,2,
Sunita Pawar 5395,9056582435,Lalbaug,Rail,1,
Ajay Bhosale 5396,9336943629,,Walk,8,
Ganesh More 5397,9937876782,Bhoiwada,train,5,
Ajay Bhosale 5398,9912459911,Grant Road,Train,3,
Rekha Shinde 5399,9408406400,Bhoiwada,walk,1,
Rekha Shinde 5400,9871456570,Byculla,Bus,3,
Ganesh More 5401,9984511751,Chowpatty,Train,1,
Ganesh More 5402,9304983229,Charni Road,Train,3,
Vaishali Chavan 5403,9885260263,Lalbaug,bus,6,carrying idol
Sunita Pawar 5404,,Bhoiwada,walk,6,
Nitin Kadam 5405,9910847708,Lalbaug,Bus,7,
Sunita Pawar 5406,9961432602,Grant Road,Walk,5,elderly in group
Vaishali Chavan 5407,9669561587,Dadar,Walking,6,elderly in group
Vaishali Chavan 5408,9756286757,Girgaon,Walking,8,
Prakash Gaikwad 5409,9040371695,Byculla,walk,1,
Rekha Shinde 5410,9107189226,Bhoiwada,Train,4,
Prakash Gaikwad 5411,9459791970,Byculla,Walk,2,
Vaishali Chavan 5412,9447196473,Girgaon,Walk,,
Meena Salvi 5413,9260052910,Grant Road,Walk,4,
Nitin Kadam 5414,9998872942,Kalbadevi,bus,8,
Meena Salvi 5415,9658635902,Chowpatty,Walking,5,
Meena Salvi 5416,9978427637,Grant Road,Local,5,
Rekha Shinde 5417,9077587000,Grant Road,Walk,8,
Rekha Shinde 5418,9975898643,Chowpatty,Rail,,carrying idol
Sunita Pawar 5419,9923592837,Parel,bus,1,
Rekha Shinde 5420,9799721457,Girgaon,Bus,1,
Vaishali Chavan 5421,9605397738,Kalbadevi,Bus,6,
Prakash Gaikwad 5422,,Charni Road,Train,7,carrying idol
Ajay Bhosale 5423,,Girgaon,,5,children in group
Meena Salvi 5424,9727337962,Bhoiwada,Train,7,
Nitin Kadam 5425,9646089797,Kalbadevi,Bus,5,
,9814321460,Bhoiwada,Walk,8,
Prakash Gaikwad 5427,9675458942,Grant Road,Bus,,
Ajay Bhosale 5428,,Girgaon,Walk,7,carrying idol
Sunita Pawar 5429,,Lalbaug,train,8,elderly in group
Prakash Gaikwad 5430,,Kalbadevi,Walking,4,
Meena Salvi 5431,9378078379,Charni Road,walk,5,
Vaishali Chavan 5432,9945437343,Bhoiwada,On foot,8,
Rekha Shinde 5433,9545910318,,Train,6,
Prakash Gaikwad 5434,9489350734,Byculla,Walk,8,children in group
Prakash Gaikwad 5435,,Kalbadevi,train,6,
Rekha Shinde 5436,9178051118,Lalbaug,Bus,1,
Vaishali Chavan 5437,9063069212,Chowpatty,train,5,children in group
Nitin Kadam 5438,9791352937,Girgaon,Walk,3,
Nitin Kadam 5439,9053490506,Bhoiwada,walk,6,
Ajay Bhosale 5440,9758428758,,train,,carrying idol
Sunita Pawar 5441,,,Rail,3,
Ganesh More 5442,,Charni Road,Walk,3,
Sunita Pawar 5443,,Charni Road,BEST,4,
Rekha Shinde 5444,9386576722,Grant Road,bus,8,
Sunita Pawar 5445,9256496790,Charni Road,Train,6,
Rekha Shinde 5446,9419590733,Lalbaug,Train,4,
Nitin Kadam 5447,,Grant Road,Train,1,
Ganesh More 5448,,Bhoiwada,Rail,6,
Ganesh More 5449,9768682674,Chowpatty,walk,7,
Sunita Pawar 5450,9574450366,Charni Road,walk,2,
Vaishali Chavan 5451,,Dadar,Train,2,
Vaishali Chavan 5452,9665113177,Parel,Walking,7,
Nitin Kadam 5453,9158519104,,Train,6,
Ajay Bhosale 5454,9689586223,Bhoiwada,Train,2,
Nitin Kadam 5455,9291147431,Charni Road,Walk,8,elderly in group
Vaishali Chavan 5456,9452774420,Kalbadevi,Walk,4,
Ganesh More 5457,9017979060,Lalbaug,bus,,
Sunita Pawar 5458,9313082825,Grant Road,train,,children in group
Ajay Bhosale 5459,9331611692,,Train,5,
Meena Salvi 5460,9727565865,Byculla,Bus,7,
Vaishali Chavan 5461,9291162425,Lalbaug,Local,,
Ganesh More 5462,9361018916,Byculla,N/A,3,
Meena Salvi 5463,9344974883,Parel,walk,5,
Ganesh More 5464,9452708834,Dadar,Train,5,
Prakash Gaikwad 5465,9380413268,Byculla,Walk,1,
Prakash Gaikwad 5466,9972733393,Dadar,Walk,5,
Ajay Bhosale 5467,9525756818,Kalbadevi,walk,4,
Ganesh More 5468,9059290349,Charni Road,train,,
Nitin Kadam 5469,9854068496,Charni Road,train,2,
Ganesh More 5470,9132595468,Charni Road,walk,,
Prakash Gaikwad 5471,,Dadar,train,2,
Vaishali Chavan 5472,9396802236,Parel,Walk,3,
Vaishali Chavan 5473,9215384983,,Train,3,children in group
Meena Salvi 5474,9541366704,Grant Road,,8,
Rekha Shinde 5475,9918094642,Chowpatty,Bus,7,elderly in group
Rekha Shinde 5476,9291622210,Byculla,Bus,8,children in group
Nitin Kadam 5477,9795071685,Charni Road,Walk,4,
Prakash Gaikwad 5478,9015626286,Grant Road,Walk,4,
Meena Salvi 5479,9454290547,Charni Road,Bus,4,elderly in group
Vaishali Chavan 5480,9186033207,Chowpatty,train,6,
Sunita Pawar 5481,9152779654,Charni Road,Local,2,
Ganesh More 5482,,Dadar,train,6,
Meena Salvi 5483,9475734534,Kalbadevi,bus,6,
Ajay Bhosale 5484,9032038875,Parel,Walk,4,
Prakash Gaikwad 5485,9003945218,Chowpatty,Walk,6,children in group
Ajay Bhosale 5486,9370447550,Grant Road,Train,6,
Sunita Pawar 5487,,Girgaon,Walk,3,
Prakash Gaikwad 5488,9909636310,Bhoiwada,Walk,1,carrying idol
Meena Salvi 5489,,Dadar,Bus,,carrying idol
,,Parel,Walk,2,
Nitin Kadam 5491,9543798505,Parel,Walk,3,
Meena Salvi 5492,9016478162,Parel,Walking,7,
Ganesh More 5493,9953418622,Charni Road,Walk,7,
Ganesh More 5494,9293704806,Bhoiwada,Bus,8,
Prakash Gaikwad 5495,9060171548,Bhoiwada,Walk,2,
Nitin Kadam 5496,9006719936,Kalbadevi,Train,4,
Vaishali Chavan 5497,9529616598,Grant Road,Walk,8,
Prakash Gaikwad 5498,9705033082,Kalbadevi,Walk,,
Rekha Shinde 5499,9191858090,Lalbaug,bus,5,
,9188813692,Kalbadevi,Train,3,children in group
Ajay Bhosale 5501,9421785026,Kalbadevi,bus,4,
Vaishali Chavan 5502,9343184446,Byculla,Walk,6,
Meena Salvi 5503,9039189732,Parel,bus,5,children in group
Meena Salvi 5504,9236195507,Girgaon,Walk,2,
Ganesh More 5505,9533962061,Grant Road,walk,7,
Ganesh More 5506,9052739964,Girgaon,Walk,2,
Meena Salvi 5507,9464728960,Kalbadevi,,5,
,9725050599,Parel,Train,1,
Ganesh More 5509,9734327712,Girgaon,Bus,4,elderly in group
Prakash Gaikwad 5510,9110001170,Byculla,Walk,7,
Nitin Kadam 5511,9450432181,Charni Road,Walk,4,
Vaishali Chavan 5512,9258407258,Lalbaug,Train,6,elderly in group
Ganesh More 5513,9420542946,Charni Road,Train,6,
Sunita Pawar 5514,,Grant Road,Train,,
Vaishali Chavan 5515,9956463366,Lalbaug,Local,2,
Nitin Kadam 5516,,Parel,Rail,3,
Sunita Pawar 5517,9094220820,Charni Road,Bus,2,
Prakash Gaikwad 5518,9238508787,Byculla,Train,8,
Rekha Shinde 5519,9086004249,Lalbaug,walk,,
,9641013463,,train,5,
Prakash Gaikwad 5521,9036657118,Byculla,walk,8,
Rekha Shinde 5522,9451720776,Dadar,Walk,3,
Ganesh More 5523,9527990799,Kalbadevi,bus,8,
Vaishali Chavan 5524,9211208316,Parel,Walk,7,
Vaishali Chavan 5525,,Byculla,Rail,1,
Vaishali Chavan 5526,9365193368,Byculla,Train,5,
Ajay Bhosale 5527,9025684452,Dadar,Bus,4,
Sunita Pawar 5528,,Kalbadevi,bus,7,
Meena Salvi 5529,9135744745,Kalbadevi,Walk,5,
Ganesh More 5530,9920868746,Parel,Walk,5,
Sunita Pawar 5531,9894442417,Bhoiwada,train,6,
Rekha Shinde 5532,,Charni Road,Walk,1,carrying idol
Rekha Shinde 5533,,Girgaon,bus,4,
Vaishali Chavan 5534,9371413253,Bhoiwada,walk,4,
Ajay Bhosale 5535,,,Walk,8,children in group
Sunita Pawar 5536,9467582985,Parel,walk,,children in group
Rekha Shinde 5537,9708205280,Byculla,walk,8,
Vaishali Chavan 5538,9027202754,Byculla,walk,1,carrying idol
Meena Salvi 5539,,Byculla,On foot,2,
Prakash Gaikwad 5540,,Kalbadevi,Walk,5,
Ajay Bhosale 5541,9621436084,Dadar,walk,4,children in group
,9497802746,Chowpatty,Train,5,
Ganesh More 5543,9805161601,Chowpatty,Train,2,
Meena Salvi 5544,9896239029,Bhoiwada,Bus,2,
Nitin Kadam 5545,,Parel,Local,5,carrying idol
Sunita Pawar 5546,9872357879,Parel,Train,4,
Ajay Bhosale 5547,9891565596,Byculla,bus,4,elderly in group
Ganesh More 5548,9519610044,Bhoiwada,Walk,5,
Rekha Shinde 5549,9732173654,Lalbaug,Walk,,children in group
Ganesh More 5550,9380562652,Bhoiwada,Train,6,
Meena Salvi 5551,,Dadar,Walking,6,
Vaishali Chavan 5552,9015124801,Charni Road,Local,5,
Ganesh More 5553,9206771204,Parel,Walk,7,children in group
Sunita Pawar 5554,9710669470,,Train,3,
Meena Salvi 5555,9237813542,Dadar,Train,3,
Prakash Gaikwad 5556,,Chowpatty,train,4,
Prakash Gaikwad 5557,9128378764,,Walk,6,
Prakash Gaikwad 5558,9432728516,Parel,bus,2,elderly in group
Rekha Shinde 5559,9599837830,Bhoiwada,train,,
Meena Salvi 5560,9467092866,Parel,Walk,7,
Sunita Pawar 5561,,Lalbaug,Walk,5,
Prakash Gaikwad 5562,9441773422,Bhoiwada,Walk,,
Rekha Shinde 5563,9836405206,,walk,3,
Prakash Gaikwad 5564,9114352263,Bhoiwada,Walk,6,
Prakash Gaikwad 5565,9513412409,Chowpatty,Walk,4,
Meena Salvi 5566,9280401826,Byculla,Train,1,
Vaishali Chavan 5567,9748220971,Lalbaug,On foot,5,
Nitin Kadam 5568,9654487769,Charni Road,Bus,2,
,9877995944,Lalbaug,train,3,
Meena Salvi 5570,9935379291,Bhoiwada,Train,1,
Rekha Shinde 5571,9202129896,Chowpatty,Bus,3,
Ajay Bhosale 5572,9813910602,Dadar,Walk,7,children in group
Ajay Bhosale 5573,9898909548,Charni Road,train,4,carrying idol
Rekha Shinde 5574,,Kalbadevi,Walk,1,
Nitin Kadam 5575,,Byculla,Train,5,
Vaishali Chavan 5576,,Girgaon,train,8,
Rekha Shinde 5577,9869072316,Byculla,bus,3,
Ajay Bhosale 5578,9315599784,Girgaon,Other,,
Ganesh More 5579,9081472383,Kalbadevi,bus,3,
Prakash Gaikwad 5580,9818581114,Grant Road,On foot,6,
Ajay Bhosale 5581,,Chowpatty,Other,,
Ganesh More 5582,9536531953,Chowpatty,Train,1,
Ajay Bhosale 5583,9038371361,Bhoiwada,Walk,3,
Rekha Shinde 5584,,Charni Road,Walk,8,
Vaishali Chavan 5585,9633951657,Parel,Walk,3,
Sunita Pawar 5586,,Charni Road,Bus,6,
Prakash Gaikwad 5587,9995126917,Chowpatty,Train,3,
Rekha Shinde 5588,9418319902,Kalbadevi,walk,2,
Ajay Bhosale 5589,9493060432,Lalbaug,Walk,6,
Rekha Shinde 5590,9639275269,Byculla,Train,4,
Ganesh More 5591,9774649498,Charni Road,train,8,
Prakash Gaikwad 5592,9894113202,Parel,Walk,2,children in group
Ajay Bhosale 5593,9252894533,Byculla,Walk,5,
Ajay Bhosale 5594,9638311033,,Walk,,
Rekha Shinde 5595,9979806612,Charni Road,walk,6,
Nitin Kadam 5596,9144753067,Grant Road,Local,3,
Nitin Kadam 5597,9969053230,Byculla,train,4,
Rekha Shinde 5598,9728993710,Lalbaug,walk,1,
Vaishali Chavan 5599,9559735618,Parel,walk,6,
Nitin Kadam 5600,9160541940,Bhoiwada,bus,7,
Ajay Bhosale 5601,9116615622,Charni Road,walk,5,
Sunita Pawar 5602,9572386970,Kalbadevi,Walk,1,
Meena Salvi 5603,9089330617,,Train,,children in group
Meena Salvi 5604,9369974960,Grant Road,Train,4,
Sunita Pawar 5605,9552804064,Dadar,Bus,5,
Sunita Pawar 5606,9718926877,Parel,walk,5,elderly in group
Vaishali Chavan 5607,9592582283,Chowpatty,Walk,4,children in group
Meena Salvi 5608,9426061675,Girgaon,train,8,
Nitin Kadam 5609,,Charni Road,Walk,3,
Vaishali Chavan 5610,9613507661,,Walk,5,
Sunita Pawar 5611,9304600433,Bhoiwada,Walk,3,
Sunita Pawar 5612,9861007330,Bhoiwada,Walk,8,carrying idol
Nitin Kadam 5613,9403561076,Grant Road,Train,1,
Ganesh More 5614,9828108619,Dadar,Walk,6,elderly in group
Prakash Gaikwad 5615,,Dadar,Train,2,elderly in group
Nitin Kadam 5616,9038088812,Byculla,train,8,
Prakash Gaikwad 5617,9605292052,Grant Road,Train,4,elderly in group
Prakash Gaikwad 5618,9136812644,Charni Road,walk,3,
Meena Salvi 5619,9955712959,Charni Road,Walk,4,
Rekha Shinde 5620,9811122366,Charni Road,Walk,1,
Ganesh More 5621,9322316885,Byculla,walk,8,
Sunita Pawar 5622,9379894251,Dadar,Walk,1,
Vaishali Chavan 5623,,Dadar,bus,4,
Ganesh More 5624,9266267517,Parel,BEST,3,carrying idol
Ganesh More 5625,9965475435,Girgaon,Rail,,
Rekha Shinde 5626,9434070008,Parel,walk,,
Vaishali Chavan 5627,9192591832,Parel,bus,7,children in group
Meena Salvi 5628,9119550494,Grant Road,Walk,2,
Rekha Shinde 5629,,Charni Road,Train,1,
Prakash Gaikwad 5630,,,On foot,7,
Sunita Pawar 5631,,Charni Road,N/A,1,
Meena Salvi 5632,9322305271,Byculla,Other,4,carrying idol
Prakash Gaikwad 5633,9342483920,Lalbaug,Walk,1,carrying idol
,9266060527,Chowpatty,Walk,5,
Ajay Bhosale 5635,9778090676,,bus,8,
Vaishali Chavan 5636,9866725699,Charni Road,bus,3,
Ajay Bhosale 5637,9491605622,Dadar,N/A,3,
Sunita Pawar 5638,9348520059,Chowpatty,Bus,1,
Ajay Bhosale 5639,,Chowpatty,Walk,6,
Prakash Gaikwad 5640,9690692156,Chowpatty,Bus,1,
Sunita Pawar 5641,,Parel,Walking,4,
Sunita Pawar 5642,9621276137,Parel,Bus,4,elderly in group
Meena Salvi 5643,,Byculla,train,3,
Prakash Gaikwad 5644,,Grant Road,train,3,
,,Chowpatty,train,8,
Ganesh More 5646,,,train,2,
Sunita Pawar 5647,9168057118,Byculla,train,4,
Sunita Pawar 5648,9575872241,Parel,walk,2,
Ajay Bhosale 5649,9347152223,Dadar,Train,5,carrying idol
Prakash Gaikwad 5650,9633212552,Dadar,Walk,2,
Sunita Pawar 5651,9259773572,Dadar,Bus,5,
Ganesh More 5652,9629813862,,Bus,6,
Sunita Pawar 5653,9942959954,Bhoiwada,Train,,
Rekha Shinde 5654,9170408298,Byculla,,2,
Prakash Gaikwad 5655,,Bhoiwada,Bus,1,
Rekha Shinde 5656,9499244882,Lalbaug,walk,3,elderly in group
Vaishali Chavan 5657,9234831364,Kalbadevi,Walk,8,
Ajay Bhosale 5658,9775197627,Girgaon,Bus,5,
Vaishali Chavan 5659,9945109181,Girgaon,walk,6,elderly in group
Ganesh More 5660,9413710613,Charni Road,Bus,2,
Ganesh More 5661,9631001979,Lalbaug,Walk,8,
Vaishali Chavan 5662,9680775870,Lalbaug,train,6,
Rekha Shinde 5663,,Grant Road,walk,5,
Ganesh More 5664,9672345530,Charni Road,Walk,5,
Vaishali Chavan 5665,9729560153,Parel,Walk,2,
,,Girgaon,Walk,6,
Meena Salvi 5667,9342128479,Girgaon,Walk,5,
Nitin Kadam 5668,9652400573,Bhoiwada,Walk,2,
Meena Salvi 5669,,Charni Road,walk,4,
Meena Salvi 5670,9946976020,Lalbaug,walk,8,carrying idol
Vaishali Chavan 5671,9015580857,,N/A,7,
Ajay Bhosale 5672,9271928392,Charni Road,Walk,,
Prakash Gaikwad 5673,,Bhoiwada,Train,,
Prakash Gaikwad 5674,9586158264,Bhoiwada,Walking,3,
Sunita Pawar 5675,9433039352,Kalbadevi,walk,8,
Prakash Gaikwad 5676,9741733789,Byculla,train,3,elderly in group
Rekha Shinde 5677,9658035238,Charni Road,On foot,8,
Ganesh More 5678,,Girgaon,Walk,2,
Prakash Gaikwad 5679,9265253373,Dadar,Train,2,
Nitin Kadam 5680,9871396122,Charni Road,On foot,6,carrying idol
,9605526382,Chowpatty,BEST,,
Sunita Pawar 5682,9890813818,Charni Road,walk,7,elderly in group
Meena Salvi 5683,,Byculla,Walk,1,
Prakash Gaikwad 5684,9729711844,,,6,children in group
Rekha Shinde 5685,9805129696,Byculla,Train,,
Ajay Bhosale 5686,9516771785,Charni Road,Train,,carrying idol
Rekha Shinde 5687,9610639408,Kalbadevi,Walk,3,
Vaishali Chavan 5688,,Dadar,walk,7,
Sunita Pawar 5689,9860793284,Chowpatty,train,4,elderly in group
Prakash Gaikwad 5690,9012742532,Charni Road,walk,2,elderly in group
Sunita Pawar 5691,9426372483,Parel,walk,7,
Rekha Shinde 5692,9628264729,Byculla,Bus,7,
Nitin Kadam 5693,9352430898,Byculla,Train,1,
Nitin Kadam 5694,9731496355,Dadar,Walk,1,
Prakash Gaikwad 5695,9951506230,Chowpatty,Walk,,
Vaishali Chavan 5696,9298629265,Girgaon,Walk,3,
Ganesh More 5697,9786005558,Chowpatty,Train,8,
Meena Salvi 5698,9558372908,Charni Road,Walk,8,
Prakash Gaikwad 5699,,Lalbaug,train,,
Ajay Bhosale 5700,9450392308,Grant Road,bus,3,
Meena Salvi 5701,9574786670,Lalbaug,Bus,3,elderly in group
Sunita Pawar 5702,9964488156,Dadar,walk,4,
Vaishali Chavan 5703,,Dadar,Bus,1,
Ajay Bhosale 5704,,Charni Road,walk,8,
Vaishali Chavan 5705,,Girgaon,train,,
Ajay Bhosale 5706,9911093509,,Train,1,
Nitin Kadam 5707,9539633244,Kalbadevi,Walk,3,
Ganesh More 5708,9473422685,Byculla,Bus,5,
Ganesh More 5709,9934978550,Chowpatty,Walking,,
Ganesh More 5710,9772746220,Grant Road,,6,carrying idol
Rekha Shinde 5711,9241768006,Byculla,Walk,5,
Sunita Pawar 5712,9510817554,Grant Road,Rail,5,
Nitin Kadam 5713,9903556649,Charni Road,Walk,6,
Nitin Kadam 5714,9453555286,Chowpatty,Train,3,
Vaishali Chavan 5715,9163042061,Charni Road,walk,6,
Rekha Shinde 5716,9871535918,Parel,walk,3,
Meena Salvi 5717,9341549730,Girgaon,Walk,8,
Prakash Gaikwad 5718,9046058954,Kalbadevi,Walk,1,
Vaishali Chavan 5719,9752512480,Byculla,Train,6,
Meena Salvi 5720,9163370279,Girgaon,walk,6,
Vaishali Chavan 5721,,Bhoiwada,bus,1,
Vaishali Chavan 5722,9585240217,Grant Road,walk,2,
Ganesh More 5723,9653922991,Lalbaug,Walk,8,
Prakash Gaikwad 5724,9903460018,Girgaon,On foot,1,
Vaishali Chavan 5725,9862486544,Grant Road,Bus,2,
Sunita Pawar 5726,9657248030,Parel,Walk,2,
Ganesh More 5727,9273861653,Parel,walk,6,
Meena Salvi 5728,9484701454,Kalbadevi,Walk,6,
Meena Salvi 5729,9908192848,,Walk,3,
Nitin Kadam 5730,,Girgaon,Bus,,
Vaishali Chavan 5731,9735132254,Kalbadevi,walk,5,children in group
Sunita Pawar 5732,9032599442,Dadar,Bus,6,children in group
Ajay Bhosale 5733,9894053696,Chowpatty,Train,,
Nitin Kadam 5734,9687132949,Parel,Walk,6,carrying idol
Ganesh More 5735,9135510774,Grant Road,train,6,children in group
Prakash Gaikwad 5736,9984138377,Charni Road,walk,3,
Nitin Kadam 5737,9026482679,Grant Road,Train,1,
Meena Salvi 5738,9438104861,Girgaon,Train,4,carrying idol
Meena Salvi 5739,,Dadar,Train,8,
Prakash Gaikwad 5740,9103930059,Parel,bus,5,carrying idol
Nitin Kadam 5741,9928852196,Dadar,walk,6,
Rekha Shinde 5742,,Chowpatty,Rail,6,carrying idol
Rekha Shinde 5743,,Kalbadevi,train,7,
Rekha Shinde 5744,,Chowpatty,train,2,
Sunita Pawar 5745,9413425157,Grant Road,train,2,
Meena Salvi 5746,9604950502,Grant Road,,1,
Sunita Pawar 5747,9603006969,Bhoiwada,On foot,7,
Ajay Bhosale 5748,9815742650,,walk,7,
Ganesh More 5749,9640206679,Girgaon,Walk,8,
Nitin Kadam 5750,9020098291,Lalbaug,walk,7,
Ajay Bhosale 5751,,Bhoiwada,Train,1,
,,Kalbadevi,walk,5,
Ganesh More 5753,9293068408,Grant Road,Rail,8,elderly in group
Sunita Pawar 5754,9057157521,Bhoiwada,Train,7,
Nitin Kadam 5755,9999221132,Dadar,Bus,8,
Ganesh More 5756,9605781173,Bhoiwada,Train,1,
Prakash Gaikwad 5757,9163337104,Chowpatty,walk,8,
Rekha Shinde 5758,9370907306,Girgaon,Bus,8,
Ajay Bhosale 5759,,Parel,walk,3,
Ganesh More 5760,9767560315,Charni Road,walk,6,children in group
Ajay Bhosale 5761,9976488704,Byculla,Walk,1,
Ajay Bhosale 5762,9794916432,Chowpatty,walk,6,
Rekha Shinde 5763,9480210815,Lalbaug,bus,6,
Ajay Bhosale 5764,,Parel,train,5,carrying idol
Ajay Bhosale 5765,9281654467,Chowpatty,Train,,
Prakash Gaikwad 5766,9259735571,Girgaon,train,8,
Rekha Shinde 5767,,Lalbaug,BEST,5,
Prakash Gaikwad 5768,9213275508,Dadar,Rail,,carrying idol
Prakash Gaikwad 5769,,Lalbaug,Train,8,
,9427574714,Dadar,Train,,
Nitin Kadam 5771,9330350496,Girgaon,Walking,5,
Rekha Shinde 5772,9946375530,Byculla,bus,2,
Vaishali Chavan 5773,9771457850,Byculla,Walk,3,
Vaishali Chavan 5774,9345073181,Dadar,Train,4,children in group
Sunita Pawar 5775,9885602872,Chowpatty,bus,2,
,9844504649,Grant Road,BEST,7,elderly in group
Meena Salvi 5777,9760077764,Girgaon,bus,4,
Nitin Kadam 5778,9288498578,,Train,5,
Prakash Gaikwad 5779,9307671183,Chowpatty,Local,,
Meena Salvi 5780,9144997987,Grant Road,Walk,8,
Vaishali Chavan 5781,,Bhoiwada,walk,5,
Ajay Bhosale 5782,,Lalbaug,Other,3,
Vaishali Chavan 5783,9359129634,Dadar,train,1,
Ajay Bhosale 5784,9127161676,Grant Road,Walk,,
Ganesh More 5785,,Kalbadevi,Train,5,
Meena Salvi 5786,9218246234,Kalbadevi,Walk,4,
Ajay Bhosale 5787,9471987671,,train,2,
Prakash Gaikwad 5788,,Bhoiwada,Train,1,
Meena Salvi 5789,9745977321,Charni Road,BEST,3,elderly in group
Ajay Bhosale 5790,9041136872,Kalbadevi,Bus,3,
Prakash Gaikwad 5791,9834300426,Bhoiwada,Bus,8,
Meena Salvi 5792,9979554843,Bhoiwada,Bus,2,
Nitin Kadam 5793,9188193468,Parel,Walk,3,
Ajay Bhosale 5794,9049261100,Byculla,Bus,1,
Meena Salvi 5795,,,bus,3,
Ajay Bhosale 5796,9293827928,Charni Road,Walk,4,
Ajay Bhosale 5797,9610925498,Chowpatty,Walk,5,
Meena Salvi 5798,,Charni Road,Walk,,
Ganesh More 5799,9428407933,Byculla,Train,4,
Ajay Bhosale 5800,9029938763,Lalbaug,Bus,4,
Prakash Gaikwad 5801,9217243803,Dadar,Bus,4,
Prakash Gaikwad 5802,,Grant Road,train,1,
Ajay Bhosale 5803,9156434998,Dadar,walk,1,children in group
Rekha Shinde 5804,9449581610,Kalbadevi,Bus,4,
Sunita Pawar 5805,9923419238,Chowpatty,Local,4,elderly in group
Ajay Bhosale 5806,9269166082,Lalbaug,Train,6,
Ajay Bhosale 5807,,Charni Road,Walk,8,
Sunita Pawar 5808,9540328728,Charni Road,Walk,5,
Ganesh More 5809,9636270367,,On foot,4,
Meena Salvi 5810,,Dadar,BEST,5,
Meena Salvi 5811,9799103236,Byculla,Walk,6,elderly in group
,,Lalbaug,Walk,7,
Sunita Pawar 5813,9529514772,Chowpatty,On foot,4,
Ajay Bhosale 5814,9160264150,Dadar,walk,1,children in group
Sunita Pawar 5815,9936557230,Girgaon,Walk,1,
Meena Salvi 5816,9320557240,Lalbaug,train,4,children in group
Nitin Kadam 5817,9895672377,Kalbadevi,train,8,
,9729224076,Girgaon,Train,,children in group
Nitin Kadam 5819,9552605353,Grant Road,Walk,7,
Vaishali Chavan 5820,9072042094,Girgaon,Walk,1,
Sunita Pawar 5821,9451799087,Byculla,Train,,
,,Byculla,On foot,8,
Nitin Kadam 5823,9576638590,Bhoiwada,N/A,7,
Rekha Shinde 5824,9262896418,Chowpatty,Walk,6,
Vaishali Chavan 5825,,Kalbadevi,Walk,5,carrying idol
Ganesh More 5826,9415704122,Girgaon,Bus,1,
Vaishali Chavan 5827,,Parel,Walk,1,carrying idol
Prakash Gaikwad 5828,9913577172,Byculla,Walk,2,
Sunita Pawar 5829,9907399866,Dadar,walk,8,
Sunita Pawar 5830,,Kalbadevi,Train,,
Rekha Shinde 5831,9776493222,Kalbadevi,bus,7,
Rekha Shinde 5832,9639500838,Byculla,,8,
Nitin Kadam 5833,9600027409,Lalbaug,Walk,5,
Vaishali Chavan 5834,,Charni Road,walk,7,
Vaishali Chavan 5835,9436697006,Chowpatty,Walk,6,elderly in group
Vaishali Chavan 5836,9441309290,Charni Road,bus,3,
Ganesh More 5837,9689919120,,Walk,5,
Vaishali Chavan 5838,,Bhoiwada,train,4,elderly in group
Prakash Gaikwad 5839,9108478174,Charni Road,bus,8,
Ganesh More 5840,9975799588,Chowpatty,walk,3,
Prakash Gaikwad 5841,9281103734,Grant Road,Bus,4,
Rekha Shinde 5842,9174734460,Lalbaug,Bus,7,
Ajay Bhosale 5843,,Kalbadevi,Rail,5,elderly in group
Prakash Gaikwad 5844,9830841010,Byculla,Train,1,
Rekha Shinde 5845,9959605034,Charni Road,Train,7,
Ajay Bhosale 5846,9135908509,Kalbadevi,Walk,6,
Vaishali Chavan 5847,9771709908,Girgaon,Walk,3,
Rekha Shinde 5848,9933190324,Byculla,Walk,6,
Meena Salvi 5849,9007568307,Lalbaug,Train,5,
Meena Salvi 5850,9911228149,Girgaon,train,5,
Ganesh More 5851,,Grant Road,walk,7,
Ajay Bhosale 5852,9855340360,Charni Road,train,8,
Ajay Bhosale 5853,9884992674,Charni Road,Bus,1,
Rekha Shinde 5854,9312693195,Chowpatty,Walk,2,
Ajay Bhosale 5855,9532411854,,Walk,,
Nitin Kadam 5856,9720331421,Chowpatty,walk,7,carrying idol
Vaishali Chavan 5857,9005127004,Lalbaug,Walk,5,
Ajay Bhosale 5858,9451010586,Charni Road,Walking,4,
Sunita Pawar 5859,,Girgaon,walk,5,
Meena Salvi 5860,9316151112,Chowpatty,walk,1,
Rekha Shinde 5861,,Charni Road,Bus,,
Meena Salvi 5862,9862374377,Kalbadevi,Train,4,
Vaishali Chavan 5863,,Byculla,Bus,7,
Sunita Pawar 5864,9520433788,Bhoiwada,Bus,3,
Rekha Shinde 5865,,Bhoiwada,Bus,2,children in group
Meena Salvi 5866,9395952913,Charni Road,Walk,2,
Prakash Gaikwad 5867,9311562947,Byculla,Train,,
Ajay Bhosale 5868,9020574677,Lalbaug,Train,2,
Ganesh More 5869,9408753669,Kalbadevi,train,1,
Prakash Gaikwad 5870,9449853196,Byculla,walk,7,
Ganesh More 5871,,Kalbadevi,Local,6,
Ganesh More 5872,,Bhoiwada,Local,1,
Ajay Bhosale 5873,9477853815,Chowpatty,bus,6,
Sunita Pawar 5874,9153723822,Parel,bus,1,children in group
Nitin Kadam 5875,9524764713,Kalbadevi,Walk,8,
Meena Salvi 5876,9126479469,,Train,8,
Rekha Shinde 5877,9331548258,Charni Road,Walk,1,
Rekha Shinde 5878,9529056618,Byculla,Bus,1,
Prakash Gaikwad 5879,,Bhoiwada,train,3,
Vaishali Chavan 5880,9620975096,Charni Road,walk,7,
Vaishali Chavan 5881,9833965205,Grant Road,Walk,8,
Ajay Bhosale 5882,9964574317,Lalbaug,Walk,3,carrying idol
Rekha Shinde 5883,9246331049,Girgaon,On foot,3,carrying idol
Ganesh More 5884,9232747446,Parel,train,6,
Vaishali Chavan 5885,9737688102,Charni Road,Walking,2,
Rekha Shinde 5886,9574336125,Byculla,Train,1,
Ajay Bhosale 5887,9178077080,Byculla,train,4,
Meena Salvi 5888,9842751318,Charni Road,On foot,8,
Rekha Shinde 5889,9113729560,Grant Road,Walk,5,
Sunita Pawar 5890,9445548951,Girgaon,Bus,3,
Sunita Pawar 5891,9447423944,Grant Road,walk,,
Ajay Bhosale 5892,9471112109,Lalbaug,bus,7,elderly in group
Meena Salvi 5893,9867793458,,Train,1,
Vaishali Chavan 5894,,Parel,Walk,8,
Rekha Shinde 5895,9412379404,Lalbaug,Walking,7,
Nitin Kadam 5896,9540723016,Dadar,train,6,
Sunita Pawar 5897,9399113401,,Walk,2,
Vaishali Chavan 5898,,Bhoiwada,Walk,6,
Ajay Bhosale 5899,9590041303,Chowpatty,walk,7,
Rekha Shinde 5900,9337043088,Chowpatty,Bus,4,children in group
Meena Salvi 5901,9212763458,Grant Road,Bus,,
,9316041706,Grant Road,Walk,4,
Sunita Pawar 5903,,Chowpatty,Bus,7,
Ajay Bhosale 5904,9279648733,Charni Road,Walk,6,
Nitin Kadam 5905,9281667779,Bhoiwada,train,8,
Ajay Bhosale 5906,9007771361,Byculla,Walk,8,elderly in group
Rekha Shinde 5907,,Grant Road,Walking,6,
Prakash Gaikwad 5908,9217399337,Girgaon,Walk,2,
Rekha Shinde 5909,9496743584,Byculla,bus,2,
Ajay Bhosale 5910,,Chowpatty,walk,3,elderly in group
Ajay Bhosale 5911,,Chowpatty,bus,3,
Meena Salvi 5912,9163841779,Byculla,Walking,8,
Prakash Gaikwad 5913,9911186221,Parel,On foot,5,
Vaishali Chavan 5914,9496312515,Lalbaug,Bus,3,
Ajay Bhosale 5915,9714619812,Byculla,Walk,1,
Rekha Shinde 5916,9516039055,Kalbadevi,Bus,3,
Prakash Gaikwad 5917,9168877168,Byculla,Rail,6,
Ajay Bhosale 5918,9459734984,Kalbadevi,Bus,1,
Vaishali Chavan 5919,9075363676,Chowpatty,On foot,1,
Nitin Kadam 5920,9192124776,Kalbadevi,Walk,7,
Vaishali Chavan 5921,9274831375,Byculla,Walking,1,
Sunita Pawar 5922,9732583098,Chowpatty,Bus,6,
Rekha Shinde 5923,9916274094,Girgaon,Walk,,
Ganesh More 5924,9428938689,Dadar,Train,2,
Sunita Pawar 5925,9295461314,Grant Road,Walk,1,
Vaishali Chavan 5926,9836402157,Bhoiwada,Walk,5,children in group
Vaishali Chavan 5927,9721901669,Charni Road,Walk,5,
Rekha Shinde 5928,,Charni Road,Walk,2,
,9020528030,Girgaon,Walk,,
Nitin Kadam 5930,9203433174,Parel,Walking,1,
Vaishali Chavan 5931,,Byculla,Rail,5,
Ajay Bhosale 5932,9264587406,Girgaon,Rail,2,
Ganesh More 5933,9671053105,Kalbadevi,walk,4,
Ajay Bhosale 5934,9141040336,Chowpatty,walk,,
Vaishali Chavan 5935,9212980908,Dadar,walk,3,elderly in group
Rekha Shinde 5936,9962015509,Lalbaug,bus,5,
,9990354632,Grant Road,Bus,2,
Ganesh More 5938,9096887728,Dadar,walk,3,carrying idol
Sunita Pawar 5939,,Grant Road,bus,,
Ganesh More 5940,9861197169,Dadar,Walk,4,
Prakash Gaikwad 5941,9206007987,Lalbaug,Train,6,
Ajay Bhosale 5942,,Byculla,walk,3,
Ajay Bhosale 5943,9360585565,Charni Road,Walk,7,
Prakash Gaikwad 5944,9728626718,Byculla,Walking,6,
Vaishali Chavan 5945,9202175814,Parel,Rail,4,carrying idol
Meena Salvi 5946,9169836953,,Train,5,
Prakash Gaikwad 5947,,Girgaon,Walk,5,
Rekha Shinde 5948,9427534539,Grant Road,Train,3,
,,,On foot,7,elderly in group
Sunita Pawar 5950,9718928650,,Train,3,
Meena Salvi 5951,9238671909,Dadar,train,2,
Prakash Gaikwad 5952,9785453763,Bhoiwada,Bus,7,
Sunita Pawar 5953,,Lalbaug,Walk,4,
Ganesh More 5954,,Grant Road,Walk,1,carrying idol
Nitin Kadam 5955,9382004980,Byculla,Bus,8,
Ganesh More 5956,,Chowpatty,Walk,5,
Sunita Pawar 5957,9642874741,Charni Road,Walk,5,
Meena Salvi 5958,9836598729,Girgaon,Walk,3,
Rekha Shinde 5959,,Chowpatty,Walk,7,
Sunita Pawar 5960,9434405517,Byculla,train,5,
Vaishali Chavan 5961,,Dadar,Bus,2,
Prakash Gaikwad 5962,9421437158,Bhoiwada,On foot,,
Vaishali Chavan 5963,9287792749,Parel,Train,1,
Prakash Gaikwad 5964,9701888790,Girgaon,bus,5,
Rekha Shinde 5965,9915322986,Kalbadevi,Train,2,
Rekha Shinde 5966,9572509962,Byculla,bus,2,children in group
Prakash Gaikwad 5967,9323263025,Chowpatty,Walk,7,
Vaishali Chavan 5968,9030679265,Charni Road,Walk,3,
Rekha Shinde 5969,9846626733,Byculla,train,5,elderly in group
Ajay Bhosale 5970,9000037843,Chowpatty,Walk,8,
Vaishali Chavan 5971,9408428143,Chowpatty,Other,8,
,9663888948,Grant Road,On foot,4,
Nitin Kadam 5973,9075266337,Bhoiwada,walk,3,
Nitin Kadam 5974,9245739392,Grant Road,Bus,8,children in group
Nitin Kadam 5975,9954083523,Kalbadevi,Bus,5,
Vaishali Chavan 5976,9641995909,Chowpatty,Bus,4,
Ajay Bhosale 5977,9170220114,Girgaon,bus,3,children in group
Rekha Shinde 5978,9029372888,Bhoiwada,Bus,2,
Ajay Bhosale 5979,9466000498,,Bus,6,
Ajay Bhosale 5980,,,Rail,8,
Meena Salvi 5981,9026055038,Charni Road,On foot,6,carrying idol
Rekha Shinde 5982,,Kalbadevi,walk,3,
Ganesh More 5983,9505743480,Byculla,Walk,5,
Vaishali Chavan 5984,9736357422,Kalbadevi,Walk,1,children in group
Meena Salvi 5985,9528117169,Kalbadevi,N/A,4,
Ajay Bhosale 5986,9015627615,Grant Road,Walk,1,carrying idol
Vaishali Chavan 5987,9833354690,Kalbadevi,Bus,2,elderly in group
Sunita Pawar 5988,9350106937,Byculla,Train,8,
Meena Salvi 5989,,Dadar,train,2,
Meena Salvi 5990,9457912844,Chowpatty,walk,7,
Rekha Shinde 5991,9556210492,Girgaon,walk,6,
Ganesh More 5992,9009232826,Dadar,Train,2,
Ganesh More 5993,,Kalbadevi,walk,5,
Ajay Bhosale 5994,9289481664,Girgaon,Rail,2,
Sunita Pawar 5995,9851611473,Chowpatty,walk,6,children in group
Sunita Pawar 5996,9988689745,Charni Road,Walk,8,
,,Grant Road,train,3,
Meena Salvi 5998,9880106755,Grant Road,Walk,4,
Prakash Gaikwad 5999,9490729749,Chowpatty,Walk,7,
Ganesh More 6000,9343726103,Dadar,bus,2,
Sunita Pawar 6001,9290239943,Parel,Local,6,
Ajay Bhosale 6002,9453592686,Parel,Walk,4,
Sunita Pawar 6003,9175775671,Parel,Other,7,
Vaishali Chavan 6004,9908625783,Byculla,train,2,
Meena Salvi 6005,9722683423,Chowpatty,On foot,,
Nitin Kadam 6006,9570534808,Grant Road,Walk,6,
Vaishali Chavan 6007,,Byculla,Walk,,
Sunita Pawar 6008,9417432805,Bhoiwada,Walk,8,
Rekha Shinde 6009,9081681093,Byculla,Train,2,
Prakash Gaikwad 6010,9934058568,Grant Road,Bus,6,
Rekha Shinde 6011,,Byculla,Bus,4,
Rekha Shinde 6012,9649447215,Girgaon,Walk,6,
Nitin Kadam 6013,9431486175,,walk,4,
Nitin Kadam 6014,9117099337,Girgaon,Walk,2,
Meena Salvi 6015,9167924590,Dadar,Walk,,
Rekha Shinde 6016,9641659145,Dadar,Bus,3,
Nitin Kadam 6017,9627915689,Charni Road,bus,3,
Ajay Bhosale 6018,9380262471,Girgaon,BEST,7,
Sunita Pawar 6019,9032737461,Dadar,,8,
Meena Salvi 6020,,Dadar,Walk,,
Ganesh More 6021,9660553044,,Walk,8,
Prakash Gaikwad 6022,,Lalbaug,BEST,5,
Meena Salvi 6023,9872327598,Lalbaug,Train,3,
Sunita Pawar 6024,9098523291,Bhoiwada,Bus,8,
Meena Salvi 6025,9463028486,Grant Road,N/A,5,
Sunita Pawar 6026,9435016901,Lalbaug,Other,2,
Ajay Bhosale 6027,9807252633,Chowpatty,Train,5,elderly in group
Prakash Gaikwad 6028,9139216937,Lalbaug,Rail,,
Prakash Gaikwad 6029,9701699991,Grant Road,bus,8,carrying idol
Prakash Gaikwad 6030,9704168550,Lalbaug,On foot,8,children in group
Vaishali Chavan 6031,9180467395,Kalbadevi,Walk,7,
Sunita Pawar 6032,9386641259,Byculla,Walking,5,carrying idol
Prakash Gaikwad 6033,9726337636,Kalbadevi,Bus,7,
Meena Salvi 6034,9074017279,Parel,bus,4,
Rekha Shinde 6035,9910947817,Bhoiwada,train,6,
Vaishali Chavan 6036,9473457842,Girgaon,Walk,2,
Sunita Pawar 6037,9490873577,Lalbaug,Train,2,
Vaishali Chavan 6038,9538975176,Bhoiwada,Other,5,
Rekha Shinde 6039,,Byculla,Local,4,
Prakash Gaikwad 6040,,Bhoiwada,Walk,2,
Meena Salvi 6041,,Byculla,walk,7,
Sunita Pawar 6042,,Lalbaug,,4,
Sunita Pawar 6043,,Bhoiwada,Bus,2,children in group
Nitin Kadam 6044,9649776950,Kalbadevi,walk,5,
Prakash Gaikwad 6045,,Chowpatty,Walk,6,
Prakash Gaikwad 6046,,Byculla,bus,6,
Sunita Pawar 6047,9273483317,Byculla,walk,8,
Vaishali Chavan 6048,9820915308,Kalbadevi,Train,1,
Sunita Pawar 6049,,Charni Road,Bus,5,
Rekha Shinde 6050,9105504637,Bhoiwada,Walking,5,
,,Bhoiwada,Bus,,
Meena Salvi 6052,9506517583,Grant Road,train,3,children in group
Ajay Bhosale 6053,9580943476,Bhoiwada,walk,6,
Sunita Pawar 6054,,,,4,
Sunita Pawar 6055,9858565266,Parel,Walk,3,carrying idol
Prakash Gaikwad 6056,9923617344,Chowpatty,Walk,1,
Ganesh More 6057,,Grant Road,train,4,children in group
Ajay Bhosale 6058,,Charni Road,Bus,2,
Nitin Kadam 6059,,Kalbadevi,Bus,5,
Vaishali Chavan 6060,,Chowpatty,Walk,6,
Nitin Kadam 6061,9245966657,Kalbadevi,train,3,
Prakash Gaikwad 6062,,Bhoiwada,bus,8,
Sunita Pawar 6063,,Grant Road,Train,8,
Prakash Gaikwad 6064,9967216284,,Train,2,
Sunita Pawar 6065,9923590345,Kalbadevi,,6,
Meena Salvi 6066,,Chowpatty,walk,6,
Vaishali Chavan 6067,9193475594,Girgaon,Walk,,
Sunita Pawar 6068,9208749580,Kalbadevi,Walk,7,
Sunita Pawar 6069,,Bhoiwada,bus,6,
Rekha Shinde 6070,9294261975,Dadar,Walk,,elderly in group
Sunita Pawar 6071,9152239898,Dadar,On foot,1,
Sunita Pawar 6072,9506706560,Chowpatty,Train,7,
Ganesh More 6073,9749379743,,bus,6,
,9701459921,Lalbaug,Walk,2,
Ganesh More 6075,9323602576,Parel,Bus,7,
Nitin Kadam 6076,9687061680,,Local,1,
Meena Salvi 6077,9500815323,Charni Road,walk,8,
Sunita Pawar 6078,9573291940,Dadar,Bus,4,children in group
Rekha Shinde 6079,9355986544,Lalbaug,Walk,3,
Ajay Bhosale 6080,,Girgaon,Train,7,
Prakash Gaikwad 6081,9488929220,Lalbaug,Walk,,
Rekha Shinde 6082,9729048536,Parel,walk,2,
Meena Salvi 6083,,Grant Road,Train,1,
Nitin Kadam 6084,9952647649,,train,2,
Ajay Bhosale 6085,9377310954,Kalbadevi,Bus,1,
Sunita Pawar 6086,,Kalbadevi,walk,5,
Ajay Bhosale 6087,9732682784,Parel,Train,3,carrying idol
Prakash Gaikwad 6088,9019959267,Charni Road,bus,3,
Ajay Bhosale 6089,9829417928,Dadar,bus,4,
Ganesh More 6090,9065109243,Chowpatty,Train,4,
Ajay Bhosale 6091,,Girgaon,Bus,3,
Sunita Pawar 6092,,Dadar,Bus,7,
Prakash Gaikwad 6093,9599645685,Girgaon,train,5,
Prakash Gaikwad 6094,9450529338,Dadar,Walk,7,
Nitin Kadam 6095,,Grant Road,Bus,5,
Meena Salvi 6096,,Girgaon,bus,7,
Nitin Kadam 6097,,Chowpatty,Train,8,
Sunita Pawar 6098,9828009539,Charni Road,Bus,4,
Ajay Bhosale 6099,9374836123,,Train,2,
Prakash Gaikwad 6100,9257316787,Byculla,Walk,5,
Vaishali Chavan 6101,9246658706,Bhoiwada,train,,
Rekha Shinde 6102,9960018736,Charni Road,bus,5,
Meena Salvi 6103,9419748785,Dadar,On foot,2,
Ganesh More 6104,9024615522,Charni Road,walk,,
Nitin Kadam 6105,,Charni Road,On foot,7,
Rekha Shinde 6106,9457366671,Dadar,Train,6,elderly in group
Prakash Gaikwad 6107,9877778848,Lalbaug,Walk,4,
Nitin Kadam 6108,9103129978,Kalbadevi,Rail,7,children in group
Sunita Pawar 6109,9703777919,Bhoiwada,,6,
Sunita Pawar 6110,,Parel,Bus,4,carrying idol
Ganesh More 6111,9543717060,Chowpatty,Bus,8,
Prakash Gaikwad 6112,9392210979,Dadar,On foot,3,
,9074984797,Bhoiwada,Walk,1,
Ajay Bhosale 6114,9084522504,Girgaon,Walk,5,
Prakash Gaikwad 6115,9900956594,Kalbadevi,walk,,
Sunita Pawar 6116,9900770592,Chowpatty,bus,2,
Vaishali Chavan 6117,9793291933,,train,2,
Nitin Kadam 6118,9247339757,Chowpatty,Bus,4,
Ganesh More 6119,9980278459,Byculla,Bus,4,
Ajay Bhosale 6120,9208129696,Grant Road,On foot,2,elderly in group
Vaishali Chavan 6121,9875882483,Byculla,walk,2,
Ganesh More 6122,,Chowpatty,Walk,4,
Rekha Shinde 6123,9650662870,Byculla,Bus,7,
Ajay Bhosale 6124,9565254013,Girgaon,train,2,
Sunita Pawar 6125,9469648280,Dadar,Bus,8,
Ajay Bhosale 6126,9684706089,,Train,6,elderly in group
Ganesh More 6127,,Girgaon,bus,4,carrying idol
Rekha Shinde 6128,9986504393,Girgaon,Rail,5,
Ajay Bhosale 6129,9263789147,Kalbadevi,Walk,1,
Ajay Bhosale 6130,9822270288,Byculla,Walking,1,
Sunita Pawar 6131,9066273741,Grant Road,walk,3,
Rekha Shinde 6132,9156487413,Charni Road,Walk,4,carrying idol
Ganesh More 6133,9264650305,Byculla,train,1,
Meena Salvi 6134,9276661592,Parel,Walking,1,
Sunita Pawar 6135,9041514787,Girgaon,On foot,6,
Vaishali Chavan 6136,,Charni Road,Walk,3,
Vaishali Chavan 6137,,Byculla,Walk,2,
Prakash Gaikwad 6138,9667692857,Byculla,Bus,,elderly in group
Meena Salvi 6139,9891030614,Grant Road,Walk,8,
Prakash Gaikwad 6140,9123687411,Charni Road,On foot,8,
Rekha Shinde 6141,9564148427,Bhoiwada,Train,5,
Ganesh More 6142,,Girgaon,train,7,
,9709878908,Dadar,Bus,3,
Meena Salvi 6144,9104853101,Dadar,walk,3,
Sunita Pawar 6145,9652666574,Parel,Train,3,
,9881038977,Girgaon,walk,7,
Nitin Kadam 6147,9316285442,Dadar,Train,,carrying idol
Ajay Bhosale 6148,9676463615,Charni Road,Walk,8,
Sunita Pawar 6149,9549351797,Charni Road,Train,3,
Ganesh More 6150,,Lalbaug,Walk,4,
Rekha Shinde 6151,9222767367,Dadar,walk,3,
Ajay Bhosale 6152,9882068478,Bhoiwada,train,4,
Meena Salvi 6153,9302028342,,On foot,2,
Sunita Pawar 6154,9856208515,Lalbaug,bus,7,children in group
Ajay Bhosale 6155,9147198416,,Bus,,
Meena Salvi 6156,9587083784,Grant Road,bus,5,
Meena Salvi 6157,,Dadar,walk,,
Meena Salvi 6158,9467980658,Byculla,train,,
Prakash Gaikwad 6159,,Lalbaug,Bus,,
Nitin Kadam 6160,9020158059,Lalbaug,Walk,1,
Nitin Kadam 6161,9998132322,Chowpatty,BEST,2,
Ganesh More 6162,9472285882,Kalbadevi,walk,,
Ajay Bhosale 6163,9731810616,Lalbaug,bus,1,
Ajay Bhosale 6164,9303376475,Byculla,walk,8,
Ajay Bhosale 6165,9053330207,Charni Road,Train,4,carrying idol
Sunita Pawar 6166,9838900259,Lalbaug,Train,6,
Prakash Gaikwad 6167,9915204948,Byculla,Bus,5,
Vaishali Chavan 6168,9169737738,Lalbaug,Bus,3,
,9468674457,Bhoiwada,Walk,7,
Meena Salvi 6170,9337220615,Girgaon,On foot,6,
Rekha Shinde 6171,9878024777,Dadar,walk,2,
Sunita Pawar 6172,9670443007,Girgaon,walk,5,children in group
Vaishali Chavan 6173,9869280995,Dadar,Bus,5,children in group
Ganesh More 6174,,Dadar,Walk,3,
Ajay Bhosale 6175,9150242757,Grant Road,Train,4,children in group
Vaishali Chavan 6176,9030240084,Kalbadevi,,,carrying idol
Ajay Bhosale 6177,9442210360,Girgaon,train,7,
Ajay Bhosale 6178,9430970103,Charni Road,On foot,4,
Ajay Bhosale 6179,,Lalbaug,walk,1,
Nitin Kadam 6180,9522262751,Lalbaug,bus,2,children in group
Ajay Bhosale 6181,,Bhoiwada,Walk,6,children in group
Rekha Shinde 6182,,Girgaon,walk,3,
Ajay Bhosale 6183,9890629788,Chowpatty,train,8,
Vaishali Chavan 6184,9037580365,Girgaon,Bus,5,
Prakash Gaikwad 6185,,,Walk,2,
Vaishali Chavan 6186,9131303124,Grant Road,Train,5,
Meena Salvi 6187,9615238976,Chowpatty,Rail,3,
Rekha Shinde 6188,9027972319,Kalbadevi,bus,4,
Vaishali Chavan 6189,9433463642,Chowpatty,On foot,2,children in group
Rekha Shinde 6190,,Girgaon,walk,8,
Ganesh More 6191,9574408650,Dadar,walk,1,elderly in group
Ajay Bhosale 6192,9363872759,,Train,,
Sunita Pawar 6193,9050262426,Bhoiwada,Walk,3,
Meena Salvi 6194,9357568325,Lalbaug,On foot,8,
Ajay Bhosale 6195,9790879982,Grant Road,Walk,8,
Sunita Pawar 6196,,Parel,Bus,4,
Meena Salvi 6197,9871963921,Girgaon,Rail,5,
Vaishali Chavan 6198,9029573026,Parel,Train,2,
Prakash Gaikwad 6199,9999272269,Bhoiwada,walk,6,
Vaishali Chavan 6200,9720596749,Grant Road,walk,6,
Vaishali Chavan 6201,,Dadar,Walk,2,
Meena Salvi 6202,9543387675,Bhoiwada,Train,7,carrying idol
Vaishali Chavan 6203,9548203905,Bhoiwada,bus,4,
Ajay Bhosale 6204,,Dadar,Train,5,
Meena Salvi 6205,9188009127,Girgaon,BEST,4,
Ajay Bhosale 6206,9463131092,Chowpatty,Bus,5,
Ganesh More 6207,9395450052,Dadar,,7,
Ganesh More 6208,9527183368,Parel,train,8,
Ajay Bhosale 6209,9590950393,Chowpatty,bus,6,
Nitin Kadam 6210,9801512833,Bhoiwada,Rail,,
Prakash Gaikwad 6211,9578363348,Chowpatty,train,,
Meena Salvi 6212,9267622135,Kalbadevi,On foot,5,elderly in group
Rekha Shinde 6213,9918342602,,Train,2,
Ajay Bhosale 6214,9457738390,Chowpatty,Rail,4,children in group
Ganesh More 6215,9331806044,Lalbaug,Other,,
Sunita Pawar 6216,,Parel,walk,2,
Meena Salvi 6217,9011602587,Lalbaug,Bus,1,
Vaishali Chavan 6218,9432818725,Parel,Walk,7,
Prakash Gaikwad 6219,9148416183,Kalbadevi,Train,5,
Prakash Gaikwad 6220,9598807719,Charni Road,On foot,1,
Vaishali Chavan 6221,,Grant Road,Train,3,
Ajay Bhosale 6222,9312642501,,Bus,1,
Sunita Pawar 6223,,Dadar,Train,3,
Prakash Gaikwad 6224,9284954327,Dadar,Bus,7,
Vaishali Chavan 6225,9561393999,Parel,On foot,3,
,9606985288,Parel,walk,3,elderly in group
Meena Salvi 6227,9714849113,Parel,On foot,7,
Nitin Kadam 6228,,Kalbadevi,Train,5,
Rekha Shinde 6229,9064043279,Lalbaug,bus,1,
Meena Salvi 6230,,Grant Road,Bus,2,
Ganesh More 6231,9917372888,Chowpatty,Train,4,
Vaishali Chavan 6232,9008763268,Kalbadevi,bus,6,
Ajay Bhosale 6233,9046650419,Charni Road,train,3,children in group
Nitin Kadam 6234,9325749166,Grant Road,Train,3,
Ganesh More 6235,9504758426,Parel,Walk,2,carrying idol
Ganesh More 6236,,Grant Road,bus,3,carrying idol
Vaishali Chavan 6237,,Bhoiwada,train,,
Ganesh More 6238,9280848858,Kalbadevi,train,6,
Meena Salvi 6239,9312112864,Byculla,On foot,1,
Meena Salvi 6240,9657785513,Dadar,train,6,
Vaishali Chavan 6241,9991830636,Dadar,Bus,,
Ajay Bhosale 6242,9957716422,Girgaon,train,1,
Meena Salvi 6243,9544783781,Bhoiwada,Train,6,
Meena Salvi 6244,,,walk,8,
Ganesh More 6245,9054210878,Charni Road,Bus,1,elderly in group
Ganesh More 6246,9480447205,Chowpatty,bus,7,
Ajay Bhosale 6247,9131735763,Kalbadevi,Bus,8,
Meena Salvi 6248,9268160411,Lalbaug,Bus,4,
Prakash Gaikwad 6249,9199703882,Grant Road,bus,2,carrying idol
Vaishali Chavan 6250,9745857104,Charni Road,walk,6,
Meena Salvi 6251,9695830830,Bhoiwada,Train,1,
Prakash Gaikwad 6252,9175794795,Lalbaug,train,6,children in group
Rekha Shinde 6253,9883916237,Charni Road,On foot,8,
Rekha Shinde 6254,9433962387,Chowpatty,walk,5,children in group
Nitin Kadam 6255,9435949699,Bhoiwada,Train,1,
Meena Salvi 6256,9806695387,Parel,Train,2,
Sunita Pawar 6257,9426978549,Bhoiwada,Train,4,elderly in group
Ajay Bhosale 6258,9405267926,Lalbaug,Train,5,
Rekha Shinde 6259,,Lalbaug,walk,2,
Vaishali Chavan 6260,9531180814,Dadar,Train,,
Prakash Gaikwad 6261,9083941670,Kalbadevi,Train,3,
Rekha Shinde 6262,9266121300,Girgaon,Bus,1,
Nitin Kadam 6263,9527888141,Charni Road,walk,7,
Sunita Pawar 6264,9107574040,Byculla,Walk,8,
Vaishali Chavan 6265,9964169621,Chowpatty,Walk,5,
Rekha Shinde 6266,9525410647,Charni Road,Walking,1,
Ganesh More 6267,9107502516,Lalbaug,bus,3,
Nitin Kadam 6268,,,walk,7,
Prakash Gaikwad 6269,9523518081,Girgaon,Rail,4,
Prakash Gaikwad 6270,9768340563,Parel,Train,3,
Meena Salvi 6271,9542874056,Grant Road,Bus,,
Ajay Bhosale 6272,9547233647,Chowpatty,Walk,,
Nitin Kadam 6273,9949353100,Byculla,Bus,1,
Nitin Kadam 6274,,Parel,Bus,6,
Sunita Pawar 6275,,Grant Road,Walk,6,
Vaishali Chavan 6276,9024308392,Lalbaug,Walk,8,
Meena Salvi 6277,9484178680,Lalbaug,Walk,5,
Ganesh More 6278,,Charni Road,Train,5,
Sunita Pawar 6279,9581580316,Bhoiwada,Train,1,
Rekha Shinde 6280,9415160047,Lalbaug,Train,6,
Nitin Kadam 6281,,Byculla,On foot,1,elderly in group
Rekha Shinde 6282,9987643106,Kalbadevi,Walk,7,
Meena Salvi 6283,9300171144,Parel,Train,,
Ajay Bhosale 6284,9596120523,Chowpatty,train,1,children in group
Meena Salvi 6285,9623221086,Grant Road,Walk,7,
Nitin Kadam 6286,9431916800,Chowpatty,Bus,4,
Rekha Shinde 6287,9101639886,Dadar,Walk,2,
Meena Salvi 6288,9943036081,Dadar,train,4,
Sunita Pawar 6289,9599119167,Lalbaug,Train,7,
Prakash Gaikwad 6290,9555267517,Byculla,Train,2,
Rekha Shinde 6291,,Parel,,3,
Prakash Gaikwad 6292,9572357485,Grant Road,train,1,
Ganesh More 6293,9666083481,Chowpatty,Walk,4,
Nitin Kadam 6294,9651700851,Chowpatty,bus,8,
Ajay Bhosale 6295,9612118959,Chowpatty,Walk,7,elderly in group
Meena Salvi 6296,9702146147,,Train,8,
Prakash Gaikwad 6297,9860800574,Chowpatty,walk,7,elderly in group
Ganesh More 6298,9318510697,Dadar,Train,2,children in group
Ajay Bhosale 6299,,Kalbadevi,Train,,
Meena Salvi 6300,9037165849,Bhoiwada,On foot,2,elderly in group
Ajay Bhosale 6301,9266733996,Byculla,walk,5,
Sunita Pawar 6302,9438155097,Parel,Bus,8,
Ganesh More 6303,9041184280,Girgaon,Train,3,
Ajay Bhosale 6304,9492726860,Grant Road,Walk,5,children in group
Ganesh More 6305,9981421344,Charni Road,Walk,2,
Ganesh More 6306,,Parel,Bus,6,
Vaishali Chavan 6307,,Lalbaug,Walk,5,
Nitin Kadam 6308,9965569507,Byculla,bus,7,
Prakash Gaikwad 6309,9457818240,Grant Road,Bus,7,
Rekha Shinde 6310,9898775076,Lalbaug,Train,3,
Rekha Shinde 6311,9897233694,Grant Road,bus,4,carrying idol
Sunita Pawar 6312,,Girgaon,walk,7,
Sunita Pawar 6313,,Byculla,Walk,7,
Vaishali Chavan 6314,,Dadar,Train,,
Ganesh More 6315,9017739483,,Bus,6,
Prakash Gaikwad 6316,9462752165,Charni Road,Bus,7,
Sunita Pawar 6317,9405707452,Dadar,Train,4,carrying idol
Vaishali Chavan 6318,9915635586,Bhoiwada,On foot,,
Prakash Gaikwad 6319,9971431331,Dadar,Walk,4,
Nitin Kadam 6320,9356874771,Bhoiwada,bus,4,carrying idol
Ajay Bhosale 6321,9436267445,Parel,Walk,7,
Ajay Bhosale 6322,9869298962,Parel,Train,5,
Rekha Shinde 6323,9692616821,Grant Road,On foot,6,
Rekha Shinde 6324,9614707919,Charni Road,walk,8,
Vaishali Chavan 6325,9171573353,Bhoiwada,Bus,6,
Nitin Kadam 6326,9848393867,Bhoiwada,BEST,5,elderly in group
Rekha Shinde 6327,9033783552,Girgaon,Bus,5,elderly in group
Nitin Kadam 6328,,Lalbaug,Bus,,elderly in group
Rekha Shinde 6329,9759600713,Charni Road,Bus,2,elderly in group
Sunita Pawar 6330,9464656479,Charni Road,On foot,7,
Vaishali Chavan 6331,9531498862,Parel,walk,7,
Rekha Shinde 6332,9117648690,Chowpatty,bus,,
Nitin Kadam 6333,9272862127,,walk,1,
,9499040970,Bhoiwada,Local,5,
Rekha Shinde 6335,9746650945,Lalbaug,Bus,8,
Vaishali Chavan 6336,9899044814,Girgaon,walk,1,carrying idol
Nitin Kadam 6337,9119094388,Charni Road,Train,8,
Meena Salvi 6338,9024745152,Bhoiwada,train,7,
Meena Salvi 6339,9161915712,Kalbadevi,Bus,5,elderly in group
Sunita Pawar 6340,9733647928,Grant Road,Train,7,
Prakash Gaikwad 6341,,Dadar,bus,5,
Ganesh More 6342,9022587975,Lalbaug,Walk,1,
Prakash Gaikwad 6343,9824634441,Byculla,walk,1,
Vaishali Chavan 6344,9859717734,Bhoiwada,walk,2,
Sunita Pawar 6345,9243562289,Byculla,Walk,,carrying idol
Vaishali Chavan 6346,9816841360,Byculla,Train,2,
Prakash Gaikwad 6347,9353091476,Byculla,Walk,8,elderly in group
Sunita Pawar 6348,9577039878,Kalbadevi,Walk,6,carrying idol
Vaishali Chavan 6349,9988571342,Grant Road,Bus,,
Nitin Kadam 6350,9056901906,Parel,Bus,8,elderly in group
Ganesh More 6351,9366122096,Chowpatty,Train,4,
Ajay Bhosale 6352,9590853975,Girgaon,Walk,5,
Rekha Shinde 6353,9838885902,Grant Road,Walking,5,
Nitin Kadam 6354,9657821008,Bhoiwada,Bus,2,elderly in group
Prakash Gaikwad 6355,9217952242,Kalbadevi,,2,
Nitin Kadam 6356,9856441441,,Train,4,
Prakash Gaikwad 6357,9527084235,Byculla,Rail,8,
Sunita Pawar 6358,9633901361,Girgaon,Train,8,
Vaishali Chavan 6359,9078749082,Charni Road,Bus,4,carrying idol
Prakash Gaikwad 6360,9111183057,Parel,train,5,
Nitin Kadam 6361,9082805225,,walk,,
Ajay Bhosale 6362,9743062512,Bhoiwada,train,7,
Sunita Pawar 6363,9902555159,Girgaon,bus,,children in group
Prakash Gaikwad 6364,,Dadar,walk,2,carrying idol
Meena Salvi 6365,9348604279,Dadar,train,4,carrying idol
Sunita Pawar 6366,9306402523,Grant Road,BEST,2,
Ganesh More 6367,9206875273,Kalbadevi,Walk,6,
Vaishali Chavan 6368,9873835198,Charni Road,Train,4,children in group
Sunita Pawar 6369,9462767573,,walk,5,elderly in group
Prakash Gaikwad 6370,,Girgaon,On foot,8,carrying idol
Prakash Gaikwad 6371,9667343068,Lalbaug,Walk,5,
Ajay Bhosale 6372,9127022325,Kalbadevi,Local,,
Ganesh More 6373,9271029561,Charni Road,Walk,7,
Nitin Kadam 6374,,Byculla,Train,2,carrying idol
Vaishali Chavan 6375,,Byculla,Train,,
,9632992600,Girgaon,Walk,6,
Prakash Gaikwad 6377,9607582394,Kalbadevi,walk,,
Nitin Kadam 6378,9375093202,Parel,Walk,,
Vaishali Chavan 6379,,Dadar,train,3,
,9556818835,Grant Road,Walk,3,carrying idol
Ajay Bhosale 6381,9744606159,Parel,walk,3,
Prakash Gaikwad 6382,9963903154,Chowpatty,Train,7,children in group
Prakash Gaikwad 6383,9333590368,,Bus,3,
Ajay Bhosale 6384,,,Bus,3,
Nitin Kadam 6385,9042003386,Grant Road,Other,8,
Ajay Bhosale 6386,9310829802,Girgaon,Bus,,
Ajay Bhosale 6387,9048762980,Charni Road,BEST,8,
Prakash Gaikwad 6388,9512847259,Grant Road,On foot,3,
Nitin Kadam 6389,,,Bus,8,
Nitin Kadam 6390,9860122852,Charni Road,Walk,1,children in group
Sunita Pawar 6391,9447936873,Byculla,Walk,7,
Vaishali Chavan 6392,9498915111,Kalbadevi,bus,3,carrying idol
Prakash Gaikwad 6393,9688173392,Bhoiwada,train,2,
Ajay Bhosale 6394,9611421489,Grant Road,walk,1,
Rekha Shinde 6395,,Parel,walk,8,carrying idol
Ajay Bhosale 6396,9463123982,Grant Road,Walk,1,
Nitin Kadam 6397,9316947006,Kalbadevi,train,2,
Ganesh More 6398,9991057704,Bhoiwada,Walk,2,
Sunita Pawar 6399,9751536736,Girgaon,Bus,5,
Prakash Gaikwad 6400,9631335499,Grant Road,Walk,1,
Nitin Kadam 6401,9324256209,Chowpatty,N/A,8,
Ganesh More 6402,,Kalbadevi,bus,1,
Sunita Pawar 6403,9992810067,Charni Road,Walk,8,
Sunita Pawar 6404,9561523429,Bhoiwada,walk,7,
Prakash Gaikwad 6405,9240671346,Chowpatty,walk,7,
Sunita Pawar 6406,9167431746,Kalbadevi,Walk,5,
Sunita Pawar 6407,9582031511,Girgaon,bus,3,carrying idol
Meena Salvi 6408,9697879696,Byculla,N/A,7,
Ganesh More 6409,9220798318,Grant Road,Walk,,
Rekha Shinde 6410,9385833896,Parel,Walk,4,
Vaishali Chavan 6411,9924819812,Kalbadevi,walk,,
Rekha Shinde 6412,9135839027,Dadar,train,6,carrying idol
Ajay Bhosale 6413,9041703244,Dadar,Bus,6,carrying idol
Vaishali Chavan 6414,9733703244,Girgaon,train,2,
Rekha Shinde 6415,9884598175,Kalbadevi,Walk,5,
Nitin Kadam 6416,9373139914,Dadar,Walk,7,
Vaishali Chavan 6417,9434647022,Kalbadevi,train,5,
Meena Salvi 6418,9692133397,Kalbadevi,train,5,
Ganesh More 6419,9516282318,Chowpatty,bus,4,
Meena Salvi 6420,9301406796,Girgaon,Other,4,children in group
Prakash Gaikwad 6421,9951395816,Charni Road,bus,2,children in group
Nitin Kadam 6422,9248239009,Chowpatty,Bus,1,
Ganesh More 6423,9289390048,Byculla,Train,2,
Sunita Pawar 6424,9836625800,Kalbadevi,N/A,1,children in group
Nitin Kadam 6425,9478376558,Grant Road,Rail,6,
Ajay Bhosale 6426,9188083567,Byculla,train,5,
Ganesh More 6427,9279593197,Bhoiwada,Other,3,carrying idol
,9841476939,Bhoiwada,Walk,8,children in group
Ganesh More 6429,,Charni Road,Bus,7,
Meena Salvi 6430,9426528370,Parel,Bus,,children in group
Rekha Shinde 6431,9706686515,Parel,bus,6,carrying idol
Ganesh More 6432,9286831808,Charni Road,Train,3,
Ajay Bhosale 6433,9929675873,Lalbaug,Train,6,
Meena Salvi 6434,9534319282,Grant Road,,1,
Sunita Pawar 6435,,Parel,walk,6,
Meena Salvi 6436,9730833535,Bhoiwada,Train,6,
Prakash Gaikwad 6437,9649011923,Dadar,Walk,4,
Vaishali Chavan 6438,9310532538,Parel,Bus,4,
Meena Salvi 6439,9172701093,Chowpatty,Train,,
Ajay Bhosale 6440,9587196274,Byculla,bus,2,
Ajay Bhosale 6441,,Lalbaug,Walking,1,
Sunita Pawar 6442,9908921089,Charni Road,Bus,5,
Prakash Gaikwad 6443,9294671874,Byculla,Walk,5,
Ganesh More 6444,,Girgaon,Bus,2,
Ganesh More 6445,9948688257,Lalbaug,Train,3,elderly in group
Meena Salvi 6446,9473019866,Parel,Train,5,
Nitin Kadam 6447,9388671788,Grant Road,Train,4,
Meena Salvi 6448,,Grant Road,Train,6,
Ganesh More 6449,9641655788,,On foot,1,
Sunita Pawar 6450,9736499279,Kalbadevi,Walk,5,carrying idol
Meena Salvi 6451,9831945198,Girgaon,Train,3,
Meena Salvi 6452,9301470766,Bhoiwada,Local,2,
Nitin Kadam 6453,,,Train,4,elderly in group
Nitin Kadam 6454,9955567456,Charni Road,train,3,
Vaishali Chavan 6455,,Charni Road,Train,2,
Prakash Gaikwad 6456,,Parel,walk,8,
Prakash Gaikwad 6457,9235274892,Girgaon,Local,5,
Ganesh More 6458,,Parel,Walk,2,
Ganesh More 6459,9781769217,,train,3,
Rekha Shinde 6460,,Charni Road,Train,2,
Rekha Shinde 6461,9817471818,Dadar,Bus,6,
Meena Salvi 6462,9754988634,Girgaon,Train,,
Ganesh More 6463,,Parel,Bus,6,
Prakash Gaikwad 6464,,Bhoiwada,bus,,
Rekha Shinde 6465,9039400876,Parel,Walk,6,
Ganesh More 6466,9387678985,Grant Road,bus,2,
Nitin Kadam 6467,9771434069,,Walk,4,
Nitin Kadam 6468,9456080170,Byculla,BEST,6,carrying idol
Nitin Kadam 6469,,Parel,On foot,5,elderly in group
Ganesh More 6470,9047772926,Grant Road,N/A,2,
Rekha Shinde 6471,9448201812,Charni Road,Local,5,
Ganesh More 6472,,Dadar,Walk,3,
Vaishali Chavan 6473,9670995559,Girgaon,Bus,8,
Meena Salvi 6474,9777338935,Grant Road,train,5,
Vaishali Chavan 6475,9585957714,Parel,Walk,8,
Ganesh More 6476,9563561174,,Bus,3,
Rekha Shinde 6477,9674036769,Bhoiwada,Walk,4,
Sunita Pawar 6478,9558005006,Charni Road,Walk,5,
Sunita Pawar 6479,,Bhoiwada,Local,2,
Ganesh More 6480,9002965438,,bus,3,
Ajay Bhosale 6481,,Lalbaug,walk,1,
Vaishali Chavan 6482,,Grant Road,Train,8,
Rekha Shinde 6483,9096989003,Girgaon,Walk,7,
Prakash Gaikwad 6484,,Lalbaug,walk,5,carrying idol
Rekha Shinde 6485,9103195352,Charni Road,Walk,6,
Vaishali Chavan 6486,9869969154,Girgaon,Local,7,
Ganesh More 6487,,Byculla,walk,8,elderly in group
Nitin Kadam 6488,,Chowpatty,N/A,5,carrying idol
Rekha Shinde 6489,9673460189,Girgaon,Walk,6,carrying idol
Prakash Gaikwad 6490,9329081596,Parel,On foot,,elderly in group
Ganesh More 6491,9221304248,Byculla,walk,,
Meena Salvi 6492,9018832051,Grant Road,,4,
Prakash Gaikwad 6493,9803386108,Kalbadevi,Train,8,
Sunita Pawar 6494,9180628524,Kalbadevi,Walk,4,
Meena Salvi 6495,9730341389,Dadar,Train,1,
,9694298781,Bhoiwada,Walk,5,
Meena Salvi 6497,9941356021,Dadar,Walk,3,
Ajay Bhosale 6498,9103564528,Charni Road,Walk,,
Ganesh More 6499,9077572428,Byculla,walk,5,
Meena Salvi 6500,9702084163,Bhoiwada,Walk,8,
Rekha Shinde 6501,9701372077,Dadar,Walk,7,
Ajay Bhosale 6502,,Bhoiwada,bus,1,
Prakash Gaikwad 6503,9074012482,Byculla,Walk,,
Prakash Gaikwad 6504,,Charni Road,Bus,2,children in group
Meena Salvi 6505,,Byculla,,3,
Sunita Pawar 6506,9097619337,Dadar,train,,
Sunita Pawar 6507,9806738777,Chowpatty,Walk,6,
Ajay Bhosale 6508,9049028753,Dadar,Walking,,
Vaishali Chavan 6509,9707939087,Dadar,On foot,7,
Rekha Shinde 6510,9308835875,Dadar,Train,6,
Sunita Pawar 6511,9911044358,Bhoiwada,Walk,,elderly in group
Meena Salvi 6512,9890570953,Byculla,train,8,
Sunita Pawar 6513,,Grant Road,Bus,,
Nitin Kadam 6514,9480256341,Kalbadevi,On foot,7,
Ganesh More 6515,9424927450,Bhoiwada,Bus,6,
Prakash Gaikwad 6516,9796696523,Byculla,Train,,
Ganesh More 6517,9396000767,Grant Road,Walk,6,children in group
Prakash Gaikwad 6518,9266321717,Grant Road,Train,,children in group
Sunita Pawar 6519,9892877640,Girgaon,Train,2,
Vaishali Chavan 6520,,Charni Road,Train,6,
Nitin Kadam 6521,9970841907,Lalbaug,Train,5,
Vaishali Chavan 6522,9722571823,Parel,Bus,4,
Vaishali Chavan 6523,9244328441,Chowpatty,Walk,4,
Sunita Pawar 6524,9808296474,Grant Road,bus,1,carrying idol
Sunita Pawar 6525,9649709993,Chowpatty,Walk,5,
Nitin Kadam 6526,9835521450,Girgaon,Walk,5,elderly in group
Sunita Pawar 6527,9571722049,Grant Road,Train,2,
,,Grant Road,Walking,1,
Nitin Kadam 6529,9079950442,Kalbadevi,walk,3,
Meena Salvi 6530,9103201173,Parel,Walk,6,
Prakash Gaikwad 6531,9954415156,Charni Road,walk,2,
Meena Salvi 6532,9524439184,Dadar,Train,6,
Rekha Shinde 6533,9192772132,Parel,Bus,3,
Nitin Kadam 6534,,Charni Road,Train,,
Prakash Gaikwad 6535,9932578423,Charni Road,Bus,7,children in group
Meena Salvi 6536,,Girgaon,bus,7,
Ganesh More 6537,9747350351,Bhoiwada,Train,8,
Prakash Gaikwad 6538,9626771670,Parel,train,,
Rekha Shinde 6539,9035944239,Charni Road,walk,,
Nitin Kadam 6540,9766327562,Kalbadevi,On foot,3,children in group
Meena Salvi 6541,9530764768,Byculla,Walk,6,
Ganesh More 6542,,Dadar,Bus,6,
Sunita Pawar 6543,9626397144,Bhoiwada,Train,7,
Vaishali Chavan 6544,9265665651,,On foot,,
Vaishali Chavan 6545,9727628219,Charni Road,Bus,3,
Prakash Gaikwad 6546,9687348708,Chowpatty,Walk,6,
Ganesh More 6547,9589797871,Kalbadevi,Bus,2,
Ajay Bhosale 6548,,Lalbaug,Walk,3,
Sunita Pawar 6549,,Dadar,Train,4,carrying idol
Vaishali Chavan 6550,9672693175,Dadar,train,6,
Ganesh More 6551,9888799970,Grant Road,Train,4,
Rekha Shinde 6552,,Girgaon,Bus,,
Sunita Pawar 6553,,Lalbaug,walk,2,
Vaishali Chavan 6554,,Bhoiwada,Walk,6,
Meena Salvi 6555,,Byculla,Bus,6,
Rekha Shinde 6556,9260013089,Bhoiwada,Walk,6,children in group
Rekha Shinde 6557,9602009999,Lalbaug,Train,,
Ganesh More 6558,9679881765,Girgaon,walk,4,
Nitin Kadam 6559,9158437808,Grant Road,Walk,,
Nitin Kadam 6560,9537106569,Lalbaug,Walk,8,
Nitin Kadam 6561,,Kalbadevi,Walk,3,
Meena Salvi 6562,9473355192,Bhoiwada,walk,5,
Prakash Gaikwad 6563,9841422424,Parel,On foot,1,
Prakash Gaikwad 6564,9565125472,Lalbaug,walk,4,
Ajay Bhosale 6565,9228660706,Chowpatty,walk,3,
Ganesh More 6566,9247663581,Kalbadevi,Walk,4,
Ajay Bhosale 6567,,Bhoiwada,Train,2,
Sunita Pawar 6568,9117206023,Charni Road,Walk,5,
Ganesh More 6569,,Chowpatty,,2,
Rekha Shinde 6570,9135306046,Kalbadevi,train,2,
Nitin Kadam 6571,,Chowpatty,train,2,
Meena Salvi 6572,,Chowpatty,Bus,3,
Vaishali Chavan 6573,,Parel,Train,4,carrying idol
Prakash Gaikwad 6574,9602744843,Kalbadevi,Walk,1,
Vaishali Chavan 6575,9962553610,Dadar,Bus,6,
Nitin Kadam 6576,9427629675,Parel,Train,6,
Ganesh More 6577,,Lalbaug,Train,6,
Ganesh More 6578,,Girgaon,Walk,4,elderly in group
Sunita Pawar 6579,,Grant Road,Bus,6,
Vaishali Chavan 6580,9463111704,Kalbadevi,On foot,1,children in group
Ganesh More 6581,,Bhoiwada,Walking,7,carrying idol
Vaishali Chavan 6582,,Bhoiwada,Walk,3,
Meena Salvi 6583,9516648427,Kalbadevi,train,5,
Ganesh More 6584,9819952873,Parel,walk,8,
Prakash Gaikwad 6585,9582439527,Kalbadevi,walk,7,
Sunita Pawar 6586,9618225141,Charni Road,Train,8,
Nitin Kadam 6587,9734286017,Girgaon,walk,4,
Meena Salvi 6588,9552566489,Girgaon,Walk,3,
Vaishali Chavan 6589,9898955624,Byculla,bus,1,
Vaishali Chavan 6590,9950797337,Girgaon,bus,1,
Vaishali Chavan 6591,9470823209,Byculla,walk,4,
Rekha Shinde 6592,9174750581,Bhoiwada,Bus,6,
Prakash Gaikwad 6593,9591711848,Grant Road,train,2,
Prakash Gaikwad 6594,9153417146,Parel,Train,1,
Prakash Gaikwad 6595,,,Train,,children in group
Prakash Gaikwad 6596,,Parel,walk,,
Sunita Pawar 6597,9442868906,Lalbaug,Bus,7,
Ajay Bhosale 6598,9552162243,Lalbaug,train,3,
Ganesh More 6599,9113705899,,Walk,3,
Sunita Pawar 6600,9796318747,Bhoiwada,Rail,7,elderly in group
Meena Salvi 6601,9559557863,Dadar,Train,,
Nitin Kadam 6602,9799983863,Kalbadevi,walk,,
Ganesh More 6603,9963067969,Lalbaug,Walk,,
Nitin Kadam 6604,,Dadar,Bus,7,
Vaishali Chavan 6605,9523924930,Girgaon,On foot,6,
Ganesh More 6606,9475658300,Chowpatty,Train,,
Meena Salvi 6607,,Charni Road,Bus,4,
Rekha Shinde 6608,9279291844,Charni Road,Walk,7,
Rekha Shinde 6609,9862639452,Byculla,Walk,6,
Rekha Shinde 6610,,Girgaon,train,5,
Ganesh More 6611,9685017926,Lalbaug,Bus,7,
Vaishali Chavan 6612,9596150173,Dadar,Train,2,
Rekha Shinde 6613,,Bhoiwada,Walk,6,
Ajay Bhosale 6614,9020374849,Charni Road,Train,5,
Rekha Shinde 6615,,Byculla,walk,3,
Meena Salvi 6616,9805549578,Charni Road,Walk,7,
Vaishali Chavan 6617,9924789107,Byculla,Walk,5,
Meena Salvi 6618,9481661663,Grant Road,Walk,4,
Meena Salvi 6619,,Grant Road,bus,,
Prakash Gaikwad 6620,9436673196,Kalbadevi,Bus,1,
Ajay Bhosale 6621,9418340331,Lalbaug,Walk,3,
Vaishali Chavan 6622,9438333613,Lalbaug,Bus,4,
Meena Salvi 6623,9860184494,Lalbaug,On foot,1,children in group
Ajay Bhosale 6624,9496164592,Byculla,train,3,elderly in group
Ganesh More 6625,9860801614,Byculla,Walk,,
Ganesh More 6626,9910639390,Parel,Local,6,
Meena Salvi 6627,9658663933,Girgaon,BEST,7,
Meena Salvi 6628,9032492917,Kalbadevi,Walk,3,
Rekha Shinde 6629,,Bhoiwada,Bus,2,
Prakash Gaikwad 6630,,Lalbaug,BEST,,
Nitin Kadam 6631,,Kalbadevi,Rail,6,
Ajay Bhosale 6632,9774801397,Girgaon,Rail,6,
Meena Salvi 6633,9463449841,Chowpatty,,8,
Vaishali Chavan 6634,9985008353,Parel,Local,6,
Vaishali Chavan 6635,,Parel,Bus,3,
Rekha Shinde 6636,9491063842,Charni Road,Walk,2,
Ajay Bhosale 6637,,Charni Road,Other,8,carrying idol
,,Kalbadevi,Walk,2,
Rekha Shinde 6639,9364057943,Charni Road,Walk,5,
Rekha Shinde 6640,9127937828,Parel,train,5,
Ajay Bhosale 6641,9405344607,Charni Road,walk,7,carrying idol
Ganesh More 6642,,Kalbadevi,Walk,4,
Meena Salvi 6643,,Grant Road,Walk,4,
Prakash Gaikwad 6644,9877036367,Chowpatty,Rail,1,elderly in group
Rekha Shinde 6645,9233974261,Charni Road,Train,1,carrying idol
Ajay Bhosale 6646,9094642597,Byculla,,,
Meena Salvi 6647,9451694816,Parel,Local,2,children in group
Prakash Gaikwad 6648,9640353355,Byculla,walk,5,carrying idol
Prakash Gaikwad 6649,9421116421,Grant Road,walk,4,carrying idol
Prakash Gaikwad 6650,9269384638,Girgaon,Walk,4,children in group
Rekha Shinde 6651,9952042824,Parel,Walk,5,
Ganesh More 6652,9009893492,Grant Road,Walk,4,elderly in group
Ajay Bhosale 6653,9336924158,Dadar,Bus,6,
Meena Salvi 6654,9381440276,Chowpatty,train,5,children in group
Prakash Gaikwad 6655,,Lalbaug,BEST,2,children in group
Rekha Shinde 6656,9483375946,Charni Road,Walk,3,
Rekha Shinde 6657,9329574745,Chowpatty,walk,8,
,9469432262,Girgaon,Walk,7,elderly in group
Vaishali Chavan 6659,9520812917,Chowpatty,bus,3,
Sunita Pawar 6660,,Lalbaug,On foot,6,
Sunita Pawar 6661,9045121906,Lalbaug,walk,3,
Rekha Shinde 6662,9648760341,Lalbaug,bus,8,
Ganesh More 6663,9276310858,Dadar,Walk,1,children in group
Ganesh More 6664,,Kalbadevi,walk,8,
Meena Salvi 6665,9528802725,Lalbaug,Local,3,
,9219811082,Charni Road,Train,8,
Vaishali Chavan 6667,9339214478,Bhoiwada,Train,3,carrying idol
Vaishali Chavan 6668,9201692627,Bhoiwada,bus,4,
Vaishali Chavan 6669,9632202312,Byculla,walk,4,carrying idol
Prakash Gaikwad 6670,,Parel,Walk,2,
Vaishali Chavan 6671,9707316639,Kalbadevi,train,4,children in group
Meena Salvi 6672,9038361670,Charni Road,Walking,6,
Sunita Pawar 6673,9724061739,Grant Road,Bus,6,
Rekha Shinde 6674,9897834314,Kalbadevi,bus,2,
Rekha Shinde 6675,9724353260,Dadar,Bus,,
Rekha Shinde 6676,9334088057,Byculla,Bus,1,
Rekha Shinde 6677,9028983686,Kalbadevi,Train,3,
Prakash Gaikwad 6678,,Grant Road,Walk,6,children in group
Ganesh More 6679,,Kalbadevi,Walk,2,elderly in group
Ganesh More 6680,,Parel,BEST,2,
Meena Salvi 6681,9622755952,Parel,Train,2,
Meena Salvi 6682,9621573792,,walk,2,children in group
Vaishali Chavan 6683,9418766083,Bhoiwada,Walk,3,children in group
Vaishali Chavan 6684,9551877941,Parel,Walk,4,
Sunita Pawar 6685,9264091226,Parel,Rail,5,
Prakash Gaikwad 6686,9999742469,Parel,Other,2,
Sunita Pawar 6687,9625363750,Parel,Walk,3,
Vaishali Chavan 6688,9001476898,Chowpatty,Walk,,
Vaishali Chavan 6689,9371826754,Grant Road,Walk,1,
Vaishali Chavan 6690,9930490864,Dadar,bus,6,
Sunita Pawar 6691,9707900074,Charni Road,Walk,2,
Nitin Kadam 6692,9490944261,Lalbaug,Walk,,
Ajay Bhosale 6693,9018008843,Lalbaug,On foot,4,
Ganesh More 6694,9230890342,Charni Road,Train,5,
Ajay Bhosale 6695,9803326713,Kalbadevi,Train,3,
Vaishali Chavan 6696,9767369643,Byculla,Walk,4,
,9356086966,Charni Road,walk,4,
Nitin Kadam 6698,9406038908,Charni Road,Walk,,
Nitin Kadam 6699,9821674314,Chowpatty,On foot,4,
Nitin Kadam 6700,9382998177,Byculla,Walk,8,
Ajay Bhosale 6701,9721149186,Parel,Other,7,
Rekha Shinde 6702,9612364924,Charni Road,Walk,6,
Vaishali Chavan 6703,9422021715,Charni Road,bus,7,
Sunita Pawar 6704,9674006771,Byculla,Train,1,
Meena Salvi 6705,9702577666,Bhoiwada,Walk,4,elderly in group
Sunita Pawar 6706,9522518996,Dadar,bus,3,
Nitin Kadam 6707,9763437988,Dadar,walk,7,
Meena Salvi 6708,,,walk,,
Sunita Pawar 6709,,Lalbaug,On foot,3,
Meena Salvi 6710,,Charni Road,train,7,
Sunita Pawar 6711,,Parel,On foot,1,
Rekha Shinde 6712,9468103656,Bhoiwada,Walk,2,
Prakash Gaikwad 6713,9632479864,Dadar,walk,1,
Prakash Gaikwad 6714,9472721699,Girgaon,Train,7,
Rekha Shinde 6715,9315564797,Parel,Walk,6,
Meena Salvi 6716,9374790055,Girgaon,Walk,3,
Ganesh More 6717,9369380810,Bhoiwada,Bus,,
,9063354050,Lalbaug,Bus,1,elderly in group
Prakash Gaikwad 6719,9908508393,Girgaon,Walk,1,
Sunita Pawar 6720,9481181586,Bhoiwada,Walk,5,
,9132452156,Charni Road,Walk,7,
Vaishali Chavan 6722,9513845886,Parel,Walk,5,
Rekha Shinde 6723,9887113841,Chowpatty,Bus,2,
Vaishali Chavan 6724,9699754624,Parel,train,5,
Meena Salvi 6725,9102780143,Girgaon,BEST,1,
Ajay Bhosale 6726,9882319381,Dadar,Walk,2,
Vaishali Chavan 6727,9206200554,Kalbadevi,On foot,4,
Sunita Pawar 6728,9470128484,Grant Road,Local,5,
Vaishali Chavan 6729,9826696693,Byculla,Walk,1,
Ganesh More 6730,9396074347,Kalbadevi,train,6,
Rekha Shinde 6731,9675943050,Chowpatty,Rail,6,
Rekha Shinde 6732,9722768658,Parel,Train,7,
Nitin Kadam 6733,9753119071,Chowpatty,train,7,
Vaishali Chavan 6734,9047232110,Kalbadevi,Walk,3,
Prakash Gaikwad 6735,9652379374,Parel,Walk,6,
Nitin Kadam 6736,,Bhoiwada,Train,5,
Meena Salvi 6737,9480631788,Charni Road,Walk,8,
Ganesh More 6738,9258110948,Girgaon,walk,7,
Prakash Gaikwad 6739,9298888704,Bhoiwada,Train,6,
Ganesh More 6740,9206653201,Byculla,Walk,4,children in group
Rekha Shinde 6741,,Kalbadevi,Train,5,
Ajay Bhosale 6742,9790409328,Kalbadevi,Train,3,
Ganesh More 6743,9493052218,Byculla,walk,6,
Rekha Shinde 6744,9856201465,Parel,train,5,
Ganesh More 6745,,Chowpatty,Train,3,
Sunita Pawar 6746,9752665363,Lalbaug,Walk,6,
Nitin Kadam 6747,,Lalbaug,walk,8,
Ganesh More 6748,9187794066,Lalbaug,Bus,6,
Ajay Bhosale 6749,9935557453,Lalbaug,Bus,3,
Meena Salvi 6750,9642164813,Grant Road,walk,8,
Ajay Bhosale 6751,9549210118,Kalbadevi,bus,2,
Meena Salvi 6752,9825645563,Chowpatty,Train,5,
Sunita Pawar 6753,9082259428,,Walking,4,
Prakash Gaikwad 6754,9301072153,Byculla,walk,3,
Vaishali Chavan 6755,9363869010,Dadar,Train,4,
Nitin Kadam 6756,9791713812,Bhoiwada,Bus,4,
Vaishali Chavan 6757,9737535534,Dadar,Train,,
Ganesh More 6758,9304205941,Parel,train,2,
Ajay Bhosale 6759,9152667917,Chowpatty,walk,7,
Ajay Bhosale 6760,,Byculla,bus,8,carrying idol
Meena Salvi 6761,9230073913,Grant Road,train,8,children in group
Nitin Kadam 6762,9308715348,Grant Road,Walk,3,
Sunita Pawar 6763,9139658738,Charni Road,Walk,5,elderly in group
,9527518116,Girgaon,train,8,
Nitin Kadam 6765,9754464886,Chowpatty,Train,5,elderly in group
Nitin Kadam 6766,9915529015,Charni Road,walk,6,
Nitin Kadam 6767,9757264493,Lalbaug,Bus,6,
Ganesh More 6768,,Bhoiwada,Train,8,children in group
Ajay Bhosale 6769,9987832047,Dadar,Walk,8,
Prakash Gaikwad 6770,9837988261,Grant Road,train,2,
Nitin Kadam 6771,9772441241,Bhoiwada,Rail,3,
Meena Salvi 6772,9111092636,Lalbaug,train,6,
Ajay Bhosale 6773,9337072426,Kalbadevi,Train,8,
Prakash Gaikwad 6774,,Girgaon,BEST,8,
Meena Salvi 6775,9627802090,Bhoiwada,,3,
Vaishali Chavan 6776,,Chowpatty,Bus,6,
Ajay Bhosale 6777,,Grant Road,Walking,4,
Nitin Kadam 6778,9197584804,Grant Road,Walk,6,
Sunita Pawar 6779,9970217704,Bhoiwada,Walk,1,
Nitin Kadam 6780,,Grant Road,walk,5,
Prakash Gaikwad 6781,9159685505,Byculla,Bus,7,
Nitin Kadam 6782,9122272878,Girgaon,Bus,3,
Nitin Kadam 6783,9630157341,Dadar,On foot,4,
Prakash Gaikwad 6784,9534681286,Dadar,walk,,
Ajay Bhosale 6785,9886484193,Byculla,Walk,6,
Ganesh More 6786,9329727688,Girgaon,walk,7,
Prakash Gaikwad 6787,9972271880,Chowpatty,Walking,6,
Meena Salvi 6788,9636478969,Lalbaug,Train,5,
Meena Salvi 6789,,Byculla,Rail,7,
Ajay Bhosale 6790,,Chowpatty,On foot,,
Sunita Pawar 6791,9443376706,Charni Road,Walk,5,
Meena Salvi 6792,,Lalbaug,Walk,6,
Ganesh More 6793,9554333900,,bus,5,children in group
Prakash Gaikwad 6794,9068925214,Chowpatty,Train,2,elderly in group
Ganesh More 6795,,Girgaon,bus,1,
Meena Salvi 6796,9039978934,Chowpatty,bus,1,
Ganesh More 6797,9119300252,Girgaon,Bus,3,
,9112182470,Kalbadevi,walk,3,
Prakash Gaikwad 6799,9806171350,Byculla,Walking,5,carrying idol
Nitin Kadam 6800,9870810979,Byculla,Walk,2,
Prakash Gaikwad 6801,9342015857,Lalbaug,bus,,
Ganesh More 6802,9047708168,Dadar,train,8,
Rekha Shinde 6803,9600079942,Lalbaug,Bus,2,
Meena Salvi 6804,9728236587,,BEST,2,
Nitin Kadam 6805,9069622683,,bus,4,
Ajay Bhosale 6806,9428198634,Charni Road,Walk,2,carrying idol
Rekha Shinde 6807,9536801766,Byculla,,5,elderly in group
Ajay Bhosale 6808,9503190261,Grant Road,Walk,4,
Prakash Gaikwad 6809,9185750233,Bhoiwada,walk,6,
Nitin Kadam 6810,9373571549,Byculla,walk,7,
Prakash Gaikwad 6811,9091756154,Charni Road,train,2,
Vaishali Chavan 6812,9433557830,Byculla,Walk,,carrying idol
Prakash Gaikwad 6813,9521846200,Bhoiwada,walk,6,
Rekha Shinde 6814,9945827432,Kalbadevi,Train,2,
Vaishali Chavan 6815,9690142703,Charni Road,Train,4,children in group
Nitin Kadam 6816,9481764175,Chowpatty,Bus,6,
Ganesh More 6817,9183608504,Dadar,BEST,4,
Vaishali Chavan 6818,9464078606,Lalbaug,Train,1,
Vaishali Chavan 6819,,Girgaon,BEST,5,
Sunita Pawar 6820,9406732589,Girgaon,Walk,6,
Meena Salvi 6821,9538905160,Kalbadevi,Bus,3,
Vaishali Chavan 6822,,Bhoiwada,Train,5,
Vaishali Chavan 6823,9917077231,Bhoiwada,BEST,4,
Vaishali Chavan 6824,9511853250,Chowpatty,Bus,5,children in group
Sunita Pawar 6825,9514498724,Bhoiwada,Train,7,
Ajay Bhosale 6826,9370255074,,,7,
Vaishali Chavan 6827,9458371632,Bhoiwada,Train,7,
Vaishali Chavan 6828,9653633686,Bhoiwada,walk,,
Vaishali Chavan 6829,9880007387,Charni Road,Walk,,
Meena Salvi 6830,9903969981,,Walk,,
Nitin Kadam 6831,,Girgaon,Bus,5,
Prakash Gaikwad 6832,9390808970,Bhoiwada,Walk,6,
,,Girgaon,Train,2,
Nitin Kadam 6834,9001268176,Bhoiwada,Train,6,children in group
Ganesh More 6835,9687793170,Lalbaug,Bus,5,
Meena Salvi 6836,9940541916,Kalbadevi,walk,8,
Rekha Shinde 6837,9501858263,Parel,Other,8,carrying idol
,9289720461,Grant Road,Walk,7,
Rekha Shinde 6839,9271256895,Dadar,Walk,2,
Ajay Bhosale 6840,,Girgaon,Local,6,children in group
Nitin Kadam 6841,9135082166,Kalbadevi,Walk,2,
,9804380868,Parel,Train,,children in group
Sunita Pawar 6843,9199449564,Bhoiwada,Train,6,
Prakash Gaikwad 6844,9468326989,Chowpatty,Train,5,
Ajay Bhosale 6845,,Lalbaug,On foot,8,
Nitin Kadam 6846,9855064915,Bhoiwada,Walk,2,children in group
Meena Salvi 6847,,Byculla,bus,7,
Prakash Gaikwad 6848,9781867711,Charni Road,Walk,3,
Vaishali Chavan 6849,9084977615,Lalbaug,Train,1,
Rekha Shinde 6850,9717790389,Parel,walk,7,
Ajay Bhosale 6851,9537426182,Dadar,Train,8,carrying idol
Nitin Kadam 6852,9971928796,Grant Road,Bus,3,
Ajay Bhosale 6853,9748387482,Dadar,Train,8,
Ajay Bhosale 6854,9279844241,Chowpatty,Bus,5,carrying idol
Prakash Gaikwad 6855,9010077463,Parel,On foot,3,
Meena Salvi 6856,9351150062,Grant Road,bus,3,
Ganesh More 6857,9546831060,Parel,Bus,8,
Nitin Kadam 6858,9058071967,Charni Road,Walk,5,
Meena Salvi 6859,9246134581,Girgaon,Train,8,
Prakash Gaikwad 6860,9738996081,Charni Road,Walk,1,
Rekha Shinde 6861,9768898298,Dadar,Bus,,
Nitin Kadam 6862,9502497900,Kalbadevi,train,4,
Meena Salvi 6863,9787867164,Girgaon,Walk,5,
Ganesh More 6864,9037881762,Kalbadevi,Train,5,
Vaishali Chavan 6865,9991929597,Dadar,Walk,,
Ganesh More 6866,9503942074,Byculla,Train,2,
Meena Salvi 6867,9593404473,Byculla,walk,,
Sunita Pawar 6868,9527151453,Charni Road,Walk,4,children in group
Meena Salvi 6869,9500629379,Dadar,Train,3,
Vaishali Chavan 6870,9216932175,Dadar,walk,3,
,9387798642,Kalbadevi,bus,8,
Vaishali Chavan 6872,9477592197,Parel,walk,3,
Meena Salvi 6873,9693899552,Parel,Walk,2,
Prakash Gaikwad 6874,9314808860,Kalbadevi,walk,5,
Ajay Bhosale 6875,9379190363,Grant Road,Bus,4,
Meena Salvi 6876,9736050152,Charni Road,train,7,
Vaishali Chavan 6877,,Chowpatty,Walk,6,elderly in group
Prakash Gaikwad 6878,9906129396,,bus,3,
Ganesh More 6879,9920713223,Charni Road,Walk,3,
Ajay Bhosale 6880,9493664936,Chowpatty,Bus,7,
Prakash Gaikwad 6881,9303735452,Lalbaug,Rail,3,children in group
Rekha Shinde 6882,9047620460,Grant Road,Walk,3,
Vaishali Chavan 6883,9351838897,Byculla,Walk,7,
Meena Salvi 6884,,Kalbadevi,Train,1,
Meena Salvi 6885,9446200528,Parel,walk,3,
Sunita Pawar 6886,9317877396,Parel,walk,4,
Prakash Gaikwad 6887,9322033513,Lalbaug,Bus,7,
Rekha Shinde 6888,9609619692,Dadar,Bus,,
Nitin Kadam 6889,9999844434,Bhoiwada,Walk,,
Rekha Shinde 6890,9559692914,Lalbaug,Train,1,
Nitin Kadam 6891,,Dadar,walk,7,
Nitin Kadam 6892,9383064326,Lalbaug,Train,7,
Meena Salvi 6893,9757613409,Charni Road,Walk,3,elderly in group
Nitin Kadam 6894,9952018863,,Walk,5,
Nitin Kadam 6895,9664846797,Byculla,Bus,5,
Ajay Bhosale 6896,9414669253,Bhoiwada,Train,,
Nitin Kadam 6897,9141802719,Kalbadevi,Train,6,
Ajay Bhosale 6898,,Chowpatty,Bus,1,
Prakash Gaikwad 6899,9014310583,Parel,train,1,carrying idol
Rekha Shinde 6900,9009987397,,Walk,5,carrying idol
Prakash Gaikwad 6901,9037882609,Grant Road,Bus,4,carrying idol
Ajay Bhosale 6902,9474164221,Bhoiwada,Walk,4,
Vaishali Chavan 6903,9670488205,Lalbaug,Walk,2,
Sunita Pawar 6904,,Grant Road,Rail,3,
Vaishali Chavan 6905,9509141224,Kalbadevi,Walk,3,
Ajay Bhosale 6906,9265889544,Charni Road,walk,8,
Meena Salvi 6907,9867752179,Kalbadevi,N/A,4,
Vaishali Chavan 6908,,Charni Road,Local,3,
Prakash Gaikwad 6909,,Grant Road,Rail,7,
Ajay Bhosale 6910,9791835838,Grant Road,walk,4,
Sunita Pawar 6911,9799785993,Charni Road,Walk,4,
Ajay Bhosale 6912,9264430149,Girgaon,Walk,3,elderly in group
Ajay Bhosale 6913,9472301769,Byculla,Bus,4,
Ganesh More 6914,,Chowpatty,Train,3,
Sunita Pawar 6915,9572153415,Charni Road,Train,5,
Meena Salvi 6916,9435818776,Dadar,Train,5,
Ajay Bhosale 6917,9607909085,Charni Road,train,7,
Rekha Shinde 6918,,Bhoiwada,Train,7,children in group
Nitin Kadam 6919,9814830559,Grant Road,walk,4,
Ganesh More 6920,9729968402,Lalbaug,Train,8,
Sunita Pawar 6921,9021468109,Parel,Bus,1,
Rekha Shinde 6922,,Parel,Walk,8,elderly in group
Ganesh More 6923,,Girgaon,bus,,
Ganesh More 6924,,Kalbadevi,Walk,2,
Rekha Shinde 6925,9491651677,Dadar,Walk,,
Vaishali Chavan 6926,9403874759,Parel,Walk,3,
Rekha Shinde 6927,9035146394,Bhoiwada,Walk,3,
Prakash Gaikwad 6928,9602943622,Charni Road,Train,7,
Sunita Pawar 6929,9399230377,Girgaon,bus,1,
Prakash Gaikwad 6930,9706674653,Charni Road,train,7,
Vaishali Chavan 6931,9832694937,Lalbaug,walk,4,
Nitin Kadam 6932,9619016058,Chowpatty,BEST,,
Sunita Pawar 6933,9187496138,Charni Road,Train,6,elderly in group
Meena Salvi 6934,9648798362,Grant Road,Train,7,carrying idol
Ganesh More 6935,9315824049,Parel,Train,3,
Prakash Gaikwad 6936,9357458082,Charni Road,Train,8,
Vaishali Chavan 6937,9304637040,,bus,1,
Prakash Gaikwad 6938,9049481817,Lalbaug,,7,carrying idol
Prakash Gaikwad 6939,9307371117,Kalbadevi,BEST,3,
Rekha Shinde 6940,9079620505,Bhoiwada,Train,6,
Meena Salvi 6941,9876533948,Kalbadevi,Train,5,
Sunita Pawar 6942,9267595379,Girgaon,walk,4,carrying idol
,9586876793,Parel,Bus,2,elderly in group
Rekha Shinde 6944,9133385464,Kalbadevi,bus,1,
Rekha Shinde 6945,9631233012,Kalbadevi,N/A,8,elderly in group
Rekha Shinde 6946,9372009451,Charni Road,Bus,4,
Meena Salvi 6947,9566125476,Byculla,Train,4,elderly in group
Meena Salvi 6948,9416679162,Kalbadevi,Walk,2,
Ajay Bhosale 6949,9271718293,Lalbaug,Other,3,
Vaishali Chavan 6950,9136325010,Byculla,Rail,3,
Nitin Kadam 6951,9154108796,,train,2,
,9746953000,Grant Road,Walk,6,carrying idol
Meena Salvi 6953,9849128953,Lalbaug,train,5,
Ganesh More 6954,9328865688,Girgaon,Walk,6,
Prakash Gaikwad 6955,9672099744,Girgaon,walk,,elderly in group
Rekha Shinde 6956,9497884098,Byculla,Walk,6,
Rekha Shinde 6957,9225761992,Parel,Other,1,
Vaishali Chavan 6958,9326370569,Charni Road,Train,8,
Vaishali Chavan 6959,,Bhoiwada,Walk,3,
Rekha Shinde 6960,9225910519,Charni Road,Bus,5,
Rekha Shinde 6961,9206209071,Charni Road,Train,2,
Prakash Gaikwad 6962,9225192697,Kalbadevi,train,6,
Vaishali Chavan 6963,9103835596,Kalbadevi,bus,5,children in group
Ajay Bhosale 6964,,,On foot,5,
,9695709965,Girgaon,Walk,7,carrying idol
Vaishali Chavan 6966,9467850174,Dadar,Walk,4,
Vaishali Chavan 6967,9608004785,Parel,Walk,7,
Prakash Gaikwad 6968,9976574140,Charni Road,Other,1,
Rekha Shinde 6969,,Girgaon,bus,3,carrying idol
Nitin Kadam 6970,9064746280,Girgaon,Walk,2,
Ganesh More 6971,9172925675,Girgaon,Train,1,
Rekha Shinde 6972,9991837300,Charni Road,Walk,4,
Nitin Kadam 6973,,Chowpatty,Other,2,elderly in group
Prakash Gaikwad 6974,9115406989,Chowpatty,Walk,1,
Nitin Kadam 6975,9665680705,Chowpatty,bus,5,children in group
Rekha Shinde 6976,9484165276,Byculla,On foot,3,
Vaishali Chavan 6977,9412779539,Bhoiwada,Bus,,
Rekha Shinde 6978,9181385960,Lalbaug,walk,6,
Ajay Bhosale 6979,9702728982,Girgaon,Walk,5,
Rekha Shinde 6980,9963179898,Byculla,Bus,1,
Prakash Gaikwad 6981,9742521979,Girgaon,Walking,5,children in group
Nitin Kadam 6982,9865162655,Chowpatty,Train,,
Vaishali Chavan 6983,9159291676,,Bus,,children in group
Sunita Pawar 6984,9200761288,,Walk,,
Ajay Bhosale 6985,9589197548,Byculla,Walk,3,elderly in group
,,Byculla,Bus,2,
Nitin Kadam 6987,,Chowpatty,walk,6,
Rekha Shinde 6988,,Chowpatty,Train,7,
Nitin Kadam 6989,9638346418,Girgaon,bus,1,
Ajay Bhosale 6990,9048313909,Bhoiwada,Train,3,
Vaishali Chavan 6991,9321672870,,Walk,6,elderly in group
Ganesh More 6992,9239657509,Byculla,Bus,4,
Ajay Bhosale 6993,9859602321,Grant Road,Walk,5,elderly in group
,9935486674,,Walk,5,
Rekha Shinde 6995,9123868415,Parel,Train,4,
Nitin Kadam 6996,9693164211,Chowpatty,On foot,7,
Vaishali Chavan 6997,,Dadar,walk,,
Prakash Gaikwad 6998,9400342495,Charni Road,train,8,
Meena Salvi 6999,9587923163,Kalbadevi,Walk,,
Sunita Pawar 7000,,,walk,4,
Ganesh More 7001,9290049884,Dadar,Walk,6,carrying idol
Nitin Kadam 7002,9606178796,Dadar,bus,5,
Prakash Gaikwad 7003,9336355308,Byculla,Train,1,children in group
Ganesh More 7004,,Dadar,BEST,,
Meena Salvi 7005,9090737899,Byculla,Walk,3,
Meena Salvi 7006,9363451898,Chowpatty,Bus,4,
Prakash Gaikwad 7007,9762619328,Kalbadevi,Walk,,elderly in group
Ganesh More 7008,9664278542,Dadar,Walk,3,
Rekha Shinde 7009,9983381986,Parel,Walk,1,
Rekha Shinde 7010,9445374238,Parel,Walk,8,
Nitin Kadam 7011,9467634991,Byculla,train,4,
Prakash Gaikwad 7012,9533704712,Charni Road,Bus,7,
Prakash Gaikwad 7013,,Kalbadevi,walk,3,
,,Parel,train,6,
Vaishali Chavan 7015,9574729124,Chowpatty,Train,2,children in group
Vaishali Chavan 7016,9214289671,Kalbadevi,Train,8,
Ajay Bhosale 7017,9606424358,Chowpatty,Bus,4,
Ganesh More 7018,9405736364,Girgaon,Walk,5,
Nitin Kadam 7019,9953162805,Kalbadevi,Walk,6,
,,Dadar,train,6,children in group
,,Chowpatty,train,2,
Sunita Pawar 7022,,Bhoiwada,Walk,8,
Prakash Gaikwad 7023,9965183787,Lalbaug,Bus,1,
Ajay Bhosale 7024,,Chowpatty,Walk,8,
Sunita Pawar 7025,9655604038,Lalbaug,On foot,2,
Prakash Gaikwad 7026,9286266254,Kalbadevi,Train,5,
Sunita Pawar 7027,9208993146,Girgaon,Walk,6,
Sunita Pawar 7028,,Charni Road,walk,7,
Rekha Shinde 7029,9858195639,Kalbadevi,Train,7,
Ganesh More 7030,9487167740,Kalbadevi,Walk,,
Nitin Kadam 7031,9905801499,Grant Road,Train,6,
Prakash Gaikwad 7032,9902020807,Kalbadevi,Bus,,
Nitin Kadam 7033,9926989170,Grant Road,Walk,3,
Nitin Kadam 7034,9761403685,Bhoiwada,Train,3,
Nitin Kadam 7035,9207055502,Chowpatty,Local,5,
Ganesh More 7036,,Bhoiwada,Walk,2,
Ganesh More 7037,,Grant Road,Bus,7,
Ajay Bhosale 7038,9302347077,Girgaon,Walk,7,
Rekha Shinde 7039,9207567727,Chowpatty,Walk,,carrying idol
Prakash Gaikwad 7040,,Charni Road,Local,6,
,,Grant Road,Bus,,
Sunita Pawar 7042,9409480036,Girgaon,walk,5,
,9452653314,,Walk,8,
Vaishali Chavan 7044,9018248876,Grant Road,Train,,
Nitin Kadam 7045,9856993437,Dadar,Walking,6,
Sunita Pawar 7046,9328009571,Charni Road,Train,3,
Ganesh More 7047,9136448776,Lalbaug,Bus,2,
Meena Salvi 7048,,Girgaon,bus,1,
Vaishali Chavan 7049,9522664342,Bhoiwada,Walking,6,
Rekha Shinde 7050,9784207019,Grant Road,Bus,7,
Vaishali Chavan 7051,9028780460,Girgaon,Bus,2,
Rekha Shinde 7052,,Charni Road,walk,2,
Ganesh More 7053,9637462532,Lalbaug,Walk,8,
Meena Salvi 7054,,Dadar,Walk,,
Sunita Pawar 7055,9702254164,Girgaon,Walk,4,
Ajay Bhosale 7056,9954592152,Chowpatty,Walk,1,
Ganesh More 7057,9855208538,Girgaon,Train,2,
Ganesh More 7058,,Bhoiwada,Train,8,children in group
Prakash Gaikwad 7059,,Byculla,Train,6,children in group
Meena Salvi 7060,,Dadar,Train,4,
Rekha Shinde 7061,9737218912,Chowpatty,walk,5,
Rekha Shinde 7062,9690317054,Kalbadevi,Train,7,
Ajay Bhosale 7063,9490129091,Girgaon,train,2,children in group
Rekha Shinde 7064,9026271749,Girgaon,Walk,5,
Ganesh More 7065,9053463116,Charni Road,Walk,2,carrying idol
Rekha Shinde 7066,9750160054,Grant Road,walk,7,
,9344099276,Lalbaug,Bus,5,
Ajay Bhosale 7068,9495300336,Byculla,Train,5,
Ajay Bhosale 7069,9758034918,Parel,Other,2,
Rekha Shinde 7070,9683488099,Byculla,Train,5,carrying idol
Vaishali Chavan 7071,9330931260,,walk,2,
Prakash Gaikwad 7072,,Lalbaug,Walk,3,
Vaishali Chavan 7073,9171372259,Grant Road,walk,3,
Rekha Shinde 7074,9294174910,Dadar,walk,,
Prakash Gaikwad 7075,9088095739,Girgaon,walk,6,children in group
Rekha Shinde 7076,9435690299,Grant Road,Train,5,
Vaishali Chavan 7077,9919199725,,Train,1,children in group
Prakash Gaikwad 7078,9647265106,Chowpatty,Walk,7,
Ajay Bhosale 7079,,Charni Road,Train,1,children in group
Ajay Bhosale 7080,9690618602,Lalbaug,bus,5,
Sunita Pawar 7081,,,Train,4,carrying idol
Nitin Kadam 7082,9448161635,Byculla,Bus,3,
Vaishali Chavan 7083,9635998648,Girgaon,walk,2,
Rekha Shinde 7084,9139645376,Parel,Walk,7,children in group
Ganesh More 7085,9787317667,Bhoiwada,On foot,2,
Sunita Pawar 7086,9057143447,Lalbaug,bus,2,
Sunita Pawar 7087,9286491239,Parel,Train,7,
Sunita Pawar 7088,9408377159,Charni Road,Walking,6,
,9838550810,Chowpatty,Bus,4,
Prakash Gaikwad 7090,9632982623,Parel,Walk,6,
Ganesh More 7091,,Girgaon,Walk,3,carrying idol
Nitin Kadam 7092,9725562567,Byculla,Train,1,
Nitin Kadam 7093,9456963102,Charni Road,BEST,8,
Sunita Pawar 7094,,Chowpatty,Walk,3,
Sunita Pawar 7095,9036649985,Dadar,bus,2,
Sunita Pawar 7096,9287434900,Charni Road,Train,4,carrying idol
Ganesh More 7097,9721644176,Girgaon,Walk,6,
,9650819563,Girgaon,Local,7,
Ajay Bhosale 7099,9518461195,,Walk,1,
Rekha Shinde 7100,9169010190,Chowpatty,Train,6,carrying idol
Sunita Pawar 7101,9696257603,Byculla,Train,,
Vaishali Chavan 7102,9540460960,Dadar,Bus,8,elderly in group
Vaishali Chavan 7103,9608831516,Kalbadevi,Train,3,elderly in group
Rekha Shinde 7104,9131544509,Charni Road,Train,5,
Meena Salvi 7105,,Bhoiwada,Bus,3,
Sunita Pawar 7106,9067935551,Parel,Walk,5,
Rekha Shinde 7107,9216533790,Bhoiwada,Bus,4,carrying idol
Ganesh More 7108,9618823316,Byculla,Walk,2,elderly in group
Ganesh More 7109,9807908999,Parel,train,6,
Ganesh More 7110,9192977769,Dadar,BEST,5,
Nitin Kadam 7111,,Chowpatty,Bus,5,
Sunita Pawar 7112,9687948671,,Walk,,
Meena Salvi 7113,9348983336,Dadar,walk,3,
Sunita Pawar 7114,9001526088,Byculla,train,7,
Meena Salvi 7115,9276429573,Grant Road,Other,1,children in group
Vaishali Chavan 7116,9920459503,Bhoiwada,Bus,7,
Sunita Pawar 7117,9479342906,Chowpatty,walk,8,
Ajay Bhosale 7118,9042971991,Kalbadevi,train,6,
Rekha Shinde 7119,9775349859,,BEST,8,
Ajay Bhosale 7120,9837492916,Grant Road,train,6,
Ganesh More 7121,,Kalbadevi,Train,4,
Prakash Gaikwad 7122,9599035611,Dadar,walk,1,
Ganesh More 7123,9858061550,Dadar,walk,4,elderly in group
Prakash Gaikwad 7124,9118697348,Dadar,Train,8,
Vaishali Chavan 7125,9766080979,Dadar,train,8,
Rekha Shinde 7126,9428020502,Chowpatty,Bus,1,children in group
Vaishali Chavan 7127,9227863070,Bhoiwada,Walk,4,children in group
Sunita Pawar 7128,9775629777,Grant Road,Train,4,
Sunita Pawar 7129,9646500667,Bhoiwada,Walk,5,carrying idol
Sunita Pawar 7130,9749969217,,Train,4,
Ajay Bhosale 7131,,Chowpatty,walk,8,
Meena Salvi 7132,9238935335,,Bus,6,
Sunita Pawar 7133,9429533882,Byculla,Train,2,
Ganesh More 7134,9427019188,Lalbaug,Walk,5,
Vaishali Chavan 7135,9761601132,Parel,Walk,3,
Rekha Shinde 7136,9133388668,Byculla,Train,8,elderly in group
Vaishali Chavan 7137,9044671736,Parel,Walk,4,
Prakash Gaikwad 7138,9256926716,Byculla,bus,7,carrying idol
Ganesh More 7139,9683883891,,Bus,7,
Rekha Shinde 7140,9150062177,Lalbaug,Other,8,
Ganesh More 7141,9987407120,Lalbaug,bus,4,
Ganesh More 7142,9938878600,Bhoiwada,Walk,4,
Meena Salvi 7143,9812953994,Charni Road,Walk,6,
Meena Salvi 7144,9486202535,Girgaon,Train,3,children in group
Nitin Kadam 7145,9678352923,Grant Road,train,5,
Sunita Pawar 7146,9081914602,Chowpatty,Train,8,
Nitin Kadam 7147,9471493765,Parel,Walk,2,
Ganesh More 7148,,Lalbaug,Walk,7,
Meena Salvi 7149,9617478105,Byculla,walk,7,
Sunita Pawar 7150,,Parel,Walk,1,
Rekha Shinde 7151,9778193145,Lalbaug,Train,,
Ajay Bhosale 7152,9663438699,,Train,8,
Nitin Kadam 7153,9826350205,Girgaon,Walk,,
Prakash Gaikwad 7154,9574967036,Byculla,Train,,
Meena Salvi 7155,,Bhoiwada,Walking,1,
Rekha Shinde 7156,9876252038,Byculla,Walk,,
Sunita Pawar 7157,9136413352,Lalbaug,walk,6,children in group
Ganesh More 7158,9370161982,Byculla,Walk,4,
Rekha Shinde 7159,9959642198,Parel,Other,2,
Rekha Shinde 7160,9274843037,Kalbadevi,walk,,
Sunita Pawar 7161,9192590392,,Train,4,
Vaishali Chavan 7162,,,Train,4,
Ganesh More 7163,9208722407,Chowpatty,Walk,5,
Meena Salvi 7164,9852305843,Kalbadevi,bus,1,children in group
Rekha Shinde 7165,9730556058,Lalbaug,walk,3,children in group
Sunita Pawar 7166,,Chowpatty,Bus,7,
Ganesh More 7167,9362730539,Lalbaug,bus,3,
Nitin Kadam 7168,,Chowpatty,Walking,2,
Ajay Bhosale 7169,9305813832,Parel,Train,5,elderly in group
Vaishali Chavan 7170,9997866301,Girgaon,Train,5,
Meena Salvi 7171,,Lalbaug,Train,8,
Vaishali Chavan 7172,9877383563,Girgaon,Walk,8,
Vaishali Chavan 7173,9917852279,Kalbadevi,Train,4,
Ajay Bhosale 7174,9189671908,Charni Road,Walk,,
Vaishali Chavan 7175,9098717807,Dadar,Walk,4,elderly in group
Prakash Gaikwad 7176,9500192875,Girgaon,Walk,6,
Ajay Bhosale 7177,9854911108,Lalbaug,Train,5,
Prakash Gaikwad 7178,9430467509,Bhoiwada,bus,2,
,9308689220,Parel,Walk,6,children in group
Rekha Shinde 7180,,Dadar,N/A,6,
Rekha Shinde 7181,,Kalbadevi,walk,7,
Ganesh More 7182,,Chowpatty,Walking,6,carrying idol
Vaishali Chavan 7183,9072104858,Girgaon,walk,1,
Rekha Shinde 7184,,Byculla,walk,1,
Meena Salvi 7185,9129933817,Girgaon,Walk,3,
Prakash Gaikwad 7186,9586885129,Bhoiwada,walk,5,
Ganesh More 7187,9319741114,Bhoiwada,train,8,
Prakash Gaikwad 7188,9057832487,Parel,train,,
Vaishali Chavan 7189,9002767339,Byculla,Walk,7,
Rekha Shinde 7190,9124210678,,Walk,2,
Sunita Pawar 7191,9693475203,Bhoiwada,Bus,4,
Rekha Shinde 7192,9601849585,Girgaon,Walk,1,
Vaishali Chavan 7193,9304788990,Parel,Train,7,
Nitin Kadam 7194,9236258625,Dadar,Train,,
Prakash Gaikwad 7195,9597677163,Grant Road,Walk,3,elderly in group
Sunita Pawar 7196,9389958631,Kalbadevi,Walk,5,
Sunita Pawar 7197,,Parel,Bus,5,
Prakash Gaikwad 7198,9547522822,Chowpatty,Walk,2,
Meena Salvi 7199,,Charni Road,walk,8,
Vaishali Chavan 7200,9099104146,Charni Road,Rail,,children in group
Sunita Pawar 7201,9709698576,Girgaon,walk,6,
Vaishali Chavan 7202,9955941262,Bhoiwada,walk,7,
Ajay Bhosale 7203,,Lalbaug,Walk,2,
Sunita Pawar 7204,9043487712,Chowpatty,Walk,,elderly in group
Prakash Gaikwad 7205,9280662999,Dadar,Local,5,
,9101988936,Chowpatty,Train,7,
Nitin Kadam 7207,9644370418,Kalbadevi,Walk,,
Meena Salvi 7208,9456882846,Chowpatty,bus,2,elderly in group
Rekha Shinde 7209,9085498090,Charni Road,BEST,5,
Ajay Bhosale 7210,9017340478,Byculla,bus,,
Vaishali Chavan 7211,9996447962,Byculla,Bus,2,
Ganesh More 7212,9878851859,Chowpatty,Walk,6,
Sunita Pawar 7213,9267530223,Grant Road,Train,1,
Ganesh More 7214,9662970121,Grant Road,Walk,,carrying idol
Ajay Bhosale 7215,9365286168,Chowpatty,Bus,6,
Ganesh More 7216,9152632932,Bhoiwada,Bus,5,
Ganesh More 7217,9266181838,Chowpatty,walk,4,
Nitin Kadam 7218,9031308964,Kalbadevi,,6,
Ajay Bhosale 7219,9676936089,Bhoiwada,Bus,3,
Ganesh More 7220,9082153861,Lalbaug,Bus,3,children in group
,,Byculla,bus,6,
Ajay Bhosale 7222,9595124093,Girgaon,BEST,5,
Sunita Pawar 7223,9763907214,Byculla,Walk,8,
Prakash Gaikwad 7224,9865902335,Chowpatty,Train,7,
Sunita Pawar 7225,9283767948,Chowpatty,Walk,6,
Vaishali Chavan 7226,9193162387,Lalbaug,walk,8,
Vaishali Chavan 7227,9460334716,Kalbadevi,Train,8,elderly in group
Sunita Pawar 7228,,Lalbaug,walk,,carrying idol
Nitin Kadam 7229,9308431757,Byculla,walk,8,
Nitin Kadam 7230,9098235175,Dadar,walk,2,children in group
Nitin Kadam 7231,9435911861,Lalbaug,train,5,
Ganesh More 7232,9155213315,Chowpatty,train,8,
Nitin Kadam 7233,,Kalbadevi,Bus,8,
Ajay Bhosale 7234,9191570832,Chowpatty,walk,8,
Ganesh More 7235,9508826121,,Bus,6,
Nitin Kadam 7236,9322003516,Girgaon,Bus,8,
Prakash Gaikwad 7237,,Lalbaug,Bus,,children in group
Prakash Gaikwad 7238,9992013151,Girgaon,walk,7,
,9095308696,Charni Road,train,8,
Vaishali Chavan 7240,9233041046,Parel,Walking,1,
Vaishali Chavan 7241,9170977871,Kalbadevi,Walk,4,
Prakash Gaikwad 7242,9867588215,Parel,Walk,1,
Meena Salvi 7243,,Girgaon,walk,7,
Meena Salvi 7244,9859353852,Parel,walk,3,
Sunita Pawar 7245,9710754520,Lalbaug,Bus,3,
Meena Salvi 7246,9811534993,Girgaon,train,,
Sunita Pawar 7247,9844304460,Bhoiwada,Walk,8,
Sunita Pawar 7248,9241693952,Grant Road,Bus,6,
,9929065874,Bhoiwada,Walk,3,
Prakash Gaikwad 7250,9242849497,Girgaon,Train,4,
Nitin Kadam 7251,9108806634,Bhoiwada,Walk,2,
Prakash Gaikwad 7252,9729555731,Byculla,Bus,7,
Nitin Kadam 7253,9435594315,Girgaon,Walk,3,elderly in group
Nitin Kadam 7254,9791206669,Girgaon,Bus,6,carrying idol
Meena Salvi 7255,9259082757,Kalbadevi,Train,6,
Vaishali Chavan 7256,9089922679,Lalbaug,On foot,3,children in group
Ajay Bhosale 7257,9034013788,Charni Road,Train,2,
Ganesh More 7258,9964851350,Girgaon,Walk,,carrying idol
Rekha Shinde 7259,9656797003,Charni Road,Walk,8,
Nitin Kadam 7260,9312729173,Byculla,Train,6,
Vaishali Chavan 7261,9241125993,Bhoiwada,walk,5,
Sunita Pawar 7262,9994671697,,Train,5,carrying idol
Vaishali Chavan 7263,9308526448,Byculla,Train,1,
Sunita Pawar 7264,9802712068,Byculla,walk,1,
Meena Salvi 7265,9053081853,Dadar,Rail,,
Ganesh More 7266,9954613022,Grant Road,walk,,
Sunita Pawar 7267,9763512769,Byculla,Walk,2,carrying idol
Vaishali Chavan 7268,9140564444,Chowpatty,train,3,
Nitin Kadam 7269,9923938826,Grant Road,Walk,7,
Nitin Kadam 7270,,Kalbadevi,walk,7,children in group
Meena Salvi 7271,9567558455,Lalbaug,Walk,4,
Rekha Shinde 7272,9947680639,Dadar,Walk,,
,9104095730,Lalbaug,Walk,,
Meena Salvi 7274,9397878693,Byculla,BEST,5,elderly in group
Nitin Kadam 7275,9458365574,Chowpatty,Walk,,
Ajay Bhosale 7276,9158977717,Grant Road,Bus,6,
Ganesh More 7277,9964518576,,train,1,elderly in group
Prakash Gaikwad 7278,9856846898,Dadar,train,8,carrying idol
Rekha Shinde 7279,,Chowpatty,Train,8,carrying idol
Rekha Shinde 7280,9882993235,Lalbaug,Walk,,
Sunita Pawar 7281,9042111125,Parel,Walk,4,
Prakash Gaikwad 7282,9152791430,Byculla,Train,5,
Vaishali Chavan 7283,9037507491,Charni Road,Walk,4,elderly in group
Sunita Pawar 7284,9861542602,Girgaon,Walking,2,
Meena Salvi 7285,9974437954,Charni Road,On foot,3,
Meena Salvi 7286,9348646981,Bhoiwada,Train,,
Prakash Gaikwad 7287,9551721440,Bhoiwada,Train,,
Meena Salvi 7288,9915683223,Chowpatty,Train,,children in group
Rekha Shinde 7289,,Dadar,Rail,7,
Meena Salvi 7290,9177074068,Chowpatty,walk,,
Ajay Bhosale 7291,9574926118,Girgaon,train,8,
Prakash Gaikwad 7292,9568010146,Kalbadevi,Train,8,
,9815753691,Byculla,Bus,,children in group
Rekha Shinde 7294,9658793226,Parel,Walk,2,
Ajay Bhosale 7295,9599271436,Lalbaug,bus,,
Vaishali Chavan 7296,9635210254,Chowpatty,Walk,7,
Vaishali Chavan 7297,9615636806,Chowpatty,Walk,1,
Prakash Gaikwad 7298,9554997499,Bhoiwada,Walk,3,
Nitin Kadam 7299,,Byculla,walk,6,
Nitin Kadam 7300,9496695495,Byculla,On foot,2,
Prakash Gaikwad 7301,9435896918,,Walk,3,
Meena Salvi 7302,9928995825,Lalbaug,Train,2,
Nitin Kadam 7303,9055064974,,On foot,1,
Prakash Gaikwad 7304,9798058821,Bhoiwada,N/A,4,
Ajay Bhosale 7305,9383975337,Lalbaug,bus,1,
Rekha Shinde 7306,9895968640,Chowpatty,Other,8,
Rekha Shinde 7307,9645987758,Kalbadevi,bus,,
Vaishali Chavan 7308,,Girgaon,Train,5,
Rekha Shinde 7309,9501315275,,Bus,1,
Meena Salvi 7310,9252541407,Charni Road,Local,2,
Ajay Bhosale 7311,9451965470,Chowpatty,Walk,4,
Rekha Shinde 7312,,Girgaon,walk,3,
,9361240874,Lalbaug,Walk,8,
Prakash Gaikwad 7314,9838932207,Lalbaug,walk,2,
Rekha Shinde 7315,9883025015,Byculla,bus,1,
Rekha Shinde 7316,9839134322,Charni Road,Train,4,
Prakash Gaikwad 7317,,Parel,Bus,7,
Vaishali Chavan 7318,9462375186,Girgaon,walk,3,elderly in group
Meena Salvi 7319,9421909485,Charni Road,Train,1,
Rekha Shinde 7320,9677092822,Bhoiwada,Walk,8,carrying idol
Rekha Shinde 7321,9938826225,Parel,Bus,1,
Rekha Shinde 7322,9010084135,Girgaon,Train,6,elderly in group
Prakash Gaikwad 7323,9569597611,Lalbaug,N/A,2,
Ajay Bhosale 7324,9187733328,Charni Road,Local,8,
Meena Salvi 7325,9176360033,Lalbaug,walk,7,
Prakash Gaikwad 7326,9357945413,Parel,train,,
Sunita Pawar 7327,,Kalbadevi,Walk,4,
Ajay Bhosale 7328,9205104654,Charni Road,Bus,6,
Ganesh More 7329,9961080863,Dadar,Train,1,
Ganesh More 7330,9435559097,Grant Road,On foot,2,
Rekha Shinde 7331,9420963943,Lalbaug,Bus,6,
Vaishali Chavan 7332,9035285629,,BEST,6,carrying idol
Vaishali Chavan 7333,9386732649,Chowpatty,bus,5,
Vaishali Chavan 7334,9246349152,Charni Road,Walk,3,carrying idol
Vaishali Chavan 7335,,Chowpatty,train,1,
Prakash Gaikwad 7336,9776813226,Parel,Local,8,
Meena Salvi 7337,9826195749,,train,3,
Sunita Pawar 7338,9913157634,Lalbaug,Walk,2,
Ganesh More 7339,,Bhoiwada,train,4,children in group
Sunita Pawar 7340,9544731937,Chowpatty,train,1,
Ganesh More 7341,9978649158,Bhoiwada,Walk,5,
Meena Salvi 7342,,Girgaon,BEST,2,
Meena Salvi 7343,9006299217,Lalbaug,Bus,7,
Sunita Pawar 7344,9062125703,Byculla,Rail,6,
Nitin Kadam 7345,9914677545,Kalbadevi,Walk,,
Sunita Pawar 7346,9128679295,Parel,Train,8,
Ajay Bhosale 7347,9866165866,Byculla,Bus,6,
Meena Salvi 7348,9405282757,Chowpatty,walk,5,
Vaishali Chavan 7349,9104013681,Charni Road,Train,5,
Ajay Bhosale 7350,9616470926,Charni Road,On foot,5,
Prakash Gaikwad 7351,9815198563,Parel,Walk,2,
Ajay Bhosale 7352,9503110695,Kalbadevi,Bus,3,
Ajay Bhosale 7353,9938570527,Girgaon,Walk,5,
Ganesh More 7354,9008185829,Charni Road,Walk,,
Sunita Pawar 7355,9729916219,Byculla,Walk,3,
Nitin Kadam 7356,9079933302,Dadar,Walk,,elderly in group
Rekha Shinde 7357,,Dadar,Bus,8,
Vaishali Chavan 7358,9601149797,Charni Road,Walk,4,
Sunita Pawar 7359,9174164031,Kalbadevi,walk,1,
Vaishali Chavan 7360,9854162289,Lalbaug,Train,1,
Nitin Kadam 7361,9864160563,Parel,walk,8,
Ajay Bhosale 7362,,Lalbaug,Train,5,
Vaishali Chavan 7363,9423950315,Bhoiwada,Walk,8,
Nitin Kadam 7364,9906140044,Lalbaug,Walk,1,carrying idol
Ganesh More 7365,9219142026,Parel,bus,7,carrying idol
Sunita Pawar 7366,,Byculla,Walk,,
Prakash Gaikwad 7367,9602307651,Parel,bus,1,
Prakash Gaikwad 7368,9732636438,,train,8,
Meena Salvi 7369,9929905803,Charni Road,Walk,5,children in group
Vaishali Chavan 7370,9861219702,Kalbadevi,Train,2,
Meena Salvi 7371,9841826632,Girgaon,On foot,7,
Ajay Bhosale 7372,9470673696,Parel,bus,1,
Rekha Shinde 7373,9603858242,Dadar,Walk,5,
Ganesh More 7374,9678928500,,Walk,,
Ganesh More 7375,9492431767,,Walk,1,elderly in group
Meena Salvi 7376,9441963835,Charni Road,walk,4,
Vaishali Chavan 7377,9638688836,Charni Road,train,5,elderly in group
Nitin Kadam 7378,9215219439,Grant Road,Train,2,
Meena Salvi 7379,,Charni Road,Bus,,
Prakash Gaikwad 7380,,Bhoiwada,On foot,7,
Rekha Shinde 7381,,Byculla,walk,2,
Rekha Shinde 7382,9860345444,Parel,Bus,5,
Ganesh More 7383,9375388214,Lalbaug,Walk,4,
Meena Salvi 7384,9558559152,,Train,3,
Nitin Kadam 7385,9559019584,Lalbaug,train,,
Meena Salvi 7386,9892230838,Bhoiwada,N/A,3,
Meena Salvi 7387,9111418999,Byculla,Walk,4,
Rekha Shinde 7388,,Girgaon,Train,6,
Sunita Pawar 7389,9297855277,Parel,Walk,5,
Sunita Pawar 7390,9283494644,Bhoiwada,Local,3,
Prakash Gaikwad 7391,9301559168,Kalbadevi,Walk,4,
Sunita Pawar 7392,,Kalbadevi,On foot,7,elderly in group
Rekha Shinde 7393,9803198021,Chowpatty,Bus,2,
Ajay Bhosale 7394,9547034674,,bus,,
Vaishali Chavan 7395,,Parel,bus,6,
Nitin Kadam 7396,9698476194,Bhoiwada,bus,6,elderly in group
Prakash Gaikwad 7397,9850069266,,Bus,4,
Vaishali Chavan 7398,9145515310,Dadar,walk,,
Ganesh More 7399,9028693401,Dadar,bus,1,
Prakash Gaikwad 7400,9694721315,Grant Road,walk,1,
Sunita Pawar 7401,9215662267,Girgaon,Train,7,children in group
Prakash Gaikwad 7402,9117673886,Dadar,Walk,3,carrying idol
Ganesh More 7403,9233872342,Dadar,Bus,4,
Vaishali Chavan 7404,9853556988,Chowpatty,Walk,4,children in group
Ganesh More 7405,,Grant Road,Train,1,
Ajay Bhosale 7406,,Grant Road,Train,7,carrying idol
Vaishali Chavan 7407,,Kalbadevi,train,7,
,9631738086,Bhoiwada,walk,5,
Ajay Bhosale 7409,,Kalbadevi,walk,1,
Ajay Bhosale 7410,,Chowpatty,walk,6,
Sunita Pawar 7411,9514617734,Bhoiwada,Other,5,
Prakash Gaikwad 7412,,Byculla,Walk,3,
Meena Salvi 7413,,Girgaon,walk,3,
Ajay Bhosale 7414,,Lalbaug,Local,5,
Rekha Shinde 7415,,Bhoiwada,train,5,elderly in group
Ajay Bhosale 7416,,Lalbaug,walk,6,
Sunita Pawar 7417,9695434275,Grant Road,Walk,6,
Vaishali Chavan 7418,,Kalbadevi,Train,2,
Ganesh More 7419,9796217203,Lalbaug,train,8,
Vaishali Chavan 7420,9027459863,,Walk,,
Ajay Bhosale 7421,9251487510,Chowpatty,On foot,8,
Vaishali Chavan 7422,9274308879,Charni Road,BEST,8,
Vaishali Chavan 7423,9498761758,Bhoiwada,N/A,1,
Ajay Bhosale 7424,9375167405,Parel,On foot,,
Ganesh More 7425,,Bhoiwada,walk,3,
Prakash Gaikwad 7426,9921867819,Kalbadevi,BEST,3,
Meena Salvi 7427,9558540554,Grant Road,Bus,,children in group
Meena Salvi 7428,9028719562,Grant Road,Walk,5,
Prakash Gaikwad 7429,9859039147,Chowpatty,train,7,
Nitin Kadam 7430,9024611806,Girgaon,Walk,6,children in group
Rekha Shinde 7431,9514520925,Dadar,bus,8,
Ajay Bhosale 7432,,Dadar,Train,8,
Rekha Shinde 7433,9176542473,Grant Road,bus,7,
Meena Salvi 7434,9682952000,Chowpatty,train,6,
Meena Salvi 7435,9699378579,Byculla,Walk,,
Meena Salvi 7436,9530243114,Dadar,walk,5,
Ganesh More 7437,9270702904,Byculla,train,4,
Sunita Pawar 7438,,Kalbadevi,Bus,8,
Ajay Bhosale 7439,9127823051,Girgaon,Bus,2,
Vaishali Chavan 7440,,Kalbadevi,BEST,1,
Vaishali Chavan 7441,9180036876,Lalbaug,Walk,1,
Ganesh More 7442,9852644940,Chowpatty,walk,3,
Meena Salvi 7443,,Girgaon,bus,,
Ganesh More 7444,9462408975,Girgaon,Train,2,
Meena Salvi 7445,9415892162,Grant Road,Train,2,
Rekha Shinde 7446,9429266059,Byculla,Train,2,
Ganesh More 7447,9673952531,Chowpatty,BEST,2,
Ajay Bhosale 7448,9985377245,Dadar,Walk,7,
,,Kalbadevi,Walk,6,
Nitin Kadam 7450,9098439397,Chowpatty,bus,7,children in group
,,Parel,Walk,8,children in group
Ganesh More 7452,,Girgaon,train,4,
,9664059012,,train,8,
Nitin Kadam 7454,9355384431,Dadar,walk,,
Vaishali Chavan 7455,9590890789,Byculla,walk,7,
Vaishali Chavan 7456,,Bhoiwada,Walk,8,
Sunita Pawar 7457,9795531424,Kalbadevi,walk,2,
Ganesh More 7458,9612676362,,Bus,1,
Sunita Pawar 7459,9924267296,Charni Road,,3,
Vaishali Chavan 7460,9189580359,Lalbaug,walk,7,carrying idol
Meena Salvi 7461,,Chowpatty,Walk,2,
Nitin Kadam 7462,9261171070,Dadar,Walk,5,
Rekha Shinde 7463,,Chowpatty,On foot,6,
Nitin Kadam 7464,9608580390,Dadar,Walking,4,children in group
Vaishali Chavan 7465,9346092418,,BEST,8,
,9760103845,Girgaon,Bus,1,elderly in group
Meena Salvi 7467,,Charni Road,Walk,8,
Ajay Bhosale 7468,9607753911,Charni Road,walk,3,
Rekha Shinde 7469,9962965440,Kalbadevi,Other,,
Sunita Pawar 7470,9911155952,Grant Road,Walking,5,
Prakash Gaikwad 7471,9103754322,Charni Road,Bus,8,
Sunita Pawar 7472,9885735965,Parel,bus,8,
Ajay Bhosale 7473,9539344039,Parel,walk,6,
Sunita Pawar 7474,9464726182,Byculla,Walk,5,
Ganesh More 7475,9701102855,Bhoiwada,walk,5,
Vaishali Chavan 7476,9104753531,Byculla,Walk,4,
Prakash Gaikwad 7477,9397694400,Lalbaug,walk,6,
Rekha Shinde 7478,9562669753,Chowpatty,Train,8,
Rekha Shinde 7479,,Parel,On foot,7,
Ganesh More 7480,9303589487,Chowpatty,Other,7,elderly in group
Meena Salvi 7481,9458356257,Grant Road,walk,,
Ajay Bhosale 7482,,Lalbaug,Walking,7,
Prakash Gaikwad 7483,,Lalbaug,Walk,6,
Prakash Gaikwad 7484,9590868510,Dadar,Other,4,
Nitin Kadam 7485,,Parel,Walk,6,
Ganesh More 7486,9103024810,Dadar,Bus,3,
,9219742627,Kalbadevi,walk,2,
Vaishali Chavan 7488,9693261634,Dadar,Walk,7,
Ajay Bhosale 7489,9977903092,Lalbaug,Train,7,
Nitin Kadam 7490,9495586214,Byculla,Train,4,carrying idol
Prakash Gaikwad 7491,,Chowpatty,Walk,8,
Ajay Bhosale 7492,9716642433,Dadar,,2,
Sunita Pawar 7493,9345159266,Charni Road,Other,7,elderly in group
Nitin Kadam 7494,9638701778,Byculla,Walk,3,children in group
Nitin Kadam 7495,9437438182,Lalbaug,train,2,
Prakash Gaikwad 7496,9533665322,Parel,walk,3,
Prakash Gaikwad 7497,9777875776,Parel,On foot,2,
Nitin Kadam 7498,9237862585,Charni Road,Train,6,
Nitin Kadam 7499,9649323397,Bhoiwada,Bus,2,
Ganesh More 7500,9862777298,Kalbadevi,Walk,7,elderly in group
Ganesh More 7501,9871247821,Parel,Walk,7,
Ganesh More 7502,9491629331,Charni Road,On foot,5,
Ajay Bhosale 7503,9047669052,Parel,Walk,4,children in group
Ganesh More 7504,,Charni Road,Walk,7,
Nitin Kadam 7505,9736031183,Charni Road,Bus,1,
Vaishali Chavan 7506,9889424655,Charni Road,Train,3,
Nitin Kadam 7507,9744998760,Byculla,Rail,,
Ganesh More 7508,9550015533,Dadar,Walk,5,
Sunita Pawar 7509,9278940536,Grant Road,Train,3,
Ajay Bhosale 7510,9274583908,Grant Road,N/A,5,
Ganesh More 7511,9502051249,Byculla,bus,,
Rekha Shinde 7512,9037053243,Kalbadevi,Bus,2,
Rekha Shinde 7513,9437118341,Bhoiwada,Train,8,
Sunita Pawar 7514,,Charni Road,Walk,,
Prakash Gaikwad 7515,9460792283,Byculla,bus,5,
Sunita Pawar 7516,9608824495,Lalbaug,Walk,1,
,,Grant Road,Walk,4,
Rekha Shinde 7518,9215083284,Grant Road,Walk,3,
Ajay Bhosale 7519,9897577249,Dadar,walk,8,elderly in group
Ganesh More 7520,9428879930,Bhoiwada,bus,1,children in group
Nitin Kadam 7521,9797901524,Grant Road,Bus,7,
Sunita Pawar 7522,,Dadar,walk,3,
Ajay Bhosale 7523,9440769880,Chowpatty,Bus,3,elderly in group
Vaishali Chavan 7524,9085354650,Bhoiwada,Bus,1,carrying idol
Ganesh More 7525,9043041315,Byculla,bus,2,
Meena Salvi 7526,9256947426,Byculla,walk,6,elderly in group
Prakash Gaikwad 7527,9034538333,,bus,5,carrying idol
Ganesh More 7528,9308286309,,Train,4,
Rekha Shinde 7529,9519994257,Chowpatty,bus,7,children in group
Rekha Shinde 7530,9182004069,Lalbaug,On foot,2,
Sunita Pawar 7531,,Kalbadevi,Walk,6,
Vaishali Chavan 7532,9938526966,Grant Road,Walk,6,
Ajay Bhosale 7533,9991788192,Chowpatty,N/A,1,elderly in group
Nitin Kadam 7534,,Charni Road,Bus,5,
Nitin Kadam 7535,9194511952,Bhoiwada,train,5,carrying idol
Sunita Pawar 7536,9819815183,Parel,Bus,8,elderly in group
Ajay Bhosale 7537,,Kalbadevi,Walk,,
Ganesh More 7538,9377629613,Lalbaug,train,6,
Nitin Kadam 7539,9353682373,Lalbaug,Walk,4,
Rekha Shinde 7540,9699085100,Byculla,N/A,2,elderly in group
Nitin Kadam 7541,9677424940,Grant Road,Walk,6,carrying idol
Vaishali Chavan 7542,9816198359,Lalbaug,Walk,2,
Rekha Shinde 7543,9471279487,Chowpatty,Walk,7,
Vaishali Chavan 7544,9805201170,Parel,Bus,2,
Prakash Gaikwad 7545,9542683808,Lalbaug,Train,7,
Ajay Bhosale 7546,9936380074,Chowpatty,Local,2,
Sunita Pawar 7547,9299355082,Girgaon,Train,4,
Vaishali Chavan 7548,9733222480,Charni Road,Walk,4,elderly in group
Ajay Bhosale 7549,9084754298,Kalbadevi,Walk,1,children in group
Ajay Bhosale 7550,9782132195,Bhoiwada,walk,,
Sunita Pawar 7551,9685388423,Grant Road,Walk,6,elderly in group
Meena Salvi 7552,9628843706,Girgaon,Train,3,carrying idol
Sunita Pawar 7553,9970144392,Chowpatty,Walk,2,
,9662989344,Parel,train,8,
Ganesh More 7555,9203887020,,Bus,6,
Nitin Kadam 7556,9158118771,Chowpatty,Walk,3,
Ganesh More 7557,,Lalbaug,Train,8,
Rekha Shinde 7558,9270289625,Chowpatty,train,3,
Meena Salvi 7559,9222725574,Girgaon,bus,4,carrying idol
Vaishali Chavan 7560,9820376864,Lalbaug,walk,5,
Sunita Pawar 7561,9523669774,Chowpatty,walk,2,
Ajay Bhosale 7562,9866859065,Dadar,Train,3,
Nitin Kadam 7563,9234790286,Parel,train,4,
Nitin Kadam 7564,9723171530,Kalbadevi,Bus,5,
Rekha Shinde 7565,9034386722,Byculla,Rail,8,
Sunita Pawar 7566,,Grant Road,walk,6,
Prakash Gaikwad 7567,,Dadar,walk,3,elderly in group
Rekha Shinde 7568,9737329304,Dadar,train,5,
Vaishali Chavan 7569,9887585205,Charni Road,Bus,2,
Prakash Gaikwad 7570,9751350062,Bhoiwada,walk,5,
Nitin Kadam 7571,,Parel,Train,4,children in group
Prakash Gaikwad 7572,9689684306,Kalbadevi,On foot,1,
Prakash Gaikwad 7573,9153841644,Kalbadevi,Walk,2,
Sunita Pawar 7574,,Girgaon,train,8,
Vaishali Chavan 7575,9194612509,Grant Road,Train,7,
Rekha Shinde 7576,,Dadar,train,5,
Sunita Pawar 7577,9305231169,Dadar,Walk,5,
Vaishali Chavan 7578,9298481029,Bhoiwada,Walk,2,
Prakash Gaikwad 7579,9731904955,Dadar,Bus,1,carrying idol
Nitin Kadam 7580,9391561131,Grant Road,Train,3,
Prakash Gaikwad 7581,,Parel,Walk,3,
Ajay Bhosale 7582,9202444995,Charni Road,On foot,2,
Prakash Gaikwad 7583,9260228954,Charni Road,Walk,6,
Sunita Pawar 7584,9439104978,Bhoiwada,BEST,,
Meena Salvi 7585,9455238673,Grant Road,Train,2,
Ganesh More 7586,9347293530,Girgaon,Bus,4,children in group
Sunita Pawar 7587,9848317455,Parel,Train,8,
Prakash Gaikwad 7588,9889869356,Grant Road,Train,4,children in group
Ajay Bhosale 7589,,Dadar,Walking,,
Nitin Kadam 7590,9942909393,Charni Road,Bus,7,
Vaishali Chavan 7591,,Girgaon,Bus,5,
Nitin Kadam 7592,,Grant Road,Walk,5,
Sunita Pawar 7593,,Charni Road,Walk,2,carrying idol
Vaishali Chavan 7594,9950286636,,Bus,4,
Ajay Bhosale 7595,9901426803,Lalbaug,Walk,,
,9777062401,Bhoiwada,Walk,3,
Vaishali Chavan 7597,9823313894,Dadar,,2,
Meena Salvi 7598,9072835972,Byculla,Rail,1,
Sunita Pawar 7599,9260284297,Dadar,walk,7,
Ganesh More 7600,,Grant Road,Train,2,
Ajay Bhosale 7601,9945093786,Charni Road,Local,,
Rekha Shinde 7602,9936708476,Parel,Bus,,
Sunita Pawar 7603,9011594226,Girgaon,Walk,3,
Ganesh More 7604,9472396485,Byculla,Walk,2,
Vaishali Chavan 7605,9465642194,Lalbaug,Bus,6,
Nitin Kadam 7606,,Kalbadevi,Bus,4,
Prakash Gaikwad 7607,9991919831,Parel,Walk,1,
Vaishali Chavan 7608,,Dadar,Train,2,
Meena Salvi 7609,9879326921,Chowpatty,Walk,1,elderly in group
Sunita Pawar 7610,9194118278,Byculla,walk,7,
Ajay Bhosale 7611,9602710948,Bhoiwada,train,4,children in group
Meena Salvi 7612,9689064851,Grant Road,Walk,1,carrying idol
Vaishali Chavan 7613,9040567363,Grant Road,Walk,7,
Vaishali Chavan 7614,9419311461,Byculla,walk,5,
Meena Salvi 7615,9026335969,Charni Road,Walk,5,
Sunita Pawar 7616,,Kalbadevi,Walk,1,children in group
Prakash Gaikwad 7617,9942181067,Kalbadevi,train,3,
Rekha Shinde 7618,,Dadar,Walk,1,elderly in group
Meena Salvi 7619,9525640700,Charni Road,Walk,6,
Ajay Bhosale 7620,9221315219,Parel,N/A,6,
Prakash Gaikwad 7621,9304042104,Grant Road,Bus,2,
Prakash Gaikwad 7622,9904466406,Bhoiwada,train,,
Vaishali Chavan 7623,9945202433,Lalbaug,walk,7,
Meena Salvi 7624,9762648384,Girgaon,walk,3,carrying idol
Ajay Bhosale 7625,9335791917,Girgaon,walk,6,elderly in group
Sunita Pawar 7626,,Byculla,Walk,1,
Sunita Pawar 7627,9546487805,Byculla,Walk,,
Prakash Gaikwad 7628,9070160626,Bhoiwada,train,8,
Rekha Shinde 7629,9146450011,Bhoiwada,walk,4,
Vaishali Chavan 7630,,Chowpatty,walk,8,
Sunita Pawar 7631,9747694235,Dadar,Walk,5,
,9099218145,Chowpatty,Bus,1,
Ganesh More 7633,9156339629,Charni Road,Train,,
Meena Salvi 7634,9267980943,Charni Road,bus,7,
Nitin Kadam 7635,9864925150,Girgaon,Train,8,
Prakash Gaikwad 7636,,Chowpatty,Walking,8,children in group
Sunita Pawar 7637,9358004559,Dadar,On foot,6,
Sunita Pawar 7638,9955508417,Lalbaug,,6,
Prakash Gaikwad 7639,,Chowpatty,train,,
Vaishali Chavan 7640,9330291727,Charni Road,Walking,8,
Vaishali Chavan 7641,9677201496,Girgaon,Local,8,
Ganesh More 7642,9328632430,Lalbaug,Train,3,
Ganesh More 7643,9175178178,Grant Road,Train,2,
Vaishali Chavan 7644,9674251847,Lalbaug,Walk,6,
,9354271725,,Walk,5,children in group
Vaishali Chavan 7646,,Girgaon,Walking,4,children in group
Prakash Gaikwad 7647,9233986320,Girgaon,Train,,
Sunita Pawar 7648,9749561297,Bhoiwada,Bus,2,
Nitin Kadam 7649,9443377969,,Local,3,
Rekha Shinde 7650,,Grant Road,Walking,4,children in group
Rekha Shinde 7651,9274943721,Chowpatty,walk,,
Meena Salvi 7652,9072527311,Kalbadevi,train,6,
,9750811216,Parel,walk,1,
Vaishali Chavan 7654,9454883323,Girgaon,Walk,5,
Meena Salvi 7655,9127750287,Bhoiwada,Rail,5,
Ajay Bhosale 7656,9933334882,Girgaon,Walk,7,
Ajay Bhosale 7657,9493627020,Dadar,walk,,
Nitin Kadam 7658,9995535057,Bhoiwada,Bus,7,
Rekha Shinde 7659,9078115126,Bhoiwada,train,7,children in group
Vaishali Chavan 7660,9190215721,Grant Road,train,6,elderly in group
Sunita Pawar 7661,9887149485,Lalbaug,Bus,2,
,9850667287,Charni Road,train,8,
Nitin Kadam 7663,9116394030,Chowpatty,train,4,children in group
Meena Salvi 7664,9629611012,Bhoiwada,walk,4,
Meena Salvi 7665,9238360757,Grant Road,Bus,2,carrying idol
Meena Salvi 7666,9318959186,Chowpatty,Bus,7,carrying idol
Meena Salvi 7667,,Charni Road,Train,2,
Prakash Gaikwad 7668,,Grant Road,On foot,6,
Ganesh More 7669,9061824682,,Walk,2,
Ganesh More 7670,,Lalbaug,Walk,3,
Ajay Bhosale 7671,9901660423,Chowpatty,Train,4,
Ajay Bhosale 7672,9388267309,Charni Road,Train,8,
Nitin Kadam 7673,,Lalbaug,Bus,5,
Prakash Gaikwad 7674,,Chowpatty,train,5,
Sunita Pawar 7675,9905316973,Lalbaug,Train,8,
Meena Salvi 7676,9818904065,Byculla,train,7,
Vaishali Chavan 7677,,Bhoiwada,On foot,7,
Prakash Gaikwad 7678,9556874679,Kalbadevi,bus,8,
Nitin Kadam 7679,9839447426,Chowpatty,Walk,3,
Prakash Gaikwad 7680,9601244997,,Walking,5,
Sunita Pawar 7681,9114156320,Dadar,N/A,,children in group
Vaishali Chavan 7682,,Grant Road,walk,1,
Ganesh More 7683,9254482441,Byculla,Walk,4,
,9152226372,Kalbadevi,walk,8,children in group
Ajay Bhosale 7685,9885164795,Kalbadevi,bus,2,
Nitin Kadam 7686,9888596251,Lalbaug,Other,7,
Meena Salvi 7687,,Grant Road,Walking,,
Prakash Gaikwad 7688,9857961148,Chowpatty,Walk,1,
Rekha Shinde 7689,9857874575,Kalbadevi,Bus,5,
Rekha Shinde 7690,9551301093,Bhoiwada,Bus,8,
Meena Salvi 7691,9170761191,Charni Road,On foot,8,
Rekha Shinde 7692,9009066373,Lalbaug,train,,
Meena Salvi 7693,9834305957,Parel,Train,8,children in group
Meena Salvi 7694,9795302605,Byculla,bus,6,carrying idol
Sunita Pawar 7695,9568262947,Girgaon,N/A,,
Nitin Kadam 7696,,Grant Road,Bus,1,
Vaishali Chavan 7697,9349591106,Parel,Walk,3,
Sunita Pawar 7698,9823874302,Charni Road,On foot,1,
Nitin Kadam 7699,9440766741,Bhoiwada,walk,6,
Vaishali Chavan 7700,9090994289,Bhoiwada,walk,1,
Meena Salvi 7701,9783938933,Kalbadevi,Walk,1,
Ganesh More 7702,9950708223,Charni Road,BEST,2,
Meena Salvi 7703,9598469177,Chowpatty,Walk,2,elderly in group
Nitin Kadam 7704,9686092365,Byculla,Walk,,elderly in group
Prakash Gaikwad 7705,9819536302,Girgaon,train,3,carrying idol
Ajay Bhosale 7706,9378350242,,Walking,8,
Nitin Kadam 7707,9115539519,Lalbaug,Bus,1,
Prakash Gaikwad 7708,,Girgaon,walk,8,
Vaishali Chavan 7709,,Byculla,Train,,
Sunita Pawar 7710,9619924205,Lalbaug,Walk,7,
Ajay Bhosale 7711,9818018711,Lalbaug,Train,2,
Vaishali Chavan 7712,,,Walk,4,
Ganesh More 7713,,Chowpatty,On foot,6,carrying idol
Rekha Shinde 7714,9203474574,Chowpatty,Walk,5,
,9533223613,Byculla,walk,5,
Sunita Pawar 7716,9492931154,Bhoiwada,Train,8,
Meena Salvi 7717,9669605792,Chowpatty,,1,
Rekha Shinde 7718,,Parel,On foot,7,
Rekha Shinde 7719,9152509655,Grant Road,walk,3,
Vaishali Chavan 7720,9429149224,Lalbaug,Local,4,children in group
Nitin Kadam 7721,9406109608,Bhoiwada,Walk,7,
Meena Salvi 7722,,Parel,walk,8,children in group
Meena Salvi 7723,,,Walk,6,carrying idol
Nitin Kadam 7724,,Girgaon,BEST,1,children in group
Sunita Pawar 7725,,Charni Road,Walk,1,children in group
,9700581713,Girgaon,Walk,6,
Meena Salvi 7727,9320713382,Bhoiwada,Train,5,children in group
Sunita Pawar 7728,9410562888,Byculla,Local,4,
Nitin Kadam 7729,9262137396,Byculla,Train,6,
Prakash Gaikwad 7730,9024033266,Girgaon,Rail,1,
Ajay Bhosale 7731,9297828290,Byculla,N/A,4,carrying idol
Ajay Bhosale 7732,9037781532,Lalbaug,Train,4,
Prakash Gaikwad 7733,9867873721,Lalbaug,train,,
Vaishali Chavan 7734,9529881887,Chowpatty,Bus,7,
,9374828789,Girgaon,Rail,,children in group
Meena Salvi 7736,9319104301,Grant Road,Walk,1,
Meena Salvi 7737,9780412954,Kalbadevi,Bus,4,
Meena Salvi 7738,9224835763,Byculla,,5,
Prakash Gaikwad 7739,9693360991,Parel,Walk,5,
Ajay Bhosale 7740,9885158334,Parel,Walk,,carrying idol
Vaishali Chavan 7741,9266118771,Lalbaug,Walk,6,
Meena Salvi 7742,9311923042,Byculla,Train,,
Meena Salvi 7743,,Parel,Rail,6,carrying idol
Vaishali Chavan 7744,9647118164,Grant Road,Train,1,
Vaishali Chavan 7745,,Dadar,walk,7,elderly in group
Rekha Shinde 7746,9075176246,Byculla,On foot,8,
Rekha Shinde 7747,9093162610,,Bus,4,children in group
Ganesh More 7748,9292165055,Girgaon,Bus,3,
Meena Salvi 7749,,Dadar,walk,5,
Meena Salvi 7750,9642456589,Girgaon,Bus,2,
Ajay Bhosale 7751,9665099761,Chowpatty,walk,5,
Ganesh More 7752,9403305494,Dadar,train,5,
Meena Salvi 7753,9792824756,Bhoiwada,Bus,1,
Meena Salvi 7754,9211788967,Kalbadevi,train,6,
Vaishali Chavan 7755,,Girgaon,Walk,7,
Prakash Gaikwad 7756,9355972720,Parel,walk,3,
Nitin Kadam 7757,9162634114,Chowpatty,Walk,3,
Prakash Gaikwad 7758,9158652229,Lalbaug,Walk,1,
Rekha Shinde 7759,9163704023,Dadar,walk,7,
Sunita Pawar 7760,,Dadar,Walk,1,
Meena Salvi 7761,,Kalbadevi,Bus,2,
Meena Salvi 7762,9964868963,Bhoiwada,Walk,2,
Rekha Shinde 7763,9600738778,Lalbaug,Train,8,
Meena Salvi 7764,9194398756,Grant Road,Bus,2,
Nitin Kadam 7765,9882511322,Charni Road,Walking,5,
Rekha Shinde 7766,9669690155,Parel,Walk,7,elderly in group
Vaishali Chavan 7767,9535294125,Lalbaug,train,3,
Sunita Pawar 7768,9727941174,Bhoiwada,Bus,7,
Vaishali Chavan 7769,9954912383,Chowpatty,Walk,,children in group
Rekha Shinde 7770,,Girgaon,Walk,2,
Rekha Shinde 7771,9154726433,Dadar,Bus,,
Sunita Pawar 7772,9660557141,Bhoiwada,Walk,7,
Ganesh More 7773,9516086145,,Train,2,
Ganesh More 7774,9801592402,Byculla,Train,1,
Nitin Kadam 7775,9564120555,Girgaon,Walking,6,elderly in group
Rekha Shinde 7776,9029808927,Lalbaug,Bus,,
Rekha Shinde 7777,9958182259,Byculla,Walk,5,
,9622874145,Grant Road,Rail,5,
Prakash Gaikwad 7779,9489215023,Charni Road,Rail,7,
Prakash Gaikwad 7780,9417756608,Byculla,train,3,
Vaishali Chavan 7781,,Kalbadevi,Walk,3,
Sunita Pawar 7782,9055750295,Dadar,train,2,
Sunita Pawar 7783,,Dadar,On foot,2,
Vaishali Chavan 7784,9759942465,Chowpatty,Bus,6,
Sunita Pawar 7785,9874317516,Dadar,Train,4,children in group
Rekha Shinde 7786,,Parel,Train,1,
Ajay Bhosale 7787,9573847079,Lalbaug,Walk,8,
Meena Salvi 7788,9917814865,Grant Road,Train,2,
Ajay Bhosale 7789,9195605061,Kalbadevi,bus,8,
Prakash Gaikwad 7790,9065088599,Lalbaug,walk,8,elderly in group
Vaishali Chavan 7791,9350074767,Chowpatty,Walk,4,
Prakash Gaikwad 7792,9518015182,Byculla,N/A,4,
Nitin Kadam 7793,,Kalbadevi,Train,6,
Sunita Pawar 7794,,Girgaon,Train,6,
Nitin Kadam 7795,9085324750,Grant Road,walk,8,
Prakash Gaikwad 7796,9114382495,Charni Road,train,1,
,9732140849,Parel,Bus,8,
Sunita Pawar 7798,9551481886,Chowpatty,walk,5,
,9895661074,Grant Road,Walk,,
Ganesh More 7800,9204692498,Bhoiwada,train,4,
Sunita Pawar 7801,9154603438,Byculla,Walk,8,
Rekha Shinde 7802,9329028662,Lalbaug,Bus,1,carrying idol
Prakash Gaikwad 7803,9869029715,Dadar,Walk,2,children in group
Sunita Pawar 7804,9107547835,Grant Road,train,8,
Meena Salvi 7805,9410060046,Lalbaug,Bus,2,
Meena Salvi 7806,9209641224,Chowpatty,walk,2,
Ganesh More 7807,9188006170,Charni Road,Walk,8,elderly in group
Meena Salvi 7808,9250574428,Byculla,train,4,
Rekha Shinde 7809,9112881932,Charni Road,Train,5,
Sunita Pawar 7810,9370822714,Parel,walk,4,elderly in group
Meena Salvi 7811,9633667266,Grant Road,Walk,6,children in group
Meena Salvi 7812,9617125323,Parel,Walk,4,carrying idol
Prakash Gaikwad 7813,9065417091,Dadar,Walk,5,
Ganesh More 7814,9135867855,Chowpatty,Train,8,
Ganesh More 7815,9497412758,Grant Road,BEST,7,
Prakash Gaikwad 7816,9567084389,Charni Road,train,5,
Nitin Kadam 7817,9461925121,Grant Road,Walk,3,
Prakash Gaikwad 7818,9676716034,Byculla,Walk,4,
Nitin Kadam 7819,9404263678,Dadar,Bus,2,elderly in group
Vaishali Chavan 7820,9253964292,,Train,4,
Sunita Pawar 7821,9591847513,Grant Road,Bus,2,
Meena Salvi 7822,9121061552,Dadar,Local,7,children in group
Rekha Shinde 7823,9300255496,Lalbaug,walk,3,children in group
Rekha Shinde 7824,9216002050,Kalbadevi,Walk,3,
,9168209886,Kalbadevi,Rail,4,
Meena Salvi 7826,9857630546,Chowpatty,Walk,5,carrying idol
Rekha Shinde 7827,9813006800,Charni Road,Walk,1,
Sunita Pawar 7828,9811686025,Parel,Walk,7,
Vaishali Chavan 7829,9888665911,Grant Road,On foot,1,
Prakash Gaikwad 7830,9709184731,Kalbadevi,Rail,3,
Prakash Gaikwad 7831,9942587553,Dadar,Bus,5,
Ganesh More 7832,9787995115,Girgaon,bus,8,
Meena Salvi 7833,,Girgaon,bus,2,
Ganesh More 7834,9125190775,Charni Road,bus,6,
Vaishali Chavan 7835,9864564834,Dadar,Bus,4,
Ajay Bhosale 7836,9657609947,Lalbaug,Walk,6,
Vaishali Chavan 7837,9971544480,Dadar,Walk,3,
Sunita Pawar 7838,9041356835,Charni Road,Walk,3,carrying idol
Sunita Pawar 7839,9056798959,Girgaon,On foot,4,elderly in group
Nitin Kadam 7840,,Lalbaug,train,,
Rekha Shinde 7841,9538476182,Girgaon,Train,8,elderly in group
Ganesh More 7842,9702320958,Dadar,Bus,3,
Vaishali Chavan 7843,9229395267,Girgaon,train,2,
Prakash Gaikwad 7844,9101530089,Byculla,walk,2,children in group
Sunita Pawar 7845,9381398528,Lalbaug,Bus,4,
Prakash Gaikwad 7846,9822325410,Lalbaug,Walk,2,
Prakash Gaikwad 7847,,Charni Road,bus,5,
Vaishali Chavan 7848,9397873531,Girgaon,Walk,6,
Nitin Kadam 7849,9977517592,Lalbaug,Walking,1,
Ajay Bhosale 7850,9412953239,Byculla,walk,4,
Vaishali Chavan 7851,9407511783,Charni Road,walk,4,
Ajay Bhosale 7852,9593048521,Girgaon,Walk,6,
Ganesh More 7853,9156183700,Kalbadevi,walk,,
Prakash Gaikwad 7854,,,Bus,2,
Ajay Bhosale 7855,,Chowpatty,Walk,2,
Vaishali Chavan 7856,9196115033,Lalbaug,Bus,7,
Prakash Gaikwad 7857,9222426958,,walk,8,
Vaishali Chavan 7858,9837542481,Dadar,On foot,4,carrying idol
Rekha Shinde 7859,,Kalbadevi,Train,8,
Meena Salvi 7860,9293845462,Kalbadevi,walk,5,
Prakash Gaikwad 7861,,Charni Road,Walk,5,
Ganesh More 7862,,Bhoiwada,Walk,1,
Prakash Gaikwad 7863,9699416945,Grant Road,N/A,1,carrying idol
Prakash Gaikwad 7864,9026279111,Kalbadevi,bus,3,
Nitin Kadam 7865,9962607160,Kalbadevi,Train,5,
Nitin Kadam 7866,9310978667,Dadar,walk,6,
Meena Salvi 7867,9966688839,Byculla,Walk,3,
,9958727124,Lalbaug,Walk,1,
Nitin Kadam 7869,9191596763,Parel,Walk,,
Nitin Kadam 7870,,Grant Road,Walk,3,
Rekha Shinde 7871,9127598879,Dadar,Walk,7,
Meena Salvi 7872,9140211626,Grant Road,walk,1,
Vaishali Chavan 7873,9734720516,Girgaon,On foot,4,
Sunita Pawar 7874,9636132602,Charni Road,Walk,5,
Vaishali Chavan 7875,,Charni Road,train,5,
Ganesh More 7876,9500093874,Girgaon,train,1,
Prakash Gaikwad 7877,9292730935,Parel,train,5,children in group
Nitin Kadam 7878,9850363094,,bus,1,
Meena Salvi 7879,9157041096,Dadar,Local,2,
Ajay Bhosale 7880,9338442805,Parel,walk,4,
Sunita Pawar 7881,9649284786,Kalbadevi,Walk,7,
Nitin Kadam 7882,9532514839,Lalbaug,walk,7,
Rekha Shinde 7883,9928218092,Parel,Train,5,elderly in group
Nitin Kadam 7884,9526566606,Kalbadevi,bus,5,carrying idol
Meena Salvi 7885,9208763600,Kalbadevi,Train,,children in group
Prakash Gaikwad 7886,9172208700,Chowpatty,Bus,8,
Prakash Gaikwad 7887,9205238176,Lalbaug,train,1,
Prakash Gaikwad 7888,9497913776,Byculla,Walk,,
,9009273927,Charni Road,Train,6,elderly in group
Ganesh More 7890,9138597621,,train,6,
Prakash Gaikwad 7891,,Lalbaug,Walking,1,carrying idol
,9694234885,,walk,1,
Rekha Shinde 7893,9561359605,Bhoiwada,Train,6,elderly in group
Ganesh More 7894,9135908443,Chowpatty,Walk,7,
Vaishali Chavan 7895,9488322046,Girgaon,train,3,
Prakash Gaikwad 7896,,Byculla,Other,8,
Rekha Shinde 7897,,Chowpatty,Walk,1,
Ganesh More 7898,9077469178,Girgaon,walk,4,
Rekha Shinde 7899,9231620359,Girgaon,Walk,3,elderly in group
Rekha Shinde 7900,9120842768,Grant Road,On foot,8,
,9042205308,Grant Road,Walk,1,
Meena Salvi 7902,9669823768,Dadar,Walk,8,
Prakash Gaikwad 7903,9478950961,Bhoiwada,Walk,1,elderly in group
Ajay Bhosale 7904,9716190516,Girgaon,walk,2,
Rekha Shinde 7905,9949794220,Girgaon,Train,6,
Nitin Kadam 7906,9712041480,Parel,Bus,8,
Nitin Kadam 7907,9845767246,Bhoiwada,Bus,5,
,9392715985,Bhoiwada,Walking,7,carrying idol
Ajay Bhosale 7909,9108233282,Bhoiwada,Walk,8,
Vaishali Chavan 7910,,Chowpatty,Walk,6,
,9060297111,Lalbaug,walk,8,
Prakash Gaikwad 7912,9951711421,Chowpatty,walk,4,
Nitin Kadam 7913,,Dadar,Bus,4,
Vaishali Chavan 7914,,Charni Road,Train,8,
Vaishali Chavan 7915,9241251108,Chowpatty,Bus,7,
Rekha Shinde 7916,9146885431,Dadar,Train,1,
Vaishali Chavan 7917,9695333266,Kalbadevi,Walk,8,
Rekha Shinde 7918,,Bhoiwada,bus,1,
Meena Salvi 7919,9683436261,Dadar,Walk,8,
Meena Salvi 7920,9994442372,Byculla,Bus,1,
,9223375332,Lalbaug,walk,,
Ganesh More 7922,,Lalbaug,Walk,8,elderly in group
Prakash Gaikwad 7923,9095114225,Girgaon,Train,4,
Ganesh More 7924,9215215341,Charni Road,Train,8,carrying idol
Nitin Kadam 7925,9576501189,Grant Road,Walk,,
Prakash Gaikwad 7926,,Girgaon,BEST,3,
Meena Salvi 7927,9546570969,Lalbaug,Bus,7,
Meena Salvi 7928,9112359458,Bhoiwada,Walking,7,
Ganesh More 7929,9798022170,Grant Road,train,1,
Prakash Gaikwad 7930,,Dadar,On foot,3,
Rekha Shinde 7931,9424219368,Girgaon,Bus,6,
Ajay Bhosale 7932,9552715891,Kalbadevi,Walk,4,
Rekha Shinde 7933,9991238522,Girgaon,Walk,5,
Ajay Bhosale 7934,9648475885,Chowpatty,Train,7,
Sunita Pawar 7935,,Charni Road,train,2,
Ganesh More 7936,9201077148,Grant Road,Walk,,
Rekha Shinde 7937,9819646578,Byculla,walk,7,
Meena Salvi 7938,9109059950,Lalbaug,On foot,8,
Sunita Pawar 7939,9791248175,Chowpatty,Walk,7,
Ajay Bhosale 7940,9590466584,Bhoiwada,Walk,6,
Rekha Shinde 7941,9876847329,Chowpatty,walk,2,
Nitin Kadam 7942,9953511017,Lalbaug,Bus,1,
Sunita Pawar 7943,9356054647,Lalbaug,walk,8,
Nitin Kadam 7944,9668518923,Charni Road,Walk,5,
Sunita Pawar 7945,9602129756,Girgaon,BEST,3,
Meena Salvi 7946,9216949672,Byculla,BEST,8,
Ajay Bhosale 7947,,Grant Road,bus,8,
Ajay Bhosale 7948,,Chowpatty,Walk,7,
Ganesh More 7949,,Dadar,Walk,8,
Prakash Gaikwad 7950,9389260104,Kalbadevi,walk,2,
Sunita Pawar 7951,,Byculla,train,3,
Rekha Shinde 7952,9700441994,Lalbaug,Walking,2,carrying idol
Prakash Gaikwad 7953,9678686455,Byculla,bus,2,
Ganesh More 7954,,Dadar,Bus,,
Sunita Pawar 7955,9117905671,Parel,Bus,5,
Vaishali Chavan 7956,9996089158,Lalbaug,Walk,3,
Ganesh More 7957,9000780935,Lalbaug,Walk,,
Sunita Pawar 7958,9321172291,Kalbadevi,Rail,8,
,9858980645,Charni Road,bus,8,
Nitin Kadam 7960,9932001944,Dadar,walk,6,
Meena Salvi 7961,9181669838,Bhoiwada,walk,,elderly in group
Nitin Kadam 7962,9808796650,Charni Road,train,,
Vaishali Chavan 7963,9724845328,Byculla,Train,8,elderly in group
Nitin Kadam 7964,,Parel,N/A,6,
Meena Salvi 7965,9580641418,Girgaon,On foot,6,
Ganesh More 7966,,Grant Road,Train,5,
Vaishali Chavan 7967,,Kalbadevi,Walk,3,
Vaishali Chavan 7968,9171498859,Parel,Bus,6,
Vaishali Chavan 7969,9773130735,Grant Road,Walk,8,elderly in group
Ganesh More 7970,9960701793,Charni Road,walk,2,
Meena Salvi 7971,,Bhoiwada,Train,2,carrying idol
Ganesh More 7972,,Kalbadevi,train,7,
Meena Salvi 7973,9004099213,Chowpatty,train,8,
Nitin Kadam 7974,9756359978,Grant Road,Local,4,
,9363958117,Kalbadevi,Train,7,
Nitin Kadam 7976,9720634087,Grant Road,Other,5,
Ganesh More 7977,9512913344,Girgaon,Local,2,
Ajay Bhosale 7978,9096223267,Grant Road,Walking,4,carrying idol
Nitin Kadam 7979,9463017383,Grant Road,Bus,2,
Nitin Kadam 7980,9144172918,Chowpatty,walk,8,
Ganesh More 7981,,Byculla,Bus,7,
,9135387838,Kalbadevi,Local,8,
Nitin Kadam 7983,9716487194,Dadar,train,,
Meena Salvi 7984,9254391408,Grant Road,Walk,4,
Ganesh More 7985,9473417505,,Walk,1,
Prakash Gaikwad 7986,9310640270,Bhoiwada,Walk,,
Nitin Kadam 7987,,,Train,1,
Ganesh More 7988,9498797912,Chowpatty,Walk,3,
Rekha Shinde 7989,9003818394,Byculla,Walk,7,
Rekha Shinde 7990,9816135812,Bhoiwada,train,8,
Sunita Pawar 7991,9181642600,Byculla,Walk,4,elderly in group
Nitin Kadam 7992,9860165813,Parel,Walk,,elderly in group
Rekha Shinde 7993,9691349424,Grant Road,Walk,,
Prakash Gaikwad 7994,9078993276,Chowpatty,Train,6,
Nitin Kadam 7995,9408745813,Charni Road,Walking,7,children in group
Ajay Bhosale 7996,9589960924,Parel,On foot,,carrying idol
Sunita Pawar 7997,9075025374,Bhoiwada,Bus,3,
Sunita Pawar 7998,9737558008,Girgaon,Bus,7,carrying idol
Sunita Pawar 7999,9895238049,Lalbaug,Walk,4,
Ajay Bhosale 8000,9962815409,Charni Road,Bus,7,
Meena Salvi 8001,9002056509,Chowpatty,Bus,2,
Prakash Gaikwad 8002,,Girgaon,On foot,,
Prakash Gaikwad 8003,9767337723,Kalbadevi,Bus,,
Meena Salvi 8004,9546445072,Lalbaug,Walk,6,
Sunita Pawar 8005,9582122024,Chowpatty,walk,5,
Vaishali Chavan 8006,9840672499,Grant Road,Walk,8,
Vaishali Chavan 8007,9882762217,Chowpatty,Walk,5,
Vaishali Chavan 8008,9831080828,,Train,7,
Sunita Pawar 8009,,Kalbadevi,Walk,2,
Nitin Kadam 8010,9065748126,Lalbaug,walk,1,
Sunita Pawar 8011,9903958963,Charni Road,BEST,7,
Nitin Kadam 8012,,Chowpatty,train,4,
Sunita Pawar 8013,9644207734,Byculla,Train,2,
Meena Salvi 8014,,Dadar,Train,1,
Meena Salvi 8015,,Kalbadevi,Rail,,
,9854556864,,Walk,1,
Sunita Pawar 8017,9289372441,Parel,Walk,2,
Nitin Kadam 8018,9461625891,Parel,Train,8,
Vaishali Chavan 8019,,Byculla,walk,5,
Prakash Gaikwad 8020,9936180267,Parel,Walk,6,
Rekha Shinde 8021,,Parel,Bus,7,
Nitin Kadam 8022,9504394743,Grant Road,Walk,7,carrying idol
Prakash Gaikwad 8023,9510400410,Dadar,Bus,7,
Ganesh More 8024,9726588377,Charni Road,train,,
Nitin Kadam 8025,9355906580,Grant Road,Walk,8,
Nitin Kadam 8026,,Grant Road,On foot,1,
Rekha Shinde 8027,9649342557,Charni Road,Train,1,
Vaishali Chavan 8028,9296169525,Byculla,BEST,1,
Ajay Bhosale 8029,9836555109,Bhoiwada,Walking,8,carrying idol
Prakash Gaikwad 8030,9544524037,Lalbaug,Train,7,
Meena Salvi 8031,9742857166,Grant Road,Walk,6,
Rekha Shinde 8032,9670480190,Chowpatty,Walk,1,
Nitin Kadam 8033,9649037383,Kalbadevi,walk,8,
Ganesh More 8034,9031859444,Lalbaug,Train,2,
Vaishali Chavan 8035,,Dadar,Walk,,carrying idol
Ganesh More 8036,9962284434,Chowpatty,On foot,7,
Ganesh More 8037,9925111291,Parel,Train,6,
Nitin Kadam 8038,9996150309,Charni Road,train,6,
Sunita Pawar 8039,9259816031,Parel,walk,6,
Ganesh More 8040,9484056939,Chowpatty,Walk,5,
Rekha Shinde 8041,9731694167,Chowpatty,Bus,1,
Nitin Kadam 8042,9931949068,Kalbadevi,train,7,
Ganesh More 8043,9363168007,Parel,walk,7,
Sunita Pawar 8044,9089878743,,,5,
Meena Salvi 8045,9971740831,Bhoiwada,Rail,6,
Ganesh More 8046,9401646484,Dadar,On foot,5,elderly in group
Ajay Bhosale 8047,9168692189,Bhoiwada,Train,7,
Vaishali Chavan 8048,9309420249,Byculla,Walk,2,
Rekha Shinde 8049,,Charni Road,Local,3,
Rekha Shinde 8050,9569102638,Byculla,Bus,4,
Sunita Pawar 8051,,,On foot,5,
Nitin Kadam 8052,,Lalbaug,Walk,3,
Rekha Shinde 8053,9145303717,Byculla,Walk,8,
Ajay Bhosale 8054,9320008462,Charni Road,,8,
Nitin Kadam 8055,,Parel,walk,4,
Meena Salvi 8056,9649832731,Girgaon,Bus,1,
Prakash Gaikwad 8057,9434327535,Girgaon,walk,6,
,9666327274,Kalbadevi,N/A,8,
Sunita Pawar 8059,9491052181,Bhoiwada,Train,5,
Vaishali Chavan 8060,9807758745,Bhoiwada,Bus,,children in group
Prakash Gaikwad 8061,9734270185,Byculla,BEST,5,
Nitin Kadam 8062,9096769450,Grant Road,train,2,
Ganesh More 8063,9076274102,Bhoiwada,Walk,,
Prakash Gaikwad 8064,9907194388,Dadar,Train,7,
Rekha Shinde 8065,9183455596,Girgaon,Walk,4,
Nitin Kadam 8066,,Charni Road,Bus,,
Prakash Gaikwad 8067,9644399924,Girgaon,Walk,,
Vaishali Chavan 8068,,Chowpatty,Walk,2,carrying idol
Sunita Pawar 8069,9264113942,Grant Road,Bus,8,carrying idol
Meena Salvi 8070,9742683566,Charni Road,Walk,3,elderly in group
Rekha Shinde 8071,9149245107,Parel,Walk,1,
Meena Salvi 8072,9253958376,Byculla,Walk,6,
Ganesh More 8073,9945848082,Byculla,BEST,1,
Ajay Bhosale 8074,,Charni Road,walk,6,
Prakash Gaikwad 8075,9233027528,Bhoiwada,BEST,3,elderly in group
Ajay Bhosale 8076,9694488815,Chowpatty,train,4,
Sunita Pawar 8077,9518190549,Parel,walk,,
Sunita Pawar 8078,,Lalbaug,Walk,5,
Rekha Shinde 8079,9014797138,Charni Road,Train,7,
Ajay Bhosale 8080,9012841990,Chowpatty,Train,,
Ajay Bhosale 8081,9541322340,Bhoiwada,Train,5,
Sunita Pawar 8082,9849039302,Kalbadevi,bus,7,
Nitin Kadam 8083,9315490030,Lalbaug,Train,6,
Meena Salvi 8084,9031490560,Byculla,Bus,1,
Nitin Kadam 8085,9379536211,,Train,,
Meena Salvi 8086,,Byculla,bus,6,
Rekha Shinde 8087,9308893406,Girgaon,Walk,1,
Sunita Pawar 8088,9284033975,Lalbaug,Walk,7,
Prakash Gaikwad 8089,9279623543,Lalbaug,Train,5,
Meena Salvi 8090,,Byculla,Walk,,
Vaishali Chavan 8091,9421553065,Bhoiwada,Local,,children in group
Nitin Kadam 8092,9073860650,Charni Road,Walk,5,
Ajay Bhosale 8093,9310766253,Girgaon,train,2,carrying idol
Sunita Pawar 8094,9953552333,Chowpatty,Bus,5,
Nitin Kadam 8095,9452067296,Kalbadevi,Walk,2,
Meena Salvi 8096,9691290012,Dadar,Train,2,
Meena Salvi 8097,9535966742,Charni Road,Local,7,children in group
Ganesh More 8098,,Byculla,Train,7,
Meena Salvi 8099,9915826493,Charni Road,Bus,4,
Prakash Gaikwad 8100,9399184283,Byculla,Walking,,
Ajay Bhosale 8101,9928180153,Chowpatty,Bus,6,
Prakash Gaikwad 8102,9937840410,Grant Road,walk,4,
Sunita Pawar 8103,9338235717,Lalbaug,Walk,1,
Ganesh More 8104,9066012453,Girgaon,walk,7,
Meena Salvi 8105,,Bhoiwada,walk,,
Meena Salvi 8106,9514702355,Chowpatty,Walking,2,children in group
Ganesh More 8107,9124021908,Byculla,Walk,6,
Prakash Gaikwad 8108,9241795167,Kalbadevi,walk,5,
Meena Salvi 8109,9524568562,Grant Road,Bus,6,
Rekha Shinde 8110,9944396906,Charni Road,walk,2,
Sunita Pawar 8111,9119969592,Byculla,walk,6,
Nitin Kadam 8112,9730993226,Kalbadevi,Walk,3,children in group
Meena Salvi 8113,9455264481,Byculla,walk,8,
Nitin Kadam 8114,9026521631,Girgaon,Bus,6,
Meena Salvi 8115,9936604288,Byculla,train,7,
,9755044973,Kalbadevi,Train,3,
Sunita Pawar 8117,9523946951,Dadar,Walk,5,
Prakash Gaikwad 8118,,Chowpatty,Bus,,
Vaishali Chavan 8119,9090277350,Grant Road,train,,
Rekha Shinde 8120,9573595425,Lalbaug,Train,1,
Prakash Gaikwad 8121,,Grant Road,Walking,4,
Sunita Pawar 8122,9914187605,Kalbadevi,Walk,5,carrying idol
,9249341694,Chowpatty,walk,6,
Sunita Pawar 8124,9783212898,Charni Road,Train,1,
,,Dadar,Other,4,
Rekha Shinde 8126,,Lalbaug,Walk,,
Ajay Bhosale 8127,,Charni Road,Walk,8,
Vaishali Chavan 8128,,Parel,Train,2,
Rekha Shinde 8129,,Parel,walk,7,carrying idol
Meena Salvi 8130,9422195253,Byculla,Train,3,children in group
,9068611044,Dadar,bus,,
Nitin Kadam 8132,9171452378,Kalbadevi,Walking,1,
Ajay Bhosale 8133,9897835813,,Walk,1,
Meena Salvi 8134,9731999420,Kalbadevi,Bus,5,
Prakash Gaikwad 8135,,Byculla,Rail,4,
,9338000534,Lalbaug,Walk,,children in group
Rekha Shinde 8137,9735643303,Charni Road,Train,4,
Ajay Bhosale 8138,9457145271,Bhoiwada,Train,8,
Sunita Pawar 8139,,Kalbadevi,Train,3,
,9672731529,Byculla,bus,5,
Meena Salvi 8141,,Girgaon,Walk,2,
Nitin Kadam 8142,9338132812,Charni Road,bus,,
Vaishali Chavan 8143,9354376414,Grant Road,Bus,4,
Vaishali Chavan 8144,9557627942,Parel,Walk,6,elderly in group
Ajay Bhosale 8145,,Grant Road,Walk,,
Sunita Pawar 8146,9648951571,Parel,Walk,1,
Ganesh More 8147,9163668482,Byculla,Train,8,
Vaishali Chavan 8148,9806825109,Kalbadevi,On foot,2,elderly in group
Prakash Gaikwad 8149,9581087405,Parel,train,4,
Sunita Pawar 8150,9676791264,Girgaon,Walk,2,
Meena Salvi 8151,,Byculla,Walk,8,
Meena Salvi 8152,,Dadar,Walk,1,
Nitin Kadam 8153,9640076739,Girgaon,Walk,6,
Ajay Bhosale 8154,,Parel,Walk,4,children in group
Prakash Gaikwad 8155,9515254094,Charni Road,Walk,4,
,9181696777,Parel,,3,carrying idol
Vaishali Chavan 8157,9917983870,Lalbaug,train,,
Sunita Pawar 8158,9795343320,Dadar,Bus,3,
Sunita Pawar 8159,9757117435,Bhoiwada,On foot,8,
,9079874091,Charni Road,Other,1,
Prakash Gaikwad 8161,9610532199,Parel,walk,1,
Prakash Gaikwad 8162,9374744460,Parel,walk,6,
Sunita Pawar 8163,9348048947,Charni Road,N/A,2,
Prakash Gaikwad 8164,,Charni Road,Train,6,children in group
Prakash Gaikwad 8165,9895635117,Grant Road,Train,7,
Ajay Bhosale 8166,9991222133,Chowpatty,Walk,4,
Rekha Shinde 8167,9982073054,Charni Road,bus,3,
Meena Salvi 8168,9477522245,Bhoiwada,train,6,
Nitin Kadam 8169,9304520329,Chowpatty,bus,7,elderly in group
Rekha Shinde 8170,,Grant Road,Train,6,elderly in group
Prakash Gaikwad 8171,,Girgaon,bus,4,elderly in group
Rekha Shinde 8172,9850984047,,Walk,7,
Rekha Shinde 8173,9595742943,Chowpatty,Bus,4,children in group
,9945181556,Charni Road,walk,,
Prakash Gaikwad 8175,,Girgaon,Train,7,
Ganesh More 8176,9987004944,Parel,Bus,,
Meena Salvi 8177,9290878539,Dadar,On foot,,
Sunita Pawar 8178,9485140803,Grant Road,Walk,1,
Nitin Kadam 8179,9969302380,Grant Road,walk,5,
Prakash Gaikwad 8180,9432555466,Kalbadevi,train,2,
Rekha Shinde 8181,9675323037,Kalbadevi,Bus,6,children in group
Ganesh More 8182,9544053207,Dadar,train,2,
Ajay Bhosale 8183,9601110259,Chowpatty,Walk,3,
Ajay Bhosale 8184,9012933170,Parel,bus,2,children in group
Prakash Gaikwad 8185,9576102713,Kalbadevi,Walk,5,
Vaishali Chavan 8186,9489954206,Grant Road,Train,5,
Vaishali Chavan 8187,9847187389,Chowpatty,Train,7,
Vaishali Chavan 8188,9498994776,Parel,train,4,elderly in group
Vaishali Chavan 8189,9314573095,Bhoiwada,Walk,4,
Rekha Shinde 8190,9202324054,,Rail,3,
Sunita Pawar 8191,9925454299,Dadar,bus,6,children in group
Vaishali Chavan 8192,9520875009,Lalbaug,BEST,2,
Meena Salvi 8193,,Dadar,,,
Vaishali Chavan 8194,9741221131,Grant Road,Walk,3,
Meena Salvi 8195,9862440367,Bhoiwada,,1,
,9293165488,,BEST,8,children in group
Vaishali Chavan 8197,9415108697,Grant Road,walk,2,
Sunita Pawar 8198,9746260118,Lalbaug,Train,3,
Meena Salvi 8199,9873037773,Bhoiwada,Bus,1,
Prakash Gaikwad 8200,9971818176,Grant Road,Bus,7,
Ganesh More 8201,9347172868,Byculla,Walk,4,
Vaishali Chavan 8202,9578182194,Lalbaug,walk,6,
Ajay Bhosale 8203,9552644378,Dadar,bus,7,
Ajay Bhosale 8204,9059758147,Kalbadevi,Bus,2,elderly in group
Vaishali Chavan 8205,9052640310,Grant Road,walk,6,children in group
Vaishali Chavan 8206,9101835823,Girgaon,Walking,,
Prakash Gaikwad 8207,,Grant Road,Train,1,
Vaishali Chavan 8208,,Kalbadevi,Walk,7,carrying idol
Nitin Kadam 8209,9966449801,Kalbadevi,train,8,
Nitin Kadam 8210,9154930836,Grant Road,N/A,6,
Prakash Gaikwad 8211,9258399531,Lalbaug,Train,3,
Ganesh More 8212,9323907878,Girgaon,Train,3,
Sunita Pawar 8213,,Charni Road,train,6,
Ajay Bhosale 8214,9249026983,,Train,2,
Vaishali Chavan 8215,9672288955,Girgaon,walk,7,
Prakash Gaikwad 8216,9850795860,Chowpatty,Walk,5,
Nitin Kadam 8217,9026097334,Kalbadevi,Bus,8,
Sunita Pawar 8218,,Kalbadevi,Train,4,
Ajay Bhosale 8219,9497220925,Parel,train,4,children in group
Ajay Bhosale 8220,,Byculla,Local,6,
Meena Salvi 8221,9191396797,Kalbadevi,N/A,5,
Vaishali Chavan 8222,,Bhoiwada,Walk,5,
Ganesh More 8223,,Lalbaug,train,5,
Rekha Shinde 8224,9369394383,Chowpatty,Walk,5,
Sunita Pawar 8225,9379395298,Charni Road,On foot,6,carrying idol
Nitin Kadam 8226,,,Train,3,
Ganesh More 8227,9673592477,Byculla,Walk,2,
Prakash Gaikwad 8228,9294118530,Parel,Walk,2,
Rekha Shinde 8229,9401901843,Parel,walk,7,
Sunita Pawar 8230,9237819854,Bhoiwada,Rail,3,elderly in group
Nitin Kadam 8231,,Girgaon,Bus,4,
Sunita Pawar 8232,9345409098,Girgaon,Walk,,
Rekha Shinde 8233,9634416420,,,4,
Prakash Gaikwad 8234,9117277451,Byculla,Walking,5,
Ganesh More 8235,9745659895,Lalbaug,Walk,7,
Nitin Kadam 8236,,Bhoiwada,Walk,,
Meena Salvi 8237,9865245587,Parel,walk,1,
Rekha Shinde 8238,9255361838,Grant Road,walk,5,
Sunita Pawar 8239,9887303989,Grant Road,Train,3,
Nitin Kadam 8240,9870713923,Byculla,Bus,6,
Ganesh More 8241,9362309908,Charni Road,Train,7,
Sunita Pawar 8242,9038298994,Bhoiwada,Train,6,
Vaishali Chavan 8243,,Byculla,,2,elderly in group
Sunita Pawar 8244,9605160747,Kalbadevi,walk,,carrying idol
Vaishali Chavan 8245,,Grant Road,Train,3,
Ganesh More 8246,9351174208,Chowpatty,Walk,1,elderly in group
Vaishali Chavan 8247,,Grant Road,Bus,1,
,9483400041,Kalbadevi,bus,5,
Vaishali Chavan 8249,9033993648,Kalbadevi,walk,3,
Ajay Bhosale 8250,9300577578,,Train,1,children in group
Meena Salvi 8251,9045772951,Lalbaug,BEST,7,
Ganesh More 8252,9119752431,Girgaon,walk,3,
Sunita Pawar 8253,9740890885,Kalbadevi,bus,6,
Vaishali Chavan 8254,9678908318,Charni Road,bus,3,
Ganesh More 8255,,Charni Road,Walk,7,
Nitin Kadam 8256,,Bhoiwada,Train,1,
Rekha Shinde 8257,9155864282,Dadar,Train,1,
Meena Salvi 8258,,Charni Road,Bus,8,
Rekha Shinde 8259,9596263008,Parel,Bus,1,
Ajay Bhosale 8260,9887457775,Girgaon,Walk,8,
Prakash Gaikwad 8261,,Girgaon,walk,1,
Ganesh More 8262,9373022477,Bhoiwada,walk,5,
Meena Salvi 8263,9830203886,Girgaon,Train,1,
Ajay Bhosale 8264,9628487720,Parel,Walk,5,elderly in group
Vaishali Chavan 8265,9588777945,Grant Road,Bus,8,
Sunita Pawar 8266,,Grant Road,bus,4,
Nitin Kadam 8267,9455180879,Chowpatty,Walk,8,
Ganesh More 8268,9463510015,Grant Road,Bus,3,carrying idol
Ganesh More 8269,9816512641,Grant Road,train,7,
Nitin Kadam 8270,9408779543,Byculla,Bus,4,
Rekha Shinde 8271,9041865810,,Train,3,
Ajay Bhosale 8272,9441866606,Dadar,Bus,8,
Nitin Kadam 8273,9511594916,Byculla,Walk,8,
Sunita Pawar 8274,9004274717,Charni Road,train,4,carrying idol
,9190337567,Parel,Walk,1,
Meena Salvi 8276,9719001996,Lalbaug,Bus,7,
,9586983099,Lalbaug,train,5,
Meena Salvi 8278,9671662298,,train,1,
Ajay Bhosale 8279,9678779416,Charni Road,Bus,1,
Sunita Pawar 8280,9295578236,Girgaon,BEST,4,
Sunita Pawar 8281,9688550847,Lalbaug,bus,1,
Meena Salvi 8282,,Dadar,walk,,
Nitin Kadam 8283,9114551515,Parel,Walk,7,
Ganesh More 8284,9284452322,Grant Road,bus,7,
Prakash Gaikwad 8285,,Kalbadevi,On foot,5,elderly in group
Prakash Gaikwad 8286,9988884610,Girgaon,train,7,
Vaishali Chavan 8287,9691996075,Grant Road,walk,8,
Vaishali Chavan 8288,9653885266,Bhoiwada,Walk,6,
Sunita Pawar 8289,9239063272,Lalbaug,,7,
Sunita Pawar 8290,9728270126,Dadar,Train,2,
Nitin Kadam 8291,9169617307,Chowpatty,Walk,,
Rekha Shinde 8292,9844458404,Bhoiwada,Walk,2,
Nitin Kadam 8293,9684009392,Chowpatty,Train,,carrying idol
Meena Salvi 8294,9213631246,Byculla,On foot,2,
Sunita Pawar 8295,,Girgaon,bus,5,carrying idol
,9812363676,Kalbadevi,train,,
Ganesh More 8297,9809705664,Girgaon,Walk,5,
Ajay Bhosale 8298,,Byculla,On foot,1,carrying idol
Prakash Gaikwad 8299,,Lalbaug,Train,5,
Prakash Gaikwad 8300,9455817334,Parel,walk,1,
Nitin Kadam 8301,9175287783,Kalbadevi,Bus,4,
Ganesh More 8302,9365113056,Bhoiwada,Bus,6,
Vaishali Chavan 8303,9851003372,Kalbadevi,Walk,1,
Sunita Pawar 8304,9238571362,Grant Road,Walk,6,
Ganesh More 8305,9334422931,Chowpatty,Train,6,carrying idol
,9613699974,Kalbadevi,Walk,3,
Meena Salvi 8307,9917396157,Bhoiwada,On foot,3,
Ajay Bhosale 8308,,Grant Road,walk,5,
Vaishali Chavan 8309,,Dadar,Bus,,
Sunita Pawar 8310,9766310483,Byculla,Train,3,
Prakash Gaikwad 8311,,,walk,3,
Nitin Kadam 8312,9577012440,Dadar,train,8,children in group
Meena Salvi 8313,9389340338,Byculla,Local,4,
Prakash Gaikwad 8314,,Chowpatty,Walk,,
,,Chowpatty,Walk,1,
Nitin Kadam 8316,9180947542,Byculla,Walk,6,children in group
Rekha Shinde 8317,,Lalbaug,Train,6,
Rekha Shinde 8318,9868300899,Bhoiwada,Walk,3,
Ganesh More 8319,9321515029,Parel,walk,,
Prakash Gaikwad 8320,,Lalbaug,Bus,7,children in group
Prakash Gaikwad 8321,,Charni Road,Train,3,
Rekha Shinde 8322,9628986429,Parel,walk,4,carrying idol
Ajay Bhosale 8323,9750516502,Charni Road,train,2,
,9484490497,Chowpatty,Train,6,children in group
Prakash Gaikwad 8325,,Parel,Train,5,
Rekha Shinde 8326,9612670692,Kalbadevi,Train,7,children in group
Meena Salvi 8327,9911447669,Grant Road,Walk,8,
Ganesh More 8328,,Parel,walk,,children in group
Meena Salvi 8329,9559018760,Bhoiwada,On foot,,
Prakash Gaikwad 8330,9741801536,Byculla,Local,6,
Rekha Shinde 8331,9342943867,Byculla,walk,5,
Ajay Bhosale 8332,9953371145,Grant Road,walk,,
Ajay Bhosale 8333,9351094651,Dadar,Bus,7,
Vaishali Chavan 8334,9392817220,Lalbaug,Walk,7,carrying idol
Vaishali Chavan 8335,9781754277,Charni Road,Walk,,
Rekha Shinde 8336,9613853229,Byculla,Walk,1,children in group
Ajay Bhosale 8337,9435153660,Grant Road,bus,6,elderly in group
Ajay Bhosale 8338,9302052954,Parel,Bus,6,children in group
Vaishali Chavan 8339,9047208746,Girgaon,Walk,7,
Ajay Bhosale 8340,9607609351,Byculla,BEST,2,elderly in group
Prakash Gaikwad 8341,,Parel,Local,3,
Ganesh More 8342,9031645026,Dadar,Walk,5,carrying idol
Nitin Kadam 8343,,Parel,Walk,,elderly in group
,,Charni Road,Walking,5,
Sunita Pawar 8345,,Grant Road,train,2,
Ganesh More 8346,9848363749,Lalbaug,train,6,
Nitin Kadam 8347,9564077521,Girgaon,Walk,5,
,,Kalbadevi,On foot,2,
Vaishali Chavan 8349,9946507586,Byculla,walk,2,
Prakash Gaikwad 8350,9654515681,Charni Road,Walk,8,
,9328709691,Kalbadevi,walk,7,
Rekha Shinde 8352,9562402735,Parel,Train,2,
Meena Salvi 8353,,Chowpatty,Local,5,children in group
Ganesh More 8354,9078244783,Lalbaug,Walk,3,
Nitin Kadam 8355,9086957980,Dadar,Bus,6,
Prakash Gaikwad 8356,,Charni Road,bus,3,
Prakash Gaikwad 8357,9892017617,Grant Road,Bus,6,
,9870603962,Chowpatty,Walking,2,elderly in group
Meena Salvi 8359,9703409568,Kalbadevi,,6,
Nitin Kadam 8360,9403649820,,Walk,1,
Vaishali Chavan 8361,9591655328,Byculla,Walk,8,
Ganesh More 8362,9355232158,Bhoiwada,Walking,4,
Ajay Bhosale 8363,9704823968,Bhoiwada,walk,4,
Ajay Bhosale 8364,9201304334,Chowpatty,N/A,5,
Nitin Kadam 8365,,Dadar,walk,5,
Prakash Gaikwad 8366,,Parel,train,6,
,,Girgaon,Bus,1,
Prakash Gaikwad 8368,,Parel,N/A,,
Vaishali Chavan 8369,9449653757,Grant Road,train,8,children in group
Vaishali Chavan 8370,9989167263,Grant Road,N/A,6,children in group
Ganesh More 8371,9407805601,Dadar,Train,,
Ganesh More 8372,,Dadar,Walk,,children in group
Nitin Kadam 8373,9601018648,Lalbaug,bus,4,
Meena Salvi 8374,9014991237,Dadar,On foot,7,children in group
Ganesh More 8375,9129042467,Parel,,6,carrying idol
Nitin Kadam 8376,,,Walk,5,elderly in group
Nitin Kadam 8377,9187396976,Parel,Walk,,
Prakash Gaikwad 8378,9540415061,Grant Road,train,6,
Vaishali Chavan 8379,,Dadar,Walk,6,elderly in group
Ganesh More 8380,9211890327,Charni Road,Walk,8,carrying idol
Ganesh More 8381,9497914440,Lalbaug,walk,2,
Rekha Shinde 8382,9798154347,Dadar,Rail,1,
Nitin Kadam 8383,,Grant Road,Bus,,
Ganesh More 8384,9596856319,Parel,Walk,6,
Ajay Bhosale 8385,9804490115,Dadar,Walk,7,carrying idol
Rekha Shinde 8386,,Lalbaug,Train,7,
Ganesh More 8387,9964454495,Chowpatty,Other,1,
Nitin Kadam 8388,9725275376,Dadar,train,,
Meena Salvi 8389,9651438677,Girgaon,Walk,2,
Ajay Bhosale 8390,9970964193,Lalbaug,Train,8,carrying idol
Prakash Gaikwad 8391,9409351232,Dadar,Bus,6,
Sunita Pawar 8392,9468506699,Bhoiwada,Train,1,
Ganesh More 8393,9551475918,Grant Road,Walk,2,
Ganesh More 8394,9046656592,Grant Road,Bus,3,carrying idol
Vaishali Chavan 8395,,Bhoiwada,walk,,
Meena Salvi 8396,9384415152,Girgaon,N/A,4,
Ajay Bhosale 8397,9661236345,Chowpatty,Walk,5,children in group
Vaishali Chavan 8398,9736930324,Kalbadevi,Rail,6,
Rekha Shinde 8399,,Charni Road,Local,6,
Meena Salvi 8400,9120973923,Lalbaug,Walk,4,
Vaishali Chavan 8401,,Byculla,bus,8,
Ajay Bhosale 8402,9678566024,Grant Road,Bus,8,
Rekha Shinde 8403,,Lalbaug,Walk,3,
Prakash Gaikwad 8404,9947224312,Grant Road,Rail,3,
Rekha Shinde 8405,9779977384,Chowpatty,bus,,
Prakash Gaikwad 8406,9144775698,Lalbaug,train,7,
Meena Salvi 8407,9789087547,Dadar,walk,6,
Rekha Shinde 8408,9412400541,Girgaon,Train,3,
Meena Salvi 8409,9929360023,Lalbaug,Bus,,
Nitin Kadam 8410,9951770280,Byculla,Walking,4,children in group
Sunita Pawar 8411,9834593483,Dadar,bus,6,
Rekha Shinde 8412,9948050567,Kalbadevi,Train,4,elderly in group
Rekha Shinde 8413,9484597389,Parel,train,1,carrying idol
Meena Salvi 8414,9570558299,Kalbadevi,Train,,
Vaishali Chavan 8415,9808675662,Bhoiwada,Other,6,
,,Bhoiwada,Bus,2,
Sunita Pawar 8417,9794826987,Parel,Walk,,
Rekha Shinde 8418,9355674749,,train,8,
Rekha Shinde 8419,9231342703,Charni Road,Walk,,
Sunita Pawar 8420,9199127471,Grant Road,Walk,7,
Meena Salvi 8421,9728554841,Dadar,Train,,
Vaishali Chavan 8422,9818936716,Chowpatty,Train,4,
Ganesh More 8423,9768839146,Grant Road,walk,4,
Rekha Shinde 8424,9984890041,Lalbaug,Walk,2,
Meena Salvi 8425,9868605310,Byculla,Walk,8,
Vaishali Chavan 8426,9080846540,Charni Road,Bus,5,
Meena Salvi 8427,9130064460,,Bus,5,children in group
Vaishali Chavan 8428,9497002541,Girgaon,Walk,3,
Vaishali Chavan 8429,9948970121,Lalbaug,Walk,3,
Rekha Shinde 8430,9497171762,Grant Road,Train,1,
Nitin Kadam 8431,9487228912,Grant Road,Walk,7,
Ganesh More 8432,9284451159,Byculla,On foot,4,
Ganesh More 8433,9487457160,Bhoiwada,walk,8,
Nitin Kadam 8434,9963200562,Girgaon,Walk,8,children in group
Ganesh More 8435,,Kalbadevi,Train,3,
Ganesh More 8436,9579474132,Bhoiwada,Train,,children in group
Rekha Shinde 8437,9065484602,Chowpatty,Walk,7,
Ganesh More 8438,9718120296,Girgaon,Walk,7,elderly in group
Rekha Shinde 8439,9172745264,Bhoiwada,,1,
Prakash Gaikwad 8440,9618406933,Chowpatty,Walk,3,
Vaishali Chavan 8441,9777995576,Bhoiwada,Walk,7,
Sunita Pawar 8442,9485089481,Kalbadevi,Walk,4,
Prakash Gaikwad 8443,9740977180,Kalbadevi,On foot,7,
Vaishali Chavan 8444,9378357222,Byculla,Train,6,
Vaishali Chavan 8445,9824087989,Lalbaug,Walk,1,carrying idol
Meena Salvi 8446,9870057435,Byculla,Bus,7,children in group
,9488143713,Kalbadevi,bus,2,elderly in group
Meena Salvi 8448,9899158010,Dadar,walk,3,elderly in group
Meena Salvi 8449,9658584198,Bhoiwada,Train,6,
Ajay Bhosale 8450,9913890842,Kalbadevi,Walk,2,
,9980210444,Charni Road,walk,2,
,,Grant Road,bus,5,
Meena Salvi 8453,9744735582,Grant Road,walk,2,
Meena Salvi 8454,,Girgaon,walk,7,
Meena Salvi 8455,,Chowpatty,Bus,2,
Rekha Shinde 8456,9537432100,Chowpatty,Walk,2,elderly in group
Sunita Pawar 8457,9488547929,Bhoiwada,Train,8,
Ajay Bhosale 8458,9200074799,Chowpatty,Train,8,carrying idol
Ajay Bhosale 8459,9277440572,Charni Road,walk,3,
Sunita Pawar 8460,,Charni Road,Walk,8,
Nitin Kadam 8461,,Parel,Train,6,
Nitin Kadam 8462,9666512042,Byculla,bus,5,
Nitin Kadam 8463,9256758315,Dadar,walk,2,
Ajay Bhosale 8464,9474402135,Charni Road,Walk,4,
Vaishali Chavan 8465,9824264007,Kalbadevi,On foot,5,
,,,Walk,1,children in group
Vaishali Chavan 8467,9406815249,Kalbadevi,walk,8,
Prakash Gaikwad 8468,,Dadar,N/A,8,
Nitin Kadam 8469,9544574718,Kalbadevi,walk,2,
Rekha Shinde 8470,,Bhoiwada,Walk,4,
,9652672925,Chowpatty,walk,3,carrying idol
Sunita Pawar 8472,9253252310,Grant Road,Local,6,carrying idol
Ajay Bhosale 8473,9456477399,Lalbaug,train,8,
Ganesh More 8474,9031504009,Bhoiwada,walk,5,elderly in group
Nitin Kadam 8475,,,Train,,
Ganesh More 8476,9448095263,Grant Road,train,3,elderly in group
Meena Salvi 8477,9765895799,Kalbadevi,Bus,7,
Sunita Pawar 8478,9443603967,Lalbaug,Bus,5,
Prakash Gaikwad 8479,9059205516,Charni Road,Train,2,
Ganesh More 8480,,Kalbadevi,Bus,6,
Vaishali Chavan 8481,,Lalbaug,walk,7,
Sunita Pawar 8482,9856574717,Bhoiwada,Walk,8,
Vaishali Chavan 8483,9213164175,Dadar,Walk,1,
Sunita Pawar 8484,9349147524,Parel,train,7,elderly in group
Meena Salvi 8485,9065934727,Girgaon,Train,6,
Nitin Kadam 8486,9634794468,Girgaon,BEST,8,carrying idol
Vaishali Chavan 8487,9145151942,Dadar,train,8,
Meena Salvi 8488,9623317498,Bhoiwada,train,6,
Meena Salvi 8489,9352091184,Kalbadevi,Walk,4,
Nitin Kadam 8490,9569821220,Byculla,Walk,,
Meena Salvi 8491,9680079242,Kalbadevi,walk,4,
Ganesh More 8492,9121619342,Parel,Walk,7,elderly in group
Vaishali Chavan 8493,9861385935,Dadar,Train,6,
Meena Salvi 8494,9289817182,Kalbadevi,train,2,
Prakash Gaikwad 8495,,Bhoiwada,Train,2,
Ganesh More 8496,9143530729,Chowpatty,,3,
Prakash Gaikwad 8497,,Kalbadevi,Walk,,
Ganesh More 8498,,Lalbaug,walk,4,children in group
Ajay Bhosale 8499,9151569497,Lalbaug,Bus,7,
Prakash Gaikwad 8500,9616423733,Byculla,On foot,3,
Ajay Bhosale 8501,,Lalbaug,Train,5,carrying idol
Nitin Kadam 8502,9387960285,Dadar,walk,7,
Vaishali Chavan 8503,9166197898,Dadar,Train,2,
Meena Salvi 8504,,Kalbadevi,On foot,7,
Vaishali Chavan 8505,9279664177,Chowpatty,Bus,6,
Vaishali Chavan 8506,9791173049,Grant Road,N/A,4,
Vaishali Chavan 8507,9030203456,Charni Road,Walk,,
Ajay Bhosale 8508,9413458184,Bhoiwada,train,2,
Prakash Gaikwad 8509,,Parel,Train,5,
Ajay Bhosale 8510,9697027482,Girgaon,Local,2,elderly in group
Ajay Bhosale 8511,,Girgaon,bus,,elderly in group
Rekha Shinde 8512,9200951665,Bhoiwada,On foot,7,
Vaishali Chavan 8513,9417667805,Lalbaug,bus,6,
Rekha Shinde 8514,9480698084,Dadar,Walk,7,
Rekha Shinde 8515,9494431452,Byculla,Walk,1,
Ganesh More 8516,9322512407,Bhoiwada,walk,7,
Meena Salvi 8517,9479861566,Girgaon,Bus,6,
Meena Salvi 8518,9836132120,Bhoiwada,Train,2,
,9907437023,Parel,Walk,5,
Nitin Kadam 8520,9608051799,Dadar,walk,8,
Rekha Shinde 8521,,Kalbadevi,Train,7,carrying idol
Rekha Shinde 8522,9206678102,Dadar,Walk,5,
Sunita Pawar 8523,9278164154,Charni Road,Train,2,
Ajay Bhosale 8524,9939075320,,walk,1,
Meena Salvi 8525,9056076355,Byculla,Walk,7,
Prakash Gaikwad 8526,9214025055,Chowpatty,train,5,
Nitin Kadam 8527,9563326388,Parel,Walk,2,
Nitin Kadam 8528,9505749731,Parel,train,,
Nitin Kadam 8529,9936859312,Parel,Other,7,elderly in group
Ganesh More 8530,9955726699,Bhoiwada,Bus,,
Vaishali Chavan 8531,9489564059,Grant Road,Bus,1,
Ganesh More 8532,,Charni Road,walk,3,elderly in group
Meena Salvi 8533,9213745794,Dadar,bus,1,
Sunita Pawar 8534,,Byculla,train,1,
Sunita Pawar 8535,,Byculla,Bus,7,
Ajay Bhosale 8536,9235150628,Parel,walk,1,
Meena Salvi 8537,9599176857,Bhoiwada,Walk,,
Meena Salvi 8538,9642587938,Girgaon,train,8,
Ajay Bhosale 8539,9062066516,Chowpatty,Train,8,
Prakash Gaikwad 8540,9110959302,Kalbadevi,Walk,4,
Rekha Shinde 8541,9787281953,Kalbadevi,Walk,7,
Meena Salvi 8542,9439046828,Charni Road,train,5,
Ajay Bhosale 8543,9857114072,Dadar,Rail,1,
Meena Salvi 8544,9368417216,Bhoiwada,Walk,3,
Vaishali Chavan 8545,9575575307,Chowpatty,Bus,3,
Ajay Bhosale 8546,9293057573,Lalbaug,Bus,8,elderly in group
Prakash Gaikwad 8547,9682363667,Lalbaug,Walk,,
Prakash Gaikwad 8548,9957423287,Charni Road,Walk,4,carrying idol
Ganesh More 8549,9040858069,Bhoiwada,Train,3,
Rekha Shinde 8550,9626290788,,bus,,
Sunita Pawar 8551,9823039054,Byculla,On foot,6,
,9085503262,,Train,8,
Sunita Pawar 8553,,Charni Road,Train,8,
Ajay Bhosale 8554,9539823164,Parel,Walk,8,
Ganesh More 8555,9513188906,Kalbadevi,Walk,6,
Vaishali Chavan 8556,9427638645,Chowpatty,Bus,2,
Vaishali Chavan 8557,9918666663,Byculla,Walk,1,
Rekha Shinde 8558,9203725392,Kalbadevi,Bus,8,carrying idol
Nitin Kadam 8559,9052939559,Lalbaug,bus,7,
Meena Salvi 8560,9421540929,Charni Road,train,4,
Ganesh More 8561,,Grant Road,Train,4,
Nitin Kadam 8562,9138095057,Parel,train,7,
Ajay Bhosale 8563,,Parel,walk,5,
Nitin Kadam 8564,,Girgaon,On foot,7,
Vaishali Chavan 8565,,Kalbadevi,Bus,6,
Nitin Kadam 8566,,Charni Road,Train,3,
Prakash Gaikwad 8567,9430098625,Byculla,Walk,1,
Vaishali Chavan 8568,9702325851,Grant Road,Walk,2,
Vaishali Chavan 8569,9323140839,,Rail,4,
Ganesh More 8570,9883332324,Kalbadevi,BEST,,carrying idol
Nitin Kadam 8571,9398763481,Charni Road,Walk,6,
Vaishali Chavan 8572,,Kalbadevi,Walk,6,elderly in group
,9756980365,Byculla,Walk,8,
Ajay Bhosale 8574,9040226008,Lalbaug,train,,
Nitin Kadam 8575,9932623910,Girgaon,Train,3,
Nitin Kadam 8576,9387026293,Bhoiwada,On foot,4,
Meena Salvi 8577,9023207397,Parel,train,7,
Sunita Pawar 8578,9461853393,Grant Road,walk,5,
Nitin Kadam 8579,9322053642,Kalbadevi,On foot,5,
Meena Salvi 8580,9220974195,Lalbaug,Walk,5,
Meena Salvi 8581,9135211687,Dadar,walk,,
Ajay Bhosale 8582,9124884343,Kalbadevi,Train,,elderly in group
Ganesh More 8583,9854270435,Girgaon,Walk,2,
Sunita Pawar 8584,9981761074,Kalbadevi,bus,3,
Prakash Gaikwad 8585,9318282689,Kalbadevi,walk,2,
Ajay Bhosale 8586,,Parel,Walk,3,
Meena Salvi 8587,9695677408,Grant Road,Other,6,
Ajay Bhosale 8588,9253318200,Charni Road,Bus,8,
Sunita Pawar 8589,9891559849,Kalbadevi,Bus,6,
,9568647692,Parel,walk,4,
Nitin Kadam 8591,9930449981,Dadar,Bus,2,
Rekha Shinde 8592,9027624869,Charni Road,Train,3,children in group
Nitin Kadam 8593,9495662086,Girgaon,bus,,
Rekha Shinde 8594,9805471360,Lalbaug,Walking,7,
Vaishali Chavan 8595,9574448198,Charni Road,train,7,
Meena Salvi 8596,9764498615,Lalbaug,Train,3,
Meena Salvi 8597,9661666800,Bhoiwada,Walk,8,
Ajay Bhosale 8598,9279019970,Dadar,Bus,3,
Prakash Gaikwad 8599,9945015583,Byculla,Bus,8,
Meena Salvi 8600,9923554773,Grant Road,On foot,8,
Prakash Gaikwad 8601,9787948441,Chowpatty,Bus,4,
Vaishali Chavan 8602,9099477002,Parel,walk,5,
Vaishali Chavan 8603,9559433920,Kalbadevi,Walk,2,
Nitin Kadam 8604,,Parel,walk,2,children in group
Sunita Pawar 8605,9569245954,Bhoiwada,Walking,,
Nitin Kadam 8606,9722294957,Kalbadevi,Train,4,
Ganesh More 8607,9649510850,Charni Road,Rail,,
Sunita Pawar 8608,,Grant Road,Walk,5,
Prakash Gaikwad 8609,9455316332,,Bus,8,
Nitin Kadam 8610,9792360463,Bhoiwada,train,1,
Rekha Shinde 8611,9071111030,Grant Road,Walk,2,
Ajay Bhosale 8612,9249331119,Parel,bus,,
Sunita Pawar 8613,9943790398,Dadar,Train,7,
Meena Salvi 8614,9375805248,Dadar,Walk,2,
Rekha Shinde 8615,9308057890,Bhoiwada,Bus,7,carrying idol
Ganesh More 8616,9485073860,,walk,6,
Ajay Bhosale 8617,9383147193,Dadar,Walk,7,carrying idol
Ganesh More 8618,9610887711,Dadar,Walk,3,
Sunita Pawar 8619,9021524929,Dadar,Walk,3,
Ajay Bhosale 8620,9479120214,Girgaon,Bus,8,
Vaishali Chavan 8621,,Lalbaug,train,8,elderly in group
Ajay Bhosale 8622,9808007705,Bhoiwada,Bus,8,
Vaishali Chavan 8623,9371418275,Grant Road,On foot,1,
Nitin Kadam 8624,9917688200,Charni Road,Train,6,
Nitin Kadam 8625,9664411790,Kalbadevi,Walking,4,
Rekha Shinde 8626,9192657019,Bhoiwada,Walking,2,
Nitin Kadam 8627,9552342667,Charni Road,train,1,
Ajay Bhosale 8628,9047939791,Bhoiwada,Walk,8,
Prakash Gaikwad 8629,9868197437,,Walk,4,
Ganesh More 8630,9883761103,Parel,walk,6,
Ajay Bhosale 8631,,Byculla,train,6,
Ajay Bhosale 8632,9686859720,Kalbadevi,Walk,6,
,9811127542,Grant Road,On foot,4,
Vaishali Chavan 8634,9556806680,Grant Road,Train,4,
,9035623979,Byculla,Bus,1,
Ajay Bhosale 8636,9392774696,Parel,walk,,
Rekha Shinde 8637,9293035932,Charni Road,train,7,
Meena Salvi 8638,9423053165,Girgaon,Walk,1,
Ganesh More 8639,9935466795,,walk,5,
Meena Salvi 8640,9316219228,Charni Road,Train,6,carrying idol
Prakash Gaikwad 8641,9990116321,Chowpatty,Walk,5,
Vaishali Chavan 8642,9056007347,Grant Road,BEST,,
Ganesh More 8643,9345521859,Dadar,bus,5,
Ajay Bhosale 8644,9818803151,Parel,Bus,7,
Prakash Gaikwad 8645,9397892934,Bhoiwada,Walk,3,children in group
Meena Salvi 8646,9111269159,Dadar,Train,7,
Rekha Shinde 8647,9363305750,Dadar,Train,5,
Vaishali Chavan 8648,9749362510,Grant Road,Walking,1,
Nitin Kadam 8649,9449179458,Chowpatty,Walk,7,
Sunita Pawar 8650,9830945172,Parel,train,8,
Prakash Gaikwad 8651,9740010300,Grant Road,train,4,
Nitin Kadam 8652,,Chowpatty,BEST,3,children in group
Sunita Pawar 8653,9732844648,,Train,5,elderly in group
Ajay Bhosale 8654,,Charni Road,Train,5,
Meena Salvi 8655,,Bhoiwada,walk,,
Prakash Gaikwad 8656,9918353466,Lalbaug,N/A,1,
Prakash Gaikwad 8657,9063968616,Byculla,Train,5,
Sunita Pawar 8658,9282482987,Kalbadevi,On foot,4,
Meena Salvi 8659,9620290722,Kalbadevi,train,8,carrying idol
Meena Salvi 8660,9062993834,,Bus,1,
Rekha Shinde 8661,,Lalbaug,Walking,7,elderly in group
Prakash Gaikwad 8662,,Grant Road,Rail,7,
Ganesh More 8663,,Chowpatty,Walk,1,children in group
Ganesh More 8664,9427955970,Charni Road,Walk,4,children in group
Prakash Gaikwad 8665,9223984097,Chowpatty,walk,2,
Rekha Shinde 8666,9061348455,Dadar,BEST,7,
Sunita Pawar 8667,9618932941,Chowpatty,Walk,6,
Meena Salvi 8668,9397151082,Byculla,bus,8,
Ganesh More 8669,9929464878,Girgaon,train,6,
Sunita Pawar 8670,9040777598,Byculla,Walk,8,
Ganesh More 8671,9992774676,Parel,Train,7,
Ajay Bhosale 8672,9113050060,Lalbaug,On foot,5,
Ajay Bhosale 8673,9156585044,Grant Road,N/A,6,
Ajay Bhosale 8674,,Dadar,train,8,
Nitin Kadam 8675,9861156673,Lalbaug,Bus,7,
Meena Salvi 8676,9992286759,Chowpatty,Train,8,
Ganesh More 8677,,Charni Road,Walk,,
Ganesh More 8678,9269451498,Parel,bus,1,
Vaishali Chavan 8679,9752567346,Byculla,Train,1,
Vaishali Chavan 8680,9459481964,Lalbaug,train,6,
Prakash Gaikwad 8681,9183337296,Bhoiwada,Walk,,
Prakash Gaikwad 8682,9652950821,Girgaon,Train,1,
Rekha Shinde 8683,9259244017,Parel,Train,5,children in group
Rekha Shinde 8684,9482570475,Dadar,Walk,5,elderly in group
Sunita Pawar 8685,9734964156,Bhoiwada,Train,2,
Rekha Shinde 8686,,,Train,3,
Ganesh More 8687,9823690073,Kalbadevi,walk,3,
Rekha Shinde 8688,9270935742,,walk,1,
Prakash Gaikwad 8689,9647022198,,train,2,
Sunita Pawar 8690,9655582857,Grant Road,Train,7,
Meena Salvi 8691,9051264690,Bhoiwada,Walk,8,
Rekha Shinde 8692,,Grant Road,train,7,
Ajay Bhosale 8693,9126090246,Byculla,train,1,
Meena Salvi 8694,,Girgaon,Train,2,elderly in group
Vaishali Chavan 8695,9851525639,Chowpatty,train,8,
Ajay Bhosale 8696,9548036183,Kalbadevi,Bus,,
Prakash Gaikwad 8697,9111453161,Kalbadevi,walk,5,
Ajay Bhosale 8698,,Charni Road,Train,6,
Meena Salvi 8699,9314785675,Kalbadevi,walk,,
Prakash Gaikwad 8700,9976876332,Parel,Train,6,children in group
Meena Salvi 8701,9356593654,,Local,2,
Sunita Pawar 8702,,Byculla,Local,6,
Rekha Shinde 8703,9014236800,Kalbadevi,Train,1,
Ajay Bhosale 8704,9058151096,Girgaon,bus,6,
Vaishali Chavan 8705,,Lalbaug,Bus,1,
Nitin Kadam 8706,9536438330,Kalbadevi,train,3,carrying idol
Meena Salvi 8707,9839595666,Dadar,Walk,2,
Meena Salvi 8708,,Chowpatty,Train,5,
Rekha Shinde 8709,9026566093,Girgaon,Bus,1,
Prakash Gaikwad 8710,9131364863,Parel,Walk,3,elderly in group
Vaishali Chavan 8711,9302459060,Charni Road,Walk,5,
Rekha Shinde 8712,9720913540,Chowpatty,Walk,2,
Ganesh More 8713,9240822209,Parel,Walk,7,
Prakash Gaikwad 8714,9701289125,Parel,N/A,1,
Meena Salvi 8715,9182654103,Dadar,Walk,4,
Ganesh More 8716,9536574120,Parel,Train,,
Nitin Kadam 8717,9310473737,Grant Road,Walk,8,
Rekha Shinde 8718,9301655810,Lalbaug,bus,2,carrying idol
Rekha Shinde 8719,9163116251,Chowpatty,Local,2,
Ganesh More 8720,9385804300,Parel,walk,2,
Ganesh More 8721,9582883983,Kalbadevi,Walk,5,
Sunita Pawar 8722,9986514406,Bhoiwada,Walking,5,
Ajay Bhosale 8723,9357955335,Girgaon,train,3,
Prakash Gaikwad 8724,9682970392,Byculla,Bus,3,
Meena Salvi 8725,,Parel,Walk,4,
Meena Salvi 8726,9659130239,Grant Road,Local,2,
Rekha Shinde 8727,9821807059,Girgaon,Train,,
Prakash Gaikwad 8728,9308011600,Byculla,Bus,4,
Nitin Kadam 8729,,Parel,Rail,1,
Rekha Shinde 8730,,,bus,1,
Sunita Pawar 8731,9824937388,Bhoiwada,bus,6,
Nitin Kadam 8732,9283549979,Kalbadevi,Walk,8,
Sunita Pawar 8733,,Bhoiwada,Walk,4,
Ajay Bhosale 8734,,Chowpatty,On foot,3,
Prakash Gaikwad 8735,9393010109,Kalbadevi,walk,6,
Vaishali Chavan 8736,9022267595,Byculla,Train,,
Rekha Shinde 8737,9067279871,Byculla,Walk,1,
Ajay Bhosale 8738,,Charni Road,Train,2,
Ajay Bhosale 8739,9912305607,Chowpatty,Walk,5,
Rekha Shinde 8740,9139848748,Dadar,bus,6,carrying idol
Sunita Pawar 8741,9803557368,Dadar,train,7,
Vaishali Chavan 8742,9460874302,Dadar,Bus,7,
Ganesh More 8743,9200916703,Parel,train,8,
Sunita Pawar 8744,,Parel,Train,5,
Prakash Gaikwad 8745,,Chowpatty,Train,,
Rekha Shinde 8746,9187690822,Chowpatty,Bus,2,
Prakash Gaikwad 8747,9144910471,Kalbadevi,bus,5,
Sunita Pawar 8748,9466079144,Lalbaug,train,8,
Ajay Bhosale 8749,9636414276,Byculla,Bus,4,
Vaishali Chavan 8750,9405057173,Grant Road,Walk,8,
Prakash Gaikwad 8751,9915794101,Kalbadevi,Walk,3,
Nitin Kadam 8752,9257971549,Dadar,bus,,
Nitin Kadam 8753,9388636387,Charni Road,walk,6,
Nitin Kadam 8754,9045267928,Parel,walk,4,
Sunita Pawar 8755,9412562670,Charni Road,Local,,
Rekha Shinde 8756,9638619588,Bhoiwada,walk,8,
Nitin Kadam 8757,9295695720,Lalbaug,On foot,1,
Vaishali Chavan 8758,9142588387,Chowpatty,Train,4,
Ajay Bhosale 8759,9911864683,Lalbaug,Train,7,
Vaishali Chavan 8760,,Bhoiwada,walk,8,
,9650513705,Chowpatty,walk,3,
Vaishali Chavan 8762,,Bhoiwada,Walk,8,elderly in group
Rekha Shinde 8763,9212900971,Lalbaug,walk,6,
Rekha Shinde 8764,9583209554,Charni Road,Bus,2,
Vaishali Chavan 8765,9891901479,Girgaon,Local,8,
Prakash Gaikwad 8766,9955712070,Byculla,walk,1,
Nitin Kadam 8767,9720193143,,walk,8,carrying idol
Sunita Pawar 8768,,Dadar,Local,3,
Meena Salvi 8769,,Chowpatty,Walk,3,
Meena Salvi 8770,9087503122,Charni Road,Walking,7,
Rekha Shinde 8771,9865959831,Dadar,walk,2,
Nitin Kadam 8772,9359207456,Grant Road,Walk,8,
Ajay Bhosale 8773,9611070035,Grant Road,Walk,3,
Rekha Shinde 8774,9323181772,Lalbaug,Walk,5,
Sunita Pawar 8775,9050513516,Kalbadevi,train,3,children in group
Sunita Pawar 8776,9742412388,Parel,walk,5,
Rekha Shinde 8777,9048180292,Dadar,walk,7,
Prakash Gaikwad 8778,9088806882,Charni Road,Walk,7,
Meena Salvi 8779,,Bhoiwada,Bus,,
Ajay Bhosale 8780,9974614220,Parel,BEST,8,
Ajay Bhosale 8781,,Grant Road,N/A,6,children in group
Prakash Gaikwad 8782,,Dadar,Train,,
Ganesh More 8783,9199492171,Dadar,Walk,7,
Nitin Kadam 8784,9505163925,Kalbadevi,walk,1,
Nitin Kadam 8785,9267847058,Bhoiwada,walk,7,
Ganesh More 8786,9629095447,Charni Road,Walk,3,
,9542600551,Grant Road,Walk,,
Ajay Bhosale 8788,9832740930,Grant Road,bus,6,
Vaishali Chavan 8789,9836615177,Parel,Train,1,
Ajay Bhosale 8790,9903181583,Kalbadevi,Walk,8,
Meena Salvi 8791,,Dadar,Walk,2,
Nitin Kadam 8792,9133776859,Bhoiwada,Train,8,
Meena Salvi 8793,9158109765,Dadar,Walk,6,
Sunita Pawar 8794,,Charni Road,Bus,3,
Meena Salvi 8795,,Byculla,On foot,3,
Prakash Gaikwad 8796,9339095760,Dadar,Walk,7,
Ajay Bhosale 8797,9521139065,Parel,Train,7,
Meena Salvi 8798,9300994656,Byculla,Train,1,
Rekha Shinde 8799,9092076781,,BEST,,
Prakash Gaikwad 8800,9172154228,Parel,,6,children in group
Ajay Bhosale 8801,9610791857,Chowpatty,Walk,3,
Meena Salvi 8802,,Grant Road,train,2,
Prakash Gaikwad 8803,9040746401,Lalbaug,Walk,3,carrying idol
Rekha Shinde 8804,9570441347,Kalbadevi,Walk,2,
Rekha Shinde 8805,9561894968,Grant Road,Train,3,
,9577297543,Grant Road,,7,
Ganesh More 8807,9224872014,Byculla,bus,2,
Prakash Gaikwad 8808,9858554312,Byculla,Walk,4,children in group
Nitin Kadam 8809,9197685529,Girgaon,Train,6,
Prakash Gaikwad 8810,9031370714,Lalbaug,Train,4,
Sunita Pawar 8811,9452435836,Dadar,Train,8,children in group
Ganesh More 8812,9144007084,,Walk,8,
Vaishali Chavan 8813,9626570733,Lalbaug,Bus,5,
Nitin Kadam 8814,9219778244,Lalbaug,Walk,3,
Meena Salvi 8815,,Charni Road,walk,1,
Nitin Kadam 8816,9956719638,Chowpatty,Walk,6,
Prakash Gaikwad 8817,9794623031,Grant Road,Bus,4,
Ajay Bhosale 8818,9738633622,Byculla,On foot,1,carrying idol
Nitin Kadam 8819,9332132420,Grant Road,walk,3,
Ajay Bhosale 8820,9652402215,Lalbaug,Local,1,elderly in group
Ajay Bhosale 8821,9927061581,Grant Road,walk,3,
Meena Salvi 8822,9899033653,Chowpatty,Train,1,
Ganesh More 8823,9193349533,Charni Road,Walk,,
Rekha Shinde 8824,9409377304,,Train,4,
Meena Salvi 8825,9976493100,,Walk,2,carrying idol
Ajay Bhosale 8826,,Kalbadevi,Train,4,
Sunita Pawar 8827,,Bhoiwada,walk,6,children in group
Ajay Bhosale 8828,9486442910,Charni Road,Other,6,
Sunita Pawar 8829,9846323145,Girgaon,BEST,5,
Ganesh More 8830,9570350490,Parel,Walk,1,children in group
Ganesh More 8831,9843134203,Parel,Train,8,
Ganesh More 8832,,Kalbadevi,Walking,6,
Ganesh More 8833,9181495744,Lalbaug,Bus,3,
Nitin Kadam 8834,9364020297,Chowpatty,Local,4,
Meena Salvi 8835,9199082662,Byculla,Other,5,
,9027569452,Grant Road,Train,3,
Vaishali Chavan 8837,9145179284,Kalbadevi,walk,8,
Rekha Shinde 8838,9415074046,Kalbadevi,Train,1,
Prakash Gaikwad 8839,,Chowpatty,Train,1,
Vaishali Chavan 8840,9740131139,Dadar,,3,
,,Lalbaug,walk,5,
Prakash Gaikwad 8842,9813543829,Lalbaug,Walking,4,elderly in group
Ganesh More 8843,9931368021,Byculla,bus,1,
Rekha Shinde 8844,9437572268,Lalbaug,bus,1,
Ganesh More 8845,9906191204,Girgaon,Train,3,
Meena Salvi 8846,,Kalbadevi,walk,1,
Prakash Gaikwad 8847,9320334627,Kalbadevi,On foot,,
Rekha Shinde 8848,9424004102,Grant Road,On foot,2,elderly in group
Rekha Shinde 8849,9810090204,Lalbaug,Walk,7,
Prakash Gaikwad 8850,,Dadar,Train,7,
Prakash Gaikwad 8851,9056530673,Byculla,bus,,
Meena Salvi 8852,9517329496,Charni Road,BEST,5,
Meena Salvi 8853,9442134913,Kalbadevi,Walk,5,
Prakash Gaikwad 8854,9101268099,Charni Road,Bus,6,
Meena Salvi 8855,9792406322,Parel,walk,5,
,9140076712,Kalbadevi,Bus,,
Ajay Bhosale 8857,9894163481,Bhoiwada,Train,6,
Nitin Kadam 8858,9713881713,Girgaon,Walk,6,
Meena Salvi 8859,,Byculla,Rail,5,
,,Kalbadevi,Train,5,
Prakash Gaikwad 8861,9519431984,Parel,train,6,children in group
Nitin Kadam 8862,9904539954,Grant Road,walk,,
Nitin Kadam 8863,9834365689,Lalbaug,Walk,,
Rekha Shinde 8864,9475262591,Bhoiwada,Walk,2,
Ajay Bhosale 8865,9172706746,Parel,Walk,2,
Rekha Shinde 8866,9373212471,,Bus,8,
Prakash Gaikwad 8867,9807654262,Kalbadevi,Walking,4,children in group
Rekha Shinde 8868,9628001676,Charni Road,Bus,6,children in group
Sunita Pawar 8869,9620540044,Lalbaug,Walk,4,children in group
Rekha Shinde 8870,9514440226,Grant Road,Walk,,
Ganesh More 8871,9930765692,Bhoiwada,Walk,2,
Prakash Gaikwad 8872,9070074498,Girgaon,Walking,4,
Prakash Gaikwad 8873,9729808241,Kalbadevi,train,,
Vaishali Chavan 8874,,Byculla,bus,4,
Vaishali Chavan 8875,9700828367,Lalbaug,walk,,
Prakash Gaikwad 8876,,Parel,bus,2,
Meena Salvi 8877,9111077788,Chowpatty,train,1,
Vaishali Chavan 8878,9434453560,Bhoiwada,Walking,2,
Sunita Pawar 8879,9154843710,Grant Road,Walking,5,
Rekha Shinde 8880,9505273606,Parel,bus,5,elderly in group
Meena Salvi 8881,9533587593,Chowpatty,train,8,
Prakash Gaikwad 8882,9430720433,Grant Road,Walk,1,children in group
Ganesh More 8883,9146294669,Girgaon,Walk,2,
Sunita Pawar 8884,,Grant Road,walk,7,
Rekha Shinde 8885,9342313089,Grant Road,Train,4,
Sunita Pawar 8886,9851418284,Girgaon,walk,8,elderly in group
Ajay Bhosale 8887,9749641326,Bhoiwada,Train,2,
Sunita Pawar 8888,9159822551,Grant Road,N/A,,
Sunita Pawar 8889,9294979041,Byculla,Train,8,
Meena Salvi 8890,9515493045,Charni Road,train,1,
Ajay Bhosale 8891,,Grant Road,Walk,6,children in group
Ajay Bhosale 8892,,Bhoiwada,Walk,,
Prakash Gaikwad 8893,9125012081,Dadar,Bus,2,
Vaishali Chavan 8894,,Kalbadevi,Train,2,
Vaishali Chavan 8895,9458479614,Parel,,4,children in group
Vaishali Chavan 8896,9523430211,Dadar,Train,3,
Ganesh More 8897,9617625987,Bhoiwada,Walk,6,
Sunita Pawar 8898,9870165076,Kalbadevi,bus,2,
Nitin Kadam 8899,9353994492,Chowpatty,train,8,
Sunita Pawar 8900,9785266569,Dadar,bus,6,
Prakash Gaikwad 8901,9226374227,Bhoiwada,Walk,3,
Vaishali Chavan 8902,9064982139,Chowpatty,Walk,,
Rekha Shinde 8903,9841122036,Dadar,Walk,2,
Prakash Gaikwad 8904,9757247488,Grant Road,Bus,6,
Nitin Kadam 8905,9168838028,Dadar,Walk,2,
Rekha Shinde 8906,9359855758,Parel,BEST,7,
Vaishali Chavan 8907,9499914746,Byculla,Bus,2,
Meena Salvi 8908,,Byculla,On foot,8,
Rekha Shinde 8909,9945702601,Lalbaug,Walking,1,
Rekha Shinde 8910,9362150524,Charni Road,bus,4,
Sunita Pawar 8911,9465097295,Girgaon,Walk,6,
Rekha Shinde 8912,9050699029,,Train,,
Ganesh More 8913,9354556842,Dadar,bus,7,
Ajay Bhosale 8914,9664307456,Kalbadevi,Walk,7,
Prakash Gaikwad 8915,,Chowpatty,walk,7,
Nitin Kadam 8916,9640348044,Kalbadevi,Bus,4,children in group
Meena Salvi 8917,,Charni Road,Walk,3,
Prakash Gaikwad 8918,,Chowpatty,Bus,8,carrying idol
Nitin Kadam 8919,9370566651,Byculla,Train,,elderly in group
Prakash Gaikwad 8920,9534376695,Bhoiwada,Walk,2,
Prakash Gaikwad 8921,9465114031,Bhoiwada,Rail,6,
Sunita Pawar 8922,,Kalbadevi,train,,
Ganesh More 8923,9512247962,Charni Road,Bus,,carrying idol
Vaishali Chavan 8924,9396963259,Parel,Train,8,
Ganesh More 8925,9608834807,Chowpatty,Walk,8,
Meena Salvi 8926,9555345718,Bhoiwada,Bus,3,
Sunita Pawar 8927,9124959628,Byculla,bus,6,
Meena Salvi 8928,9797176499,Charni Road,train,,
Rekha Shinde 8929,9326470160,,train,8,
Nitin Kadam 8930,9132250109,Kalbadevi,Train,7,
Ajay Bhosale 8931,9880514983,Charni Road,Bus,5,
Vaishali Chavan 8932,9651204998,Kalbadevi,N/A,5,
Ajay Bhosale 8933,9938947020,Charni Road,train,4,
Ganesh More 8934,9128355369,Lalbaug,Train,,carrying idol
Ganesh More 8935,9763060811,Byculla,train,6,
Nitin Kadam 8936,9134767497,Girgaon,Walk,2,children in group
Ganesh More 8937,9674966505,Kalbadevi,Bus,,
Ganesh More 8938,9263667197,Parel,Bus,3,
Nitin Kadam 8939,9921550809,Bhoiwada,Bus,7,
Rekha Shinde 8940,9549923822,,BEST,2,
Meena Salvi 8941,9935053066,Byculla,Bus,3,elderly in group
Sunita Pawar 8942,9106358360,Byculla,Rail,8,
Vaishali Chavan 8943,9191366184,Charni Road,Train,8,
Meena Salvi 8944,9372044619,Girgaon,train,3,carrying idol
Prakash Gaikwad 8945,9633981677,Byculla,Train,2,
Meena Salvi 8946,9158904747,Charni Road,Walk,6,
Ajay Bhosale 8947,9607118286,Lalbaug,train,4,
Meena Salvi 8948,,Dadar,bus,6,
Rekha Shinde 8949,9896142294,Grant Road,Walk,4,
Nitin Kadam 8950,9386358772,Bhoiwada,Train,6,
Meena Salvi 8951,,,Train,2,
Ajay Bhosale 8952,,Kalbadevi,Walk,6,
Vaishali Chavan 8953,,Bhoiwada,Train,8,
Prakash Gaikwad 8954,9011347185,Parel,Walk,8,
Sunita Pawar 8955,9621577015,Charni Road,Train,2,
Prakash Gaikwad 8956,9366208774,Dadar,Train,5,
Vaishali Chavan 8957,9174658551,Bhoiwada,Other,2,
Nitin Kadam 8958,9160843727,Chowpatty,train,1,elderly in group
Ajay Bhosale 8959,9134916740,Girgaon,Local,4,
Sunita Pawar 8960,9300166632,Chowpatty,Rail,5,elderly in group
Vaishali Chavan 8961,9825294582,,walk,,
Ajay Bhosale 8962,9772393163,Lalbaug,Bus,8,
Meena Salvi 8963,,Kalbadevi,Walking,2,
Rekha Shinde 8964,,Grant Road,bus,1,
Ajay Bhosale 8965,9851286429,Girgaon,bus,8,carrying idol
Prakash Gaikwad 8966,9787613751,Girgaon,bus,5,
Sunita Pawar 8967,9036842728,Chowpatty,Walk,4,
Ganesh More 8968,9066609149,Chowpatty,walk,4,children in group
Nitin Kadam 8969,9481296484,Bhoiwada,Local,5,
Sunita Pawar 8970,9838580621,Charni Road,,1,carrying idol
Vaishali Chavan 8971,9298683080,Chowpatty,Train,4,
Vaishali Chavan 8972,9091555641,Byculla,Walk,1,
Meena Salvi 8973,9723636603,Girgaon,,7,
Sunita Pawar 8974,9087059549,Byculla,Local,,
Nitin Kadam 8975,9895637799,Girgaon,train,3,
Rekha Shinde 8976,9419514777,Lalbaug,Walk,1,
,,Chowpatty,Train,3,carrying idol
Meena Salvi 8978,9816006492,Charni Road,walk,8,
Prakash Gaikwad 8979,9295686494,Parel,Local,,
Vaishali Chavan 8980,9249862844,Lalbaug,Walk,2,carrying idol
Rekha Shinde 8981,9853192078,Kalbadevi,walk,,
Meena Salvi 8982,9819417177,Parel,Train,8,carrying idol
Ganesh More 8983,9391879916,Dadar,Walk,3,
Rekha Shinde 8984,,Grant Road,Train,2,
Vaishali Chavan 8985,9717581540,Lalbaug,Walk,,carrying idol
Sunita Pawar 8986,9956329548,Dadar,Train,2,
Ajay Bhosale 8987,9857172266,Dadar,Walk,2,elderly in group
Ganesh More 8988,9582942808,Charni Road,Train,1,
Nitin Kadam 8989,,Charni Road,Bus,,carrying idol
Ganesh More 8990,9373581078,Bhoiwada,walk,8,
Ganesh More 8991,9708946884,Kalbadevi,On foot,1,
Nitin Kadam 8992,9462370499,,Walk,7,elderly in group
Ajay Bhosale 8993,9271097053,Bhoiwada,Other,,
Ganesh More 8994,,Chowpatty,walk,7,
Ganesh More 8995,9778330209,Charni Road,train,7,
Sunita Pawar 8996,9532803907,Bhoiwada,,4,
Rekha Shinde 8997,9450692788,,Walk,8,
Ganesh More 8998,9969704570,Charni Road,bus,6,
Rekha Shinde 8999,,Chowpatty,walk,7,
Prakash Gaikwad 9000,9026246947,Kalbadevi,Train,1,carrying idol
Nitin Kadam 9001,9324329782,Byculla,Walk,4,
Ganesh More 9002,9600271284,Dadar,bus,6,
Nitin Kadam 9003,9126942940,,Walk,7,children in group
Ajay Bhosale 9004,9645048232,Charni Road,Bus,5,
Sunita Pawar 9005,,Grant Road,Bus,7,
Prakash Gaikwad 9006,9874648589,Parel,train,6,
Prakash Gaikwad 9007,9900492006,Grant Road,Walk,5,
Sunita Pawar 9008,9821739383,Dadar,walk,2,
,,Bhoiwada,Walk,4,
,9550359245,Dadar,train,6,carrying idol
Rekha Shinde 9011,9567030972,Grant Road,Train,6,carrying idol
Prakash Gaikwad 9012,,Charni Road,train,6,
Sunita Pawar 9013,,,Walk,8,
Nitin Kadam 9014,9666799117,Grant Road,Walk,7,children in group
Rekha Shinde 9015,9284486944,Parel,Other,2,children in group
Ajay Bhosale 9016,9033197917,Dadar,Walking,,elderly in group
Sunita Pawar 9017,9405225370,Girgaon,Train,7,
,9714779225,,Bus,7,
Nitin Kadam 9019,9747544999,Girgaon,N/A,2,
,,Lalbaug,train,2,
Ajay Bhosale 9021,,Grant Road,On foot,6,
Ajay Bhosale 9022,9354672234,Dadar,Walk,3,
Sunita Pawar 9023,9005825799,Bhoiwada,walk,8,children in group
Sunita Pawar 9024,9171783634,Bhoiwada,Train,1,children in group
Ajay Bhosale 9025,9327622572,Grant Road,Other,2,
,9603588640,Dadar,bus,2,
Meena Salvi 9027,,Dadar,Walk,3,
Sunita Pawar 9028,,Girgaon,Walk,7,elderly in group
Ajay Bhosale 9029,9485892415,Girgaon,Bus,8,
Sunita Pawar 9030,9929621834,Bhoiwada,Other,8,
Rekha Shinde 9031,9637435015,Kalbadevi,Walk,2,
Prakash Gaikwad 9032,9301196393,Byculla,Bus,5,
Nitin Kadam 9033,9796751971,Charni Road,Walk,3,
Vaishali Chavan 9034,9983076754,Lalbaug,Other,1,children in group
Meena Salvi 9035,,Girgaon,walk,5,elderly in group
Sunita Pawar 9036,9386738810,Bhoiwada,Train,1,
Rekha Shinde 9037,9512499140,Lalbaug,Train,7,
Prakash Gaikwad 9038,9527839561,Girgaon,Train,5,
Vaishali Chavan 9039,9938018064,Bhoiwada,Bus,,children in group
Meena Salvi 9040,9480853677,Charni Road,train,5,
Prakash Gaikwad 9041,9090961681,Kalbadevi,train,5,
Rekha Shinde 9042,9727877940,Parel,walk,,carrying idol
,9432542734,Parel,Bus,1,
Rekha Shinde 9044,9353157471,Kalbadevi,Walk,5,
Ajay Bhosale 9045,9456437393,Grant Road,Walk,1,carrying idol
Meena Salvi 9046,9521213029,Chowpatty,Walk,5,
Prakash Gaikwad 9047,,Charni Road,Walk,3,
Meena Salvi 9048,9276253886,Grant Road,train,7,
Sunita Pawar 9049,9662660040,Charni Road,On foot,6,
Ganesh More 9050,9076798831,Byculla,Walk,5,
Vaishali Chavan 9051,9748330180,Grant Road,walk,3,
Rekha Shinde 9052,9678981632,Lalbaug,train,7,
Vaishali Chavan 9053,9091055017,Byculla,Bus,1,
Ganesh More 9054,9364321559,Parel,Bus,3,
Ajay Bhosale 9055,9872989499,Byculla,Rail,4,
Ganesh More 9056,9046984170,Chowpatty,Walk,5,
Rekha Shinde 9057,9890197314,Parel,Walk,2,elderly in group
Meena Salvi 9058,9018892787,Chowpatty,Train,1,
Rekha Shinde 9059,9965617504,Bhoiwada,Train,7,children in group
Sunita Pawar 9060,9523359348,Byculla,Walk,5,
Vaishali Chavan 9061,9653088686,Grant Road,On foot,5,
,9315929423,Parel,Walk,6,
Rekha Shinde 9063,9018374604,Girgaon,Bus,,
Nitin Kadam 9064,9443967673,Girgaon,Walk,4,
Meena Salvi 9065,9157956747,Lalbaug,walk,6,
Nitin Kadam 9066,9493369849,Dadar,Train,7,
Nitin Kadam 9067,9054722537,Grant Road,Walk,8,
Sunita Pawar 9068,9463350647,Bhoiwada,Train,3,
Ajay Bhosale 9069,,,train,8,
Nitin Kadam 9070,9776130684,,BEST,6,
Vaishali Chavan 9071,9032584887,Lalbaug,Bus,3,
Vaishali Chavan 9072,9945977152,Parel,Bus,6,
Vaishali Chavan 9073,,Parel,Walk,8,
Prakash Gaikwad 9074,9131797895,Kalbadevi,Walk,3,
Ajay Bhosale 9075,9825353529,Parel,Walk,,
Vaishali Chavan 9076,,Girgaon,train,6,
Rekha Shinde 9077,9161958396,Parel,walk,5,
Sunita Pawar 9078,9777639954,Bhoiwada,Train,2,
Prakash Gaikwad 9079,9112803656,Charni Road,On foot,6,
Rekha Shinde 9080,,Bhoiwada,Walk,1,
Meena Salvi 9081,9619795958,Lalbaug,Walk,4,
Prakash Gaikwad 9082,9498323347,Chowpatty,Other,,
Meena Salvi 9083,9852147694,Girgaon,Walk,6,
Sunita Pawar 9084,9427821874,Grant Road,Train,1,
Ganesh More 9085,9204697990,Dadar,Walk,2,elderly in group
Sunita Pawar 9086,9941382787,Chowpatty,Bus,6,
Rekha Shinde 9087,9199640604,Grant Road,Walk,8,
Ganesh More 9088,9994097131,Girgaon,walk,8,carrying idol
Ajay Bhosale 9089,,Chowpatty,On foot,7,elderly in group
Rekha Shinde 9090,9298990688,Dadar,Rail,3,
Ganesh More 9091,,Chowpatty,Walk,1,
Sunita Pawar 9092,9075043303,Bhoiwada,Walk,6,
Nitin Kadam 9093,9283948945,Lalbaug,bus,,
Ajay Bhosale 9094,9058258394,Kalbadevi,Train,,
Ganesh More 9095,9590008125,Chowpatty,walk,8,
Ganesh More 9096,9598476871,Charni Road,On foot,3,elderly in group
Ajay Bhosale 9097,,Charni Road,Local,7,
Rekha Shinde 9098,9884863829,,Train,5,children in group
Prakash Gaikwad 9099,9146414286,Charni Road,train,2,
Meena Salvi 9100,9519420766,Girgaon,Walk,1,children in group
Meena Salvi 9101,9431108545,Bhoiwada,Train,3,
Prakash Gaikwad 9102,9833724897,Lalbaug,BEST,1,
Prakash Gaikwad 9103,9700791559,Grant Road,walk,3,elderly in group
Ganesh More 9104,9012789620,Byculla,Bus,,
Rekha Shinde 9105,9786993942,Grant Road,bus,7,elderly in group
Ajay Bhosale 9106,9335713636,Byculla,bus,7,
Rekha Shinde 9107,9973013432,Kalbadevi,Walk,3,
Rekha Shinde 9108,9694559921,Dadar,train,3,
Rekha Shinde 9109,9989958182,Parel,Walking,2,
Rekha Shinde 9110,9707289083,Charni Road,walk,6,
Ganesh More 9111,9100460427,,train,5,elderly in group
Ajay Bhosale 9112,9499187055,,walk,8,
Sunita Pawar 9113,9248357352,Lalbaug,walk,1,
Ajay Bhosale 9114,,Chowpatty,Walk,8,
Sunita Pawar 9115,,Byculla,Walk,7,
Ganesh More 9116,9833425842,Chowpatty,Walk,2,
Vaishali Chavan 9117,9996246073,Lalbaug,Train,6,elderly in group
Vaishali Chavan 9118,9049101639,Chowpatty,walk,8,children in group
Sunita Pawar 9119,,Byculla,Walk,7,
Ganesh More 9120,9606790547,Byculla,Walk,1,children in group
Vaishali Chavan 9121,9716975644,Chowpatty,Walk,3,
Sunita Pawar 9122,9189348679,Lalbaug,N/A,2,
Vaishali Chavan 9123,9949095394,Lalbaug,Walk,7,carrying idol
Nitin Kadam 9124,9832811849,Bhoiwada,train,7,
Ajay Bhosale 9125,9444550514,Chowpatty,Local,8,
Ajay Bhosale 9126,9805529221,,BEST,8,
Sunita Pawar 9127,9669839671,Byculla,Rail,6,
Rekha Shinde 9128,9217591014,Grant Road,walk,1,
Meena Salvi 9129,9043938120,Dadar,walk,5,
Prakash Gaikwad 9130,9150677327,Chowpatty,Walk,5,
Vaishali Chavan 9131,9192917445,Grant Road,Bus,5,
Rekha Shinde 9132,,Byculla,Walking,5,
Meena Salvi 9133,,Charni Road,walk,8,
Ajay Bhosale 9134,,Kalbadevi,Train,1,
,9478121110,Parel,Walk,2,
Ganesh More 9136,9174556516,Girgaon,train,7,
Ganesh More 9137,9419097078,Byculla,bus,2,
Nitin Kadam 9138,9198732522,Charni Road,Bus,2,
Prakash Gaikwad 9139,,Kalbadevi,Train,6,
Meena Salvi 9140,9954837355,Lalbaug,train,5,
Ajay Bhosale 9141,9460703509,Kalbadevi,Train,2,
Prakash Gaikwad 9142,9704306236,Parel,train,1,
Vaishali Chavan 9143,9456459557,Charni Road,Walk,7,carrying idol
Rekha Shinde 9144,,Kalbadevi,Bus,8,
Nitin Kadam 9145,9886011229,Bhoiwada,BEST,8,
Vaishali Chavan 9146,9429292151,Byculla,Walk,,
Meena Salvi 9147,9177722114,Chowpatty,train,4,
Ganesh More 9148,9376895667,Lalbaug,Train,4,carrying idol
Vaishali Chavan 9149,9455929190,Bhoiwada,Bus,5,
Rekha Shinde 9150,9961730876,Chowpatty,walk,4,
Meena Salvi 9151,9479740618,Bhoiwada,Train,4,
,9582672916,Chowpatty,Train,8,
Vaishali Chavan 9153,,Lalbaug,Local,2,
Prakash Gaikwad 9154,9875003842,Dadar,Bus,4,children in group
Ganesh More 9155,9071935194,Chowpatty,Bus,2,
Ganesh More 9156,,Byculla,Walk,5,
Ajay Bhosale 9157,9898668311,Kalbadevi,Walk,8,
Sunita Pawar 9158,9437851144,Lalbaug,Train,,children in group
Vaishali Chavan 9159,9261002065,Chowpatty,Train,6,
Vaishali Chavan 9160,9152875039,Dadar,Rail,4,carrying idol
Prakash Gaikwad 9161,9374757247,Parel,walk,3,
Ajay Bhosale 9162,,Chowpatty,walk,3,
Ganesh More 9163,9469412029,Kalbadevi,train,7,
Meena Salvi 9164,,Grant Road,Train,3,
Prakash Gaikwad 9165,9829763091,Byculla,Walk,6,
Nitin Kadam 9166,9184375612,Charni Road,Bus,4,children in group
Vaishali Chavan 9167,9069470080,Byculla,train,8,
Prakash Gaikwad 9168,,Kalbadevi,Walk,2,
Ajay Bhosale 9169,9610003918,Lalbaug,Walk,1,
Ganesh More 9170,9632106022,Parel,walk,5,
Ajay Bhosale 9171,9576383636,Grant Road,Walk,4,elderly in group
Ajay Bhosale 9172,9808410223,Byculla,Walk,2,
Rekha Shinde 9173,9469021935,,Train,8,
Meena Salvi 9174,9641651200,Bhoiwada,Train,7,
Rekha Shinde 9175,,Bhoiwada,Bus,5,
Sunita Pawar 9176,9377877556,Lalbaug,Bus,6,carrying idol
Nitin Kadam 9177,9552971318,Lalbaug,walk,5,
Prakash Gaikwad 9178,9859297956,Chowpatty,walk,,
Sunita Pawar 9179,9950026265,Girgaon,Walk,8,children in group
Ganesh More 9180,,Grant Road,Bus,1,
Rekha Shinde 9181,,Grant Road,Train,6,
Ajay Bhosale 9182,9055215993,Chowpatty,Bus,,
Rekha Shinde 9183,9806363607,Girgaon,Walk,3,
Vaishali Chavan 9184,9774339992,Parel,Bus,6,
Ganesh More 9185,9095536833,Kalbadevi,bus,2,carrying idol
Sunita Pawar 9186,9017463742,Byculla,bus,2,
Rekha Shinde 9187,9832774762,Girgaon,Walk,,
Sunita Pawar 9188,9379701923,Lalbaug,Walk,2,
Meena Salvi 9189,9944667974,Grant Road,walk,,
Meena Salvi 9190,9473130007,Grant Road,Train,5,elderly in group
Nitin Kadam 9191,9722130428,Girgaon,Bus,6,
Meena Salvi 9192,9671880536,Charni Road,Walk,3,
Meena Salvi 9193,,Bhoiwada,walk,1,
Rekha Shinde 9194,9743912835,Byculla,Bus,3,
Nitin Kadam 9195,9576421085,Chowpatty,Walk,6,
Vaishali Chavan 9196,9807562127,Bhoiwada,Bus,1,carrying idol
Sunita Pawar 9197,9006757684,Bhoiwada,Train,7,
Rekha Shinde 9198,9643326481,Byculla,bus,4,elderly in group
Meena Salvi 9199,9930764361,,Train,7,children in group
Rekha Shinde 9200,9222190676,Grant Road,Rail,1,
Ajay Bhosale 9201,9205040418,Dadar,walk,4,
Ajay Bhosale 9202,9080304319,Dadar,Walk,4,
Meena Salvi 9203,9916697813,,Walk,5,elderly in group
Rekha Shinde 9204,9302995232,Dadar,Rail,6,
Sunita Pawar 9205,9626806278,Girgaon,Train,6,children in group
Sunita Pawar 9206,9453393126,Bhoiwada,Walk,7,children in group
Ajay Bhosale 9207,9837238647,Grant Road,Walk,7,
Meena Salvi 9208,9241351388,Dadar,train,4,
,9755044715,Byculla,BEST,3,
Nitin Kadam 9210,9490430073,Bhoiwada,Walking,3,
Sunita Pawar 9211,9275817295,Grant Road,,,
Meena Salvi 9212,9544348841,Byculla,Bus,8,
,9556506627,Byculla,Walk,7,carrying idol
Vaishali Chavan 9214,,Girgaon,Walk,5,
Sunita Pawar 9215,9134573047,Parel,Walk,6,
Ganesh More 9216,9908426375,Chowpatty,Walking,5,carrying idol
Vaishali Chavan 9217,,Kalbadevi,Bus,3,
Sunita Pawar 9218,9753525803,Dadar,Walk,5,
Vaishali Chavan 9219,9833381100,Kalbadevi,Train,5,
Vaishali Chavan 9220,9448710708,Byculla,Train,,
Ganesh More 9221,9205301163,Byculla,Walk,5,
Rekha Shinde 9222,9572752026,Byculla,Walk,1,
Sunita Pawar 9223,9487605916,Charni Road,walk,8,
Prakash Gaikwad 9224,9822422563,Bhoiwada,Bus,4,elderly in group
Ganesh More 9225,9233481285,Charni Road,bus,7,
Ganesh More 9226,9013837759,Lalbaug,Walk,2,
,9893711355,Parel,Walk,,
Rekha Shinde 9228,,Parel,Walk,2,
Rekha Shinde 9229,9259167047,Bhoiwada,train,6,
Meena Salvi 9230,9834055868,Byculla,Local,1,
Ajay Bhosale 9231,,,Train,2,
Vaishali Chavan 9232,9516748347,Dadar,walk,7,
Nitin Kadam 9233,,Grant Road,bus,3,
Vaishali Chavan 9234,,Lalbaug,walk,2,
Prakash Gaikwad 9235,9974369004,Charni Road,bus,,
,9827486875,Bhoiwada,Walk,,
Vaishali Chavan 9237,9881315878,Kalbadevi,Walk,8,
Ajay Bhosale 9238,9614351321,Byculla,Walk,8,
Ganesh More 9239,,Parel,Train,4,
Meena Salvi 9240,9125163288,Dadar,train,6,
Meena Salvi 9241,9210736197,Girgaon,bus,6,
Rekha Shinde 9242,9467159164,Kalbadevi,Walk,2,
Prakash Gaikwad 9243,,Lalbaug,Walk,6,
Ganesh More 9244,9275331514,Charni Road,bus,8,
Vaishali Chavan 9245,,Charni Road,Train,6,
Nitin Kadam 9246,9309951616,Dadar,Walk,2,
Vaishali Chavan 9247,9228990521,Byculla,Bus,4,
Sunita Pawar 9248,9723579186,Grant Road,Train,5,
Ajay Bhosale 9249,,Dadar,Bus,6,carrying idol
Vaishali Chavan 9250,9021983611,Parel,On foot,1,
Nitin Kadam 9251,9953348361,Byculla,Bus,5,elderly in group
Sunita Pawar 9252,9000540738,Lalbaug,walk,2,carrying idol
Rekha Shinde 9253,9678017345,Girgaon,walk,7,
Ajay Bhosale 9254,9877348093,Byculla,Walk,7,
Ajay Bhosale 9255,,Chowpatty,Walk,2,carrying idol
Sunita Pawar 9256,9539372267,Girgaon,Walk,,elderly in group
Rekha Shinde 9257,9837488037,Grant Road,walk,2,
Vaishali Chavan 9258,,Bhoiwada,Bus,7,elderly in group
Meena Salvi 9259,9768678487,Parel,train,6,
Nitin Kadam 9260,9190218307,Charni Road,Walk,1,
Prakash Gaikwad 9261,,Lalbaug,Train,2,
Ajay Bhosale 9262,9255497179,Lalbaug,Walk,2,carrying idol
Nitin Kadam 9263,9964586699,Byculla,Train,1,
Prakash Gaikwad 9264,9144106002,Bhoiwada,Bus,4,carrying idol
Sunita Pawar 9265,9989449910,Parel,Train,3,
Sunita Pawar 9266,9062626335,Lalbaug,Walk,6,
Ajay Bhosale 9267,,,Bus,5,
Sunita Pawar 9268,9215394837,Dadar,Train,5,
Ajay Bhosale 9269,,Byculla,Walk,4,
Rekha Shinde 9270,9671648059,Byculla,walk,6,
Nitin Kadam 9271,9512765283,Lalbaug,walk,5,
Ganesh More 9272,,Parel,Walk,3,children in group
Ajay Bhosale 9273,9879678591,Lalbaug,Bus,6,
Ganesh More 9274,,Kalbadevi,N/A,7,
Vaishali Chavan 9275,9279577910,Lalbaug,walk,1,
Ganesh More 9276,9103143513,Bhoiwada,On foot,1,
Vaishali Chavan 9277,9123431732,Girgaon,Walk,6,
Nitin Kadam 9278,,Girgaon,train,,
Ganesh More 9279,9046481484,Lalbaug,walk,4,
Nitin Kadam 9280,9828919376,Kalbadevi,Walk,,
Ganesh More 9281,9841606429,Lalbaug,,5,
Sunita Pawar 9282,9744735801,Grant Road,On foot,1,
Prakash Gaikwad 9283,9855311717,Grant Road,On foot,6,
Ganesh More 9284,,Dadar,Train,3,
Ajay Bhosale 9285,9754597208,,Train,1,
Vaishali Chavan 9286,9628807745,Lalbaug,Bus,8,elderly in group
Prakash Gaikwad 9287,9343117649,Parel,Bus,8,
Ajay Bhosale 9288,9792962451,Lalbaug,Train,,
Prakash Gaikwad 9289,9962354261,Byculla,Train,3,children in group
Meena Salvi 9290,9107189275,,Walking,1,elderly in group
Ganesh More 9291,9796448291,Charni Road,Bus,8,
Prakash Gaikwad 9292,9139244600,Charni Road,Walk,2,
Rekha Shinde 9293,9971693384,Byculla,Walk,,children in group
Ganesh More 9294,,Dadar,Walk,1,children in group
Vaishali Chavan 9295,9890143595,Grant Road,train,2,
Sunita Pawar 9296,9876607653,Grant Road,bus,8,
Nitin Kadam 9297,9778952206,Byculla,Bus,7,
Ganesh More 9298,9433123460,Charni Road,Walk,,elderly in group
Ajay Bhosale 9299,9448468126,Lalbaug,Train,6,elderly in group
Prakash Gaikwad 9300,9495834641,Byculla,Walk,2,
Sunita Pawar 9301,9347094774,Lalbaug,Bus,8,
Rekha Shinde 9302,9985256897,Girgaon,Bus,1,elderly in group
Sunita Pawar 9303,9682875243,Charni Road,Bus,6,
Vaishali Chavan 9304,9065427024,Lalbaug,Other,4,
Ajay Bhosale 9305,,Dadar,Bus,6,
Sunita Pawar 9306,9631380721,Byculla,Walk,5,
Prakash Gaikwad 9307,9640638626,Girgaon,Bus,4,
Ajay Bhosale 9308,9458471518,Lalbaug,Bus,1,
Meena Salvi 9309,9555480856,Charni Road,train,5,children in group
Ganesh More 9310,9902620705,Parel,train,5,
Sunita Pawar 9311,9189425413,Byculla,bus,,
Vaishali Chavan 9312,9203453512,Lalbaug,On foot,6,
Ajay Bhosale 9313,,Chowpatty,walk,2,
Ajay Bhosale 9314,9092714144,Chowpatty,train,1,
Meena Salvi 9315,,Grant Road,Train,6,
Vaishali Chavan 9316,9171022251,Lalbaug,Bus,5,
Vaishali Chavan 9317,9987885902,Dadar,Rail,1,
Nitin Kadam 9318,9147714883,Bhoiwada,Walk,5,
Ajay Bhosale 9319,9777087538,Dadar,Bus,,
Prakash Gaikwad 9320,,Dadar,Walk,,
Sunita Pawar 9321,9563471882,Grant Road,Walk,5,
Nitin Kadam 9322,9158902498,Bhoiwada,Train,5,
Prakash Gaikwad 9323,9715317456,,Bus,8,
Rekha Shinde 9324,9004899191,Parel,Train,1,
Sunita Pawar 9325,9653920609,Lalbaug,Walk,6,
Prakash Gaikwad 9326,9035636324,,Train,4,
,9807744328,,Walk,8,
Ajay Bhosale 9328,,Byculla,Train,8,
Meena Salvi 9329,,Grant Road,train,4,
Vaishali Chavan 9330,9526198316,Parel,train,6,
Ajay Bhosale 9331,,Lalbaug,Walk,,
Vaishali Chavan 9332,9113861938,Grant Road,Bus,2,
Rekha Shinde 9333,9301905360,Byculla,Bus,8,
Prakash Gaikwad 9334,,Parel,On foot,7,
Ajay Bhosale 9335,9992150106,Byculla,train,7,
,9090746631,Dadar,Walk,7,
Ganesh More 9337,9493726879,Charni Road,bus,3,
Prakash Gaikwad 9338,9031050189,Parel,Walk,,
Ganesh More 9339,9861223383,Chowpatty,Train,4,elderly in group
Vaishali Chavan 9340,9116482330,Kalbadevi,Bus,3,carrying idol
Rekha Shinde 9341,9616377147,Byculla,Bus,4,
Rekha Shinde 9342,9690961440,Girgaon,walk,3,
Meena Salvi 9343,9376096463,Girgaon,walk,6,carrying idol
Sunita Pawar 9344,,Bhoiwada,Walk,1,carrying idol
Ajay Bhosale 9345,9944340756,Charni Road,BEST,2,
Meena Salvi 9346,9790683131,Lalbaug,N/A,3,
Meena Salvi 9347,9553015827,Grant Road,Bus,,
Prakash Gaikwad 9348,9594962880,Girgaon,bus,8,
Nitin Kadam 9349,9735435087,Grant Road,Walk,5,
Ajay Bhosale 9350,9809523777,Girgaon,Bus,1,
Rekha Shinde 9351,9024758775,Bhoiwada,Walk,6,
Rekha Shinde 9352,9390267545,Chowpatty,Bus,,
Sunita Pawar 9353,,Chowpatty,On foot,1,
Ajay Bhosale 9354,9866127662,Girgaon,Walk,6,
Sunita Pawar 9355,9871152595,Byculla,Bus,4,
Ganesh More 9356,9816882875,Grant Road,Bus,3,
Prakash Gaikwad 9357,9716155627,Byculla,Train,1,
Ajay Bhosale 9358,9103124087,Grant Road,BEST,7,
Rekha Shinde 9359,9175251470,Chowpatty,Walk,2,
Rekha Shinde 9360,9871442610,Bhoiwada,Walk,2,
Vaishali Chavan 9361,9691746524,Grant Road,Local,8,
Nitin Kadam 9362,9267566218,Girgaon,Walk,6,
Rekha Shinde 9363,9350149115,Parel,,7,children in group
Vaishali Chavan 9364,9360103840,Grant Road,walk,5,
Rekha Shinde 9365,9807444869,Byculla,Bus,7,
Ganesh More 9366,,Lalbaug,On foot,1,carrying idol
Rekha Shinde 9367,9568973645,Bhoiwada,Train,2,
Sunita Pawar 9368,,Lalbaug,Bus,4,
,9468986863,Grant Road,Walk,5,
Meena Salvi 9370,9625569453,Parel,Train,5,elderly in group
Meena Salvi 9371,9524959044,Kalbadevi,walk,4,
Prakash Gaikwad 9372,9637261511,Lalbaug,walk,1,
Meena Salvi 9373,9768157654,Chowpatty,train,4,
Ganesh More 9374,9901897937,,On foot,4,
Rekha Shinde 9375,9275836760,Chowpatty,Walk,8,
Ajay Bhosale 9376,9762369269,Dadar,Walk,4,
Rekha Shinde 9377,9735724794,Grant Road,walk,7,
Nitin Kadam 9378,,Charni Road,Train,7,
Sunita Pawar 9379,,Dadar,Train,7,
Meena Salvi 9380,9907839540,Bhoiwada,walk,6,
Ajay Bhosale 9381,9965014552,Dadar,Walking,6,
Ganesh More 9382,9550014638,Chowpatty,Bus,7,
Nitin Kadam 9383,9497115919,Lalbaug,Walking,,
Prakash Gaikwad 9384,9943563745,Grant Road,Bus,,elderly in group
Rekha Shinde 9385,9036653623,Byculla,walk,5,carrying idol
Rekha Shinde 9386,9384551775,Lalbaug,walk,6,
Ganesh More 9387,9253233534,Chowpatty,Walk,5,
Ganesh More 9388,9064329350,,Walk,7,carrying idol
Rekha Shinde 9389,,Dadar,Train,1,
Vaishali Chavan 9390,9491810843,Lalbaug,Bus,3,
Vaishali Chavan 9391,9891784205,Lalbaug,Walk,1,
Rekha Shinde 9392,9819996423,,Walk,5,
Ganesh More 9393,,Charni Road,train,8,
Ajay Bhosale 9394,9071472214,Byculla,train,2,
Rekha Shinde 9395,,Charni Road,Bus,8,
Sunita Pawar 9396,,Dadar,Walk,6,carrying idol
Ganesh More 9397,9203627069,Byculla,BEST,2,elderly in group
Vaishali Chavan 9398,9524248291,Chowpatty,Walk,6,
Prakash Gaikwad 9399,9866493647,Dadar,Walk,6,
Rekha Shinde 9400,9163484294,Byculla,Walk,1,
,,Chowpatty,Train,8,
Nitin Kadam 9402,,Bhoiwada,Walk,4,
Ganesh More 9403,,,Walk,4,
Ganesh More 9404,,,walk,2,
Nitin Kadam 9405,,Chowpatty,Walk,5,
Rekha Shinde 9406,9248069078,Chowpatty,bus,7,
Nitin Kadam 9407,9374202395,Parel,Walk,6,elderly in group
Vaishali Chavan 9408,,Bhoiwada,train,2,
Ajay Bhosale 9409,9184910049,Chowpatty,Train,1,
Meena Salvi 9410,9533567934,Charni Road,Local,2,children in group
Nitin Kadam 9411,,,Train,5,
Meena Salvi 9412,9617454624,Parel,walk,2,
Prakash Gaikwad 9413,9629933734,Bhoiwada,train,,
Rekha Shinde 9414,9746189552,,Train,3,
Ajay Bhosale 9415,9859851879,Lalbaug,On foot,7,
Rekha Shinde 9416,9174905552,Kalbadevi,Bus,8,
Rekha Shinde 9417,9857790507,Grant Road,Walk,7,
Vaishali Chavan 9418,9120646034,Lalbaug,Train,7,
Ganesh More 9419,9422904898,Grant Road,Train,2,
Ganesh More 9420,9332808159,Dadar,Train,1,
Ajay Bhosale 9421,9504614698,Byculla,Walk,,
Sunita Pawar 9422,,Charni Road,walk,1,
Ganesh More 9423,9416221593,Lalbaug,Walk,8,
Vaishali Chavan 9424,9347593534,Grant Road,Walk,4,
Sunita Pawar 9425,,Byculla,train,,
Rekha Shinde 9426,9739668514,Girgaon,Walk,8,
Ajay Bhosale 9427,9423613250,Lalbaug,Bus,2,
Vaishali Chavan 9428,,Charni Road,walk,8,
Meena Salvi 9429,9146719816,Bhoiwada,bus,2,
Meena Salvi 9430,9705381660,Byculla,Bus,1,
Prakash Gaikwad 9431,9827117207,Chowpatty,Local,8,
Ajay Bhosale 9432,9273555739,Byculla,Train,,
Nitin Kadam 9433,9744441904,Byculla,Train,5,
Vaishali Chavan 9434,9493356084,Grant Road,walk,7,carrying idol
Vaishali Chavan 9435,9860292296,Byculla,Train,4,
Sunita Pawar 9436,9680795333,Grant Road,Bus,8,
Ganesh More 9437,9414481070,Girgaon,Walk,5,
Prakash Gaikwad 9438,9477035305,Charni Road,Local,6,
Sunita Pawar 9439,,Girgaon,Train,2,
Meena Salvi 9440,9863234693,Dadar,Bus,1,carrying idol
Rekha Shinde 9441,9770902512,Byculla,Bus,5,
Sunita Pawar 9442,,Charni Road,train,5,
Vaishali Chavan 9443,9580576567,Lalbaug,Walk,5,
Meena Salvi 9444,9371129386,Bhoiwada,Walk,2,
Nitin Kadam 9445,,Chowpatty,Rail,3,
Ganesh More 9446,9493048924,Grant Road,Walk,1,
Ajay Bhosale 9447,9478819667,Girgaon,Bus,2,
Sunita Pawar 9448,,,On foot,5,
Ganesh More 9449,9684477021,Byculla,bus,,
Vaishali Chavan 9450,9760479253,Kalbadevi,Bus,5,
Rekha Shinde 9451,9771057457,Kalbadevi,Local,4,
Ajay Bhosale 9452,9452250733,Dadar,bus,,elderly in group
Rekha Shinde 9453,,Kalbadevi,Train,1,
Nitin Kadam 9454,9127617728,Charni Road,Train,3,
Ganesh More 9455,9742328102,Chowpatty,Walk,7,
Sunita Pawar 9456,9278704901,Kalbadevi,walk,2,
Ganesh More 9457,9961827303,Girgaon,walk,8,
Meena Salvi 9458,9149315320,Parel,train,,
Sunita Pawar 9459,9010841832,Byculla,Train,1,
Rekha Shinde 9460,9200789694,Parel,Train,3,
Rekha Shinde 9461,,Grant Road,Walk,2,
Prakash Gaikwad 9462,9668400159,Kalbadevi,Walk,6,
Prakash Gaikwad 9463,9869010588,,walk,4,
Sunita Pawar 9464,9158007342,Parel,Walk,1,
Ganesh More 9465,9840172435,,Walk,6,
Ganesh More 9466,,Bhoiwada,Train,8,carrying idol
Nitin Kadam 9467,9014511582,Grant Road,Bus,1,elderly in group
Ajay Bhosale 9468,9116438757,Girgaon,train,,
Sunita Pawar 9469,9763607833,,Walk,8,
Vaishali Chavan 9470,9444850729,Charni Road,walk,8,
Ganesh More 9471,9726966073,Lalbaug,Bus,7,elderly in group
,9696064047,Charni Road,walk,6,
Ajay Bhosale 9473,,Lalbaug,walk,3,children in group
Sunita Pawar 9474,9348483145,Bhoiwada,walk,5,
Meena Salvi 9475,9564700430,Chowpatty,Train,1,children in group
Sunita Pawar 9476,,Grant Road,Walk,3,carrying idol
Nitin Kadam 9477,9240256128,Grant Road,Bus,5,elderly in group
Prakash Gaikwad 9478,9329500606,,Walking,7,
Meena Salvi 9479,9054947268,Kalbadevi,walk,7,
Rekha Shinde 9480,,Parel,Walk,4,
Ganesh More 9481,9914559206,Byculla,Train,7,
Nitin Kadam 9482,9065168220,Byculla,Walk,5,
Sunita Pawar 9483,9700431150,Byculla,Train,1,
Vaishali Chavan 9484,9234326667,Lalbaug,train,8,
,9129689946,Girgaon,walk,8,
Vaishali Chavan 9486,,Lalbaug,Walking,2,
Rekha Shinde 9487,9365925418,Charni Road,walk,5,elderly in group
Rekha Shinde 9488,,Parel,,7,children in group
Sunita Pawar 9489,9973483820,Bhoiwada,Walk,7,
Rekha Shinde 9490,9996894049,Lalbaug,bus,1,
Rekha Shinde 9491,9057374994,Kalbadevi,bus,7,carrying idol
Vaishali Chavan 9492,,Charni Road,On foot,7,children in group
Ganesh More 9493,,Bhoiwada,bus,8,
Meena Salvi 9494,9294975701,Chowpatty,Walk,,
Prakash Gaikwad 9495,,Byculla,train,7,
Meena Salvi 9496,9384353215,Parel,Bus,1,
Sunita Pawar 9497,9402914782,Chowpatty,Walk,4,
Rekha Shinde 9498,9573578213,Charni Road,Train,4,
Prakash Gaikwad 9499,9376136891,Bhoiwada,BEST,6,
Rekha Shinde 9500,9787793339,Charni Road,walk,6,
Vaishali Chavan 9501,9804060034,Byculla,Train,5,
Vaishali Chavan 9502,,Bhoiwada,Walk,,
Vaishali Chavan 9503,9645205956,Bhoiwada,walk,6,
Rekha Shinde 9504,,Byculla,Walk,8,children in group
,,Kalbadevi,Walking,5,
Nitin Kadam 9506,9482654557,Lalbaug,train,4,
Prakash Gaikwad 9507,9299461926,Dadar,walk,,
Nitin Kadam 9508,9552973250,Kalbadevi,Bus,8,
Vaishali Chavan 9509,9527800293,Grant Road,train,3,
Vaishali Chavan 9510,,Parel,Walk,6,elderly in group
Ajay Bhosale 9511,9158400061,Parel,Walk,5,
Nitin Kadam 9512,9461681194,Lalbaug,Train,5,
Ganesh More 9513,,Girgaon,On foot,2,
Sunita Pawar 9514,9343724966,Lalbaug,Other,7,
Ganesh More 9515,9565646170,Girgaon,Walk,1,
Sunita Pawar 9516,,Charni Road,Train,1,carrying idol
Meena Salvi 9517,9016852544,Bhoiwada,Train,2,
Sunita Pawar 9518,,Parel,,,children in group
Sunita Pawar 9519,9413591806,Grant Road,Train,6,
,9786825959,Girgaon,Walking,3,
Prakash Gaikwad 9521,9133515249,Dadar,Train,2,carrying idol
Ganesh More 9522,9324249486,Dadar,walk,7,
Ganesh More 9523,,Chowpatty,Walk,6,
,9969698227,Grant Road,Bus,7,
Rekha Shinde 9525,9416007292,Bhoiwada,Local,7,
Ganesh More 9526,9791149497,Charni Road,Train,5,
Sunita Pawar 9527,9219015170,Charni Road,Bus,2,
Nitin Kadam 9528,,Girgaon,Walk,4,
Prakash Gaikwad 9529,9911540098,Grant Road,Train,5,
Vaishali Chavan 9530,9141482511,Byculla,Train,,
,,Charni Road,Train,3,
Sunita Pawar 9532,9097842899,Grant Road,Bus,5,
Meena Salvi 9533,9714065209,Parel,bus,7,
Prakash Gaikwad 9534,,Charni Road,walk,3,
Sunita Pawar 9535,9736259930,Bhoiwada,Walk,6,elderly in group
Nitin Kadam 9536,9958162344,Bhoiwada,bus,6,
Nitin Kadam 9537,9931299940,Bhoiwada,Walk,3,
Ganesh More 9538,,Girgaon,Walk,2,carrying idol
Prakash Gaikwad 9539,9167850530,Grant Road,Train,6,
Ganesh More 9540,9140712616,Byculla,On foot,4,
Ajay Bhosale 9541,9647918181,Bhoiwada,Train,7,
Ajay Bhosale 9542,,Lalbaug,Walk,7,
Ganesh More 9543,9555801214,Byculla,Train,7,
Prakash Gaikwad 9544,9676516675,Lalbaug,Train,6,
Vaishali Chavan 9545,9391032214,Dadar,walk,5,
,9997175691,Charni Road,Train,,
Ajay Bhosale 9547,9391943929,Chowpatty,Train,2,
Ganesh More 9548,9028748770,Byculla,Walk,3,
Vaishali Chavan 9549,,Dadar,Walk,2,
Meena Salvi 9550,9603030996,Bhoiwada,On foot,,carrying idol
Ganesh More 9551,9646315313,Byculla,Train,7,
Ajay Bhosale 9552,9195199602,Charni Road,walk,5,elderly in group
Prakash Gaikwad 9553,9430450131,Parel,walk,4,children in group
Nitin Kadam 9554,,Bhoiwada,Walk,4,
Rekha Shinde 9555,9835409583,Byculla,Train,3,
Meena Salvi 9556,9429339155,Parel,Walk,6,
Vaishali Chavan 9557,,Lalbaug,Walk,4,
Ajay Bhosale 9558,,Byculla,On foot,8,
Rekha Shinde 9559,9398770109,Bhoiwada,train,7,
Ganesh More 9560,9427844652,Chowpatty,walk,7,carrying idol
Prakash Gaikwad 9561,9910645413,Chowpatty,bus,4,
Sunita Pawar 9562,9070904970,Grant Road,Walk,6,
Vaishali Chavan 9563,9423758215,Kalbadevi,Walking,6,
Prakash Gaikwad 9564,9850561873,Parel,walk,6,
Ajay Bhosale 9565,9335512063,Chowpatty,walk,3,
Sunita Pawar 9566,9326989952,Girgaon,Walk,7,
Sunita Pawar 9567,,Dadar,walk,7,
Prakash Gaikwad 9568,,Parel,Train,,
Ajay Bhosale 9569,9643700751,Charni Road,walk,2,
Sunita Pawar 9570,9707837853,Bhoiwada,Train,6,
Ajay Bhosale 9571,9461135686,Girgaon,train,7,
Prakash Gaikwad 9572,9899140198,Kalbadevi,Walk,7,
Prakash Gaikwad 9573,9430953474,Grant Road,Walk,7,
Meena Salvi 9574,9281024733,Lalbaug,Bus,3,
Vaishali Chavan 9575,9132837962,Charni Road,Walking,8,
Rekha Shinde 9576,9838399539,Byculla,bus,7,elderly in group
Nitin Kadam 9577,,Chowpatty,Walk,,
Prakash Gaikwad 9578,9055696568,Grant Road,Walk,2,
Sunita Pawar 9579,,Girgaon,train,8,
Vaishali Chavan 9580,,Parel,Walk,6,
Ajay Bhosale 9581,9620948584,Charni Road,Other,2,
Vaishali Chavan 9582,9038018287,Charni Road,bus,5,
Ganesh More 9583,9570970952,Chowpatty,Walk,,
Meena Salvi 9584,9544939613,Lalbaug,bus,6,
Sunita Pawar 9585,9580696613,Girgaon,bus,2,
Nitin Kadam 9586,9279164524,Kalbadevi,Walk,8,children in group
Sunita Pawar 9587,9948910699,Charni Road,Train,5,
Rekha Shinde 9588,9073109839,Charni Road,On foot,4,
Prakash Gaikwad 9589,9599976181,Lalbaug,Train,1,
Meena Salvi 9590,9253816649,Grant Road,walk,3,
Ajay Bhosale 9591,9068581077,Lalbaug,bus,6,carrying idol
Ganesh More 9592,9464971420,Chowpatty,Walk,4,
Rekha Shinde 9593,9253012238,Parel,Bus,5,carrying idol
Ganesh More 9594,9089690682,Charni Road,Walk,3,
Ajay Bhosale 9595,9268444226,Kalbadevi,N/A,3,
Meena Salvi 9596,9504278780,Parel,Walk,4,carrying idol
Sunita Pawar 9597,9259321399,Grant Road,Bus,6,
Rekha Shinde 9598,9360179062,Grant Road,Walk,3,
Nitin Kadam 9599,9007509470,Girgaon,Bus,6,
Ganesh More 9600,9961350742,Charni Road,On foot,6,
Vaishali Chavan 9601,9529596904,Dadar,Local,3,
Ganesh More 9602,9529234212,Kalbadevi,Rail,3,
Rekha Shinde 9603,9888646592,Charni Road,walk,1,
Vaishali Chavan 9604,9829358143,Dadar,Walk,3,
Prakash Gaikwad 9605,9537548164,Byculla,walk,1,elderly in group
Sunita Pawar 9606,,Grant Road,walk,4,
Prakash Gaikwad 9607,,Lalbaug,Local,,children in group
Ajay Bhosale 9608,,Byculla,Walk,5,carrying idol
Nitin Kadam 9609,9020214431,Byculla,Walking,3,
Nitin Kadam 9610,,Byculla,bus,2,
Sunita Pawar 9611,9805625451,Girgaon,Walk,5,
Ganesh More 9612,,Charni Road,Walk,3,children in group
Nitin Kadam 9613,9787084100,Parel,Walk,5,elderly in group
Ganesh More 9614,9315826229,Bhoiwada,Bus,2,
Ajay Bhosale 9615,9895658558,Grant Road,train,,
Vaishali Chavan 9616,9991649237,Dadar,Walk,7,
Vaishali Chavan 9617,9278068441,Charni Road,bus,6,
,9039727781,Grant Road,Bus,7,
Vaishali Chavan 9619,9857593537,Grant Road,train,2,carrying idol
Sunita Pawar 9620,9479669316,Girgaon,Train,4,
Rekha Shinde 9621,,Charni Road,train,8,
Meena Salvi 9622,,Byculla,Bus,,
Meena Salvi 9623,,Chowpatty,walk,8,
Rekha Shinde 9624,9455868200,Parel,Walk,1,
Meena Salvi 9625,9913543420,,Bus,3,carrying idol
Sunita Pawar 9626,9099078043,Grant Road,Bus,7,
,9821165598,Dadar,Walk,3,children in group
Nitin Kadam 9628,9365370298,Grant Road,train,1,elderly in group
Prakash Gaikwad 9629,9612818530,Bhoiwada,Bus,7,
Sunita Pawar 9630,9361362477,Kalbadevi,Bus,2,elderly in group
Ganesh More 9631,9754897966,,Local,6,
Ajay Bhosale 9632,9631831539,Dadar,walk,8,elderly in group
,,,Walk,7,
Nitin Kadam 9634,9818012730,Grant Road,Train,5,
Nitin Kadam 9635,9905295539,Chowpatty,walk,8,
Vaishali Chavan 9636,9847734767,Bhoiwada,Walk,6,
Ganesh More 9637,,Byculla,walk,1,
Prakash Gaikwad 9638,9226692214,Bhoiwada,Bus,1,
Ganesh More 9639,9398037877,Parel,bus,6,elderly in group
Ganesh More 9640,,Dadar,bus,8,
Ganesh More 9641,9580769871,Chowpatty,Walk,6,
Prakash Gaikwad 9642,9353911173,Parel,Train,1,
Ganesh More 9643,9696892775,Byculla,Walk,5,
Rekha Shinde 9644,9983610623,Charni Road,Bus,1,children in group
Meena Salvi 9645,9615066102,Girgaon,Bus,2,
Meena Salvi 9646,9007817613,Grant Road,train,4,carrying idol
,,Charni Road,Walk,7,elderly in group
Meena Salvi 9648,9708791745,Dadar,Walk,6,
Sunita Pawar 9649,9709986084,Parel,Train,5,children in group
Sunita Pawar 9650,9785065162,Charni Road,Bus,3,
Meena Salvi 9651,,Charni Road,walk,,elderly in group
,9066506654,Charni Road,On foot,6,
Ganesh More 9653,9750005713,Charni Road,Walk,7,children in group
Rekha Shinde 9654,9601614668,Chowpatty,Bus,3,
Nitin Kadam 9655,,Kalbadevi,Bus,,
Nitin Kadam 9656,9117295107,Grant Road,N/A,7,carrying idol
Vaishali Chavan 9657,9675847763,Charni Road,Walk,,
Rekha Shinde 9658,9041057482,Grant Road,bus,3,carrying idol
Meena Salvi 9659,9934201766,Girgaon,bus,7,
Ajay Bhosale 9660,9351648138,Charni Road,train,2,
Ganesh More 9661,9604585433,Byculla,Walk,,
Prakash Gaikwad 9662,,Charni Road,walk,4,
Sunita Pawar 9663,9324403020,Charni Road,walk,3,
Rekha Shinde 9664,9148881851,Lalbaug,Train,1,elderly in group
Ajay Bhosale 9665,9764345183,Bhoiwada,Walk,3,
Rekha Shinde 9666,9506757629,Girgaon,Train,3,
Rekha Shinde 9667,9633787607,Grant Road,Bus,3,
Ganesh More 9668,9549513002,Grant Road,On foot,5,carrying idol
Ganesh More 9669,9251830892,Grant Road,Walk,1,
Meena Salvi 9670,9611193666,Kalbadevi,Bus,3,
Ajay Bhosale 9671,,Grant Road,Train,,
Ganesh More 9672,,Grant Road,train,2,carrying idol
Prakash Gaikwad 9673,,Parel,Walk,7,
Ganesh More 9674,,Grant Road,Bus,4,
Rekha Shinde 9675,,Dadar,train,8,
Vaishali Chavan 9676,9895207117,Grant Road,Walk,4,
Meena Salvi 9677,9792355542,Chowpatty,Walk,1,
Ajay Bhosale 9678,9539792115,Parel,Walk,3,
Rekha Shinde 9679,9453672796,Dadar,Rail,2,
,9810997904,Parel,Local,8,
Sunita Pawar 9681,9981383440,Kalbadevi,Walk,4,
Rekha Shinde 9682,9626110920,Chowpatty,walk,3,
Prakash Gaikwad 9683,9552366518,,Walk,2,
Nitin Kadam 9684,9197043321,Bhoiwada,walk,3,
Sunita Pawar 9685,9629596156,Parel,Bus,5,
Nitin Kadam 9686,,Dadar,bus,,
Ganesh More 9687,9015159651,Kalbadevi,walk,8,
Prakash Gaikwad 9688,9317769462,Chowpatty,Bus,2,
Ganesh More 9689,9409716288,Lalbaug,walk,7,carrying idol
Meena Salvi 9690,9775610372,Byculla,Walk,5,
Sunita Pawar 9691,,Grant Road,Train,6,carrying idol
Prakash Gaikwad 9692,9552099551,Chowpatty,train,7,
Sunita Pawar 9693,9658980310,Lalbaug,Walk,4,
Nitin Kadam 9694,9965291275,Charni Road,Walk,6,
Rekha Shinde 9695,9685095244,Chowpatty,walk,4,
Ajay Bhosale 9696,,Girgaon,bus,5,elderly in group
Vaishali Chavan 9697,9073817012,Parel,walk,,
Meena Salvi 9698,9936101011,Grant Road,On foot,4,
Prakash Gaikwad 9699,,Grant Road,Train,3,
Meena Salvi 9700,,Grant Road,Walk,,
Meena Salvi 9701,9795895874,Chowpatty,Walk,4,
Rekha Shinde 9702,9084184349,Girgaon,Bus,8,
Ganesh More 9703,9781197918,Charni Road,Train,8,
Sunita Pawar 9704,9104159090,Grant Road,Train,8,
Ganesh More 9705,9316569030,,Train,,
Ajay Bhosale 9706,9766742981,Chowpatty,Bus,2,
Rekha Shinde 9707,9374947262,Lalbaug,Bus,8,children in group
Rekha Shinde 9708,,Charni Road,bus,8,
Ajay Bhosale 9709,9297560750,Bhoiwada,On foot,2,
Rekha Shinde 9710,9448290574,Charni Road,walk,,
Sunita Pawar 9711,9986797959,Chowpatty,bus,6,
Nitin Kadam 9712,9987704407,Kalbadevi,Walk,7,
Sunita Pawar 9713,,Lalbaug,Walk,5,
Nitin Kadam 9714,9706583670,Lalbaug,Walk,5,
Meena Salvi 9715,9412246339,Dadar,Walk,7,
Vaishali Chavan 9716,9066983702,Grant Road,Train,8,children in group
Ajay Bhosale 9717,9988612235,Girgaon,Train,1,children in group
Vaishali Chavan 9718,9054464051,,Walk,6,
Rekha Shinde 9719,9471715151,Girgaon,On foot,1,
Meena Salvi 9720,9445760569,Chowpatty,Walk,,children in group
Ganesh More 9721,,Kalbadevi,Walk,7,
Nitin Kadam 9722,9141950924,Grant Road,Bus,8,
Ajay Bhosale 9723,9363070472,Parel,train,8,children in group
Sunita Pawar 9724,9390406188,Girgaon,Train,,
Nitin Kadam 9725,9927357940,Dadar,walk,,
Vaishali Chavan 9726,9804064762,Bhoiwada,Walk,3,
Vaishali Chavan 9727,9938145427,Kalbadevi,On foot,4,
Meena Salvi 9728,9672438363,Charni Road,walk,4,
Ganesh More 9729,9512272212,Byculla,Bus,1,
Rekha Shinde 9730,,Chowpatty,Walk,8,children in group
Nitin Kadam 9731,9022760370,Chowpatty,Walking,8,
Nitin Kadam 9732,9102343550,Charni Road,Bus,5,
Sunita Pawar 9733,9164752049,Girgaon,Walk,6,
Ajay Bhosale 9734,9184589917,Dadar,walk,4,
Vaishali Chavan 9735,9736583868,Lalbaug,train,6,
Ajay Bhosale 9736,9497960551,Lalbaug,bus,4,
Sunita Pawar 9737,9598958716,Lalbaug,BEST,7,
,9507602205,Byculla,walk,,
Rekha Shinde 9739,9624536595,,walk,,
Nitin Kadam 9740,9604762955,Kalbadevi,Walk,8,
Prakash Gaikwad 9741,,Grant Road,Walk,,
Nitin Kadam 9742,9690156578,Charni Road,Train,4,
Ganesh More 9743,9277452962,Kalbadevi,On foot,4,
Meena Salvi 9744,9255543821,Grant Road,train,3,
Nitin Kadam 9745,9351962787,Chowpatty,Bus,5,elderly in group
Ganesh More 9746,9969314497,Grant Road,bus,7,
Ajay Bhosale 9747,9919937174,Bhoiwada,Walk,8,
Vaishali Chavan 9748,9958198155,Dadar,Bus,3,
Ganesh More 9749,9932116945,Byculla,Bus,6,
Sunita Pawar 9750,,Grant Road,Walk,8,
Vaishali Chavan 9751,9256468636,Grant Road,Other,8,
Rekha Shinde 9752,9598536464,Bhoiwada,Other,4,
Rekha Shinde 9753,,Girgaon,Rail,8,
Vaishali Chavan 9754,9901443872,Parel,walk,3,
Vaishali Chavan 9755,9631804433,Byculla,bus,,
Ganesh More 9756,,Grant Road,train,2,
Rekha Shinde 9757,9041417171,Chowpatty,Local,4,
Ganesh More 9758,9654990059,Kalbadevi,Train,1,
Ganesh More 9759,9005033634,Parel,bus,8,
Ajay Bhosale 9760,9138638506,Girgaon,Other,3,
,9537761086,Byculla,Bus,7,
Ajay Bhosale 9762,9780679462,,train,3,carrying idol
Prakash Gaikwad 9763,,,Bus,2,
Vaishali Chavan 9764,9232313276,Chowpatty,Train,3,
Vaishali Chavan 9765,9211065765,Lalbaug,Train,6,
Meena Salvi 9766,9519064683,Girgaon,walk,3,
Ajay Bhosale 9767,9630985186,Grant Road,train,1,
Prakash Gaikwad 9768,9235702218,Dadar,Bus,3,
Meena Salvi 9769,9591397437,,Walk,3,
Ajay Bhosale 9770,,,walk,2,
Meena Salvi 9771,,Kalbadevi,Train,4,
Meena Salvi 9772,9300722957,Grant Road,Walking,2,
Sunita Pawar 9773,9408946960,Byculla,Walk,7,elderly in group
Meena Salvi 9774,9980713853,Dadar,Walk,,
Ajay Bhosale 9775,,Parel,Train,6,
Nitin Kadam 9776,9273997127,Grant Road,Bus,8,children in group
Rekha Shinde 9777,,Bhoiwada,Bus,6,
Prakash Gaikwad 9778,9163193623,Dadar,Walk,3,
Rekha Shinde 9779,,Lalbaug,Walk,,carrying idol
Prakash Gaikwad 9780,,Lalbaug,Walking,1,
Ajay Bhosale 9781,,Girgaon,Bus,,
Prakash Gaikwad 9782,9982918746,Bhoiwada,Walk,2,
Meena Salvi 9783,9811165558,Grant Road,Rail,5,
Ajay Bhosale 9784,,Girgaon,Walking,5,
Sunita Pawar 9785,9686067231,Byculla,Train,,
Rekha Shinde 9786,9310472812,Chowpatty,walk,6,
,9903324245,Kalbadevi,walk,1,
,9449503329,Kalbadevi,Walking,7,children in group
,9290791828,Lalbaug,train,4,
Nitin Kadam 9790,9691363890,Byculla,walk,,
Prakash Gaikwad 9791,,Charni Road,bus,,
Vaishali Chavan 9792,9016302450,Grant Road,Train,6,
Ajay Bhosale 9793,9986871383,Chowpatty,Walk,7,
Vaishali Chavan 9794,9533054274,Byculla,Train,7,
Vaishali Chavan 9795,9846928648,Kalbadevi,Walk,5,
Vaishali Chavan 9796,9695643298,,Walk,4,
Ganesh More 9797,9780548771,Parel,Bus,4,
Nitin Kadam 9798,9533214174,Chowpatty,Walk,7,elderly in group
Rekha Shinde 9799,9217879855,Byculla,Train,5,
Vaishali Chavan 9800,9739009210,Bhoiwada,Walk,1,
Nitin Kadam 9801,9312767364,Grant Road,,1,
Nitin Kadam 9802,,Byculla,walk,1,
Ajay Bhosale 9803,9496312246,Kalbadevi,Train,4,carrying idol
Rekha Shinde 9804,9626294083,Byculla,Train,8,elderly in group
Rekha Shinde 9805,9508635432,Charni Road,Walk,1,
Meena Salvi 9806,,Charni Road,Train,6,
Prakash Gaikwad 9807,9605024934,Chowpatty,Walk,,
Ajay Bhosale 9808,9261065065,Charni Road,Walk,4,carrying idol
Meena Salvi 9809,9438499574,Byculla,Walk,8,
Prakash Gaikwad 9810,9777740473,Lalbaug,Walk,7,
Nitin Kadam 9811,9217617398,Dadar,walk,1,
Ganesh More 9812,9246060711,Chowpatty,bus,8,
Ajay Bhosale 9813,9355021761,Bhoiwada,walk,2,elderly in group
,9105539397,Byculla,walk,1,
Rekha Shinde 9815,9500645928,Grant Road,train,6,
Meena Salvi 9816,9324260473,Bhoiwada,Train,5,
Ganesh More 9817,9728977112,Bhoiwada,Walk,5,
Rekha Shinde 9818,,Dadar,Walk,5,
Vaishali Chavan 9819,9697682308,Lalbaug,Local,5,
Prakash Gaikwad 9820,9826740321,Lalbaug,Train,2,
Prakash Gaikwad 9821,9365112346,Kalbadevi,bus,8,
Sunita Pawar 9822,9238843820,Lalbaug,Local,2,
Ajay Bhosale 9823,,Charni Road,Walk,8,
Nitin Kadam 9824,9926981047,Byculla,train,2,
Ganesh More 9825,9381591720,Charni Road,bus,4,
Ajay Bhosale 9826,9368650961,Kalbadevi,BEST,1,elderly in group
Prakash Gaikwad 9827,9295630417,Chowpatty,walk,1,
Prakash Gaikwad 9828,9999839157,Girgaon,Walk,7,
Ganesh More 9829,9754018547,Grant Road,Train,8,
Sunita Pawar 9830,,Kalbadevi,Walk,4,
Nitin Kadam 9831,9608287897,Grant Road,bus,5,
Meena Salvi 9832,9684361205,Charni Road,Rail,,
Sunita Pawar 9833,9112335034,Grant Road,train,3,carrying idol
Rekha Shinde 9834,9620625797,Girgaon,On foot,6,
Rekha Shinde 9835,,Lalbaug,walk,2,carrying idol
Rekha Shinde 9836,9753279701,,On foot,2,
Ganesh More 9837,9969914357,Parel,bus,7,
Rekha Shinde 9838,9388759360,Dadar,Train,3,
Sunita Pawar 9839,9056824918,Byculla,Walk,3,
Rekha Shinde 9840,9684838601,Girgaon,bus,3,
,,Charni Road,Bus,5,carrying idol
Ajay Bhosale 9842,9874285264,Chowpatty,train,6,
Rekha Shinde 9843,,Grant Road,bus,8,carrying idol
Prakash Gaikwad 9844,9277467604,Kalbadevi,Walk,6,
Nitin Kadam 9845,9076914610,Bhoiwada,Walk,7,carrying idol
Meena Salvi 9846,9288702440,Kalbadevi,Train,5,carrying idol
Nitin Kadam 9847,9786139026,Byculla,Train,2,
Ganesh More 9848,9299112601,Dadar,Train,3,
Vaishali Chavan 9849,9454851506,Girgaon,Walk,8,
,,Parel,Walk,2,
Sunita Pawar 9851,9862320989,Lalbaug,Walking,8,
Prakash Gaikwad 9852,9940118516,Grant Road,Rail,,
Vaishali Chavan 9853,9957207800,Dadar,Walk,8,
Vaishali Chavan 9854,,Charni Road,bus,5,
Vaishali Chavan 9855,9702741574,Grant Road,Train,6,
Ganesh More 9856,9873800196,Parel,train,,elderly in group
Rekha Shinde 9857,,,Walk,8,carrying idol
Meena Salvi 9858,,Byculla,Other,5,
Sunita Pawar 9859,9596582610,Girgaon,Walk,4,
,,Chowpatty,Train,6,
Ajay Bhosale 9861,9799432504,,bus,6,
Ajay Bhosale 9862,,Girgaon,Walk,7,
Vaishali Chavan 9863,9420033069,Parel,Walk,7,elderly in group
Ajay Bhosale 9864,,Dadar,Walk,7,
Nitin Kadam 9865,9869628046,Grant Road,train,8,
Rekha Shinde 9866,9042554472,Kalbadevi,bus,2,elderly in group
Vaishali Chavan 9867,9362028312,Dadar,Walk,6,
Rekha Shinde 9868,9721046949,Byculla,Walk,7,elderly in group
Rekha Shinde 9869,9167339574,,train,3,
Sunita Pawar 9870,9240307691,Byculla,Walk,4,
Ganesh More 9871,9172501275,Grant Road,On foot,2,
Nitin Kadam 9872,9481416177,Charni Road,walk,2,
Prakash Gaikwad 9873,9678202027,Bhoiwada,Train,2,
Rekha Shinde 9874,9408291708,Dadar,bus,5,
Nitin Kadam 9875,9870078760,,N/A,2,
Ajay Bhosale 9876,9252308149,Charni Road,Train,7,
Meena Salvi 9877,,Girgaon,Walk,,
Sunita Pawar 9878,,,Walk,8,
Ajay Bhosale 9879,,Byculla,Bus,6,
Nitin Kadam 9880,9479846653,Parel,bus,2,
Nitin Kadam 9881,,Dadar,Train,,
Ganesh More 9882,9607511208,Byculla,bus,2,
Nitin Kadam 9883,9166022641,Charni Road,bus,1,children in group
Ajay Bhosale 9884,9152970840,Bhoiwada,bus,4,
Rekha Shinde 9885,9398501738,Bhoiwada,walk,1,carrying idol
Rekha Shinde 9886,9885479760,Charni Road,Train,4,
Ajay Bhosale 9887,9424699034,Girgaon,Train,7,
Ajay Bhosale 9888,9763688901,Bhoiwada,Train,5,
Rekha Shinde 9889,,Bhoiwada,Bus,2,
Prakash Gaikwad 9890,9655110414,Dadar,Walk,8,
Vaishali Chavan 9891,9063511634,Parel,Walk,2,elderly in group
Vaishali Chavan 9892,,Girgaon,train,8,carrying idol
Vaishali Chavan 9893,9489862724,Girgaon,Local,5,
Ajay Bhosale 9894,9664925942,Grant Road,Walk,3,
Meena Salvi 9895,9902492882,Parel,Train,6,
Ganesh More 9896,9336744487,Charni Road,Walk,2,
Sunita Pawar 9897,9916756524,Grant Road,train,7,
Ajay Bhosale 9898,9019635628,Charni Road,walk,7,
Ajay Bhosale 9899,9723454411,Charni Road,train,3,
Sunita Pawar 9900,9537084524,Parel,walk,7,
Meena Salvi 9901,9117966953,Grant Road,Walk,4,
Meena Salvi 9902,9129873867,Byculla,Walking,5,elderly in group
Meena Salvi 9903,9688777529,Kalbadevi,walk,3,children in group
Vaishali Chavan 9904,9511242068,Kalbadevi,Walk,7,
Ajay Bhosale 9905,9149054867,Chowpatty,Walk,2,
Sunita Pawar 9906,9082215564,Girgaon,Walk,3,
Meena Salvi 9907,9204200522,Kalbadevi,walk,1,elderly in group
Vaishali Chavan 9908,,Parel,walk,6,
Nitin Kadam 9909,,Charni Road,Walk,7,
Vaishali Chavan 9910,,Chowpatty,walk,,
Sunita Pawar 9911,9792225558,Charni Road,Local,8,
Prakash Gaikwad 9912,9383189846,,train,6,carrying idol
Ganesh More 9913,9076636740,Lalbaug,On foot,7,
Ajay Bhosale 9914,,Parel,train,,
Meena Salvi 9915,9229851308,Grant Road,On foot,6,
,9768545747,Parel,Walk,4,carrying idol
Meena Salvi 9917,9933712822,Byculla,Walk,7,
Sunita Pawar 9918,9831710291,Grant Road,Walk,3,children in group
Prakash Gaikwad 9919,9568403961,,Bus,2,
Nitin Kadam 9920,9494922491,Parel,walk,5,
Ajay Bhosale 9921,9919772821,Lalbaug,Other,2,
Rekha Shinde 9922,9055635693,Kalbadevi,Bus,1,
,9905817594,Bhoiwada,N/A,1,
Meena Salvi 9924,9379228401,Dadar,walk,7,
Ajay Bhosale 9925,9491596705,Grant Road,bus,6,elderly in group
Ganesh More 9926,9948627466,Parel,Walk,8,
Rekha Shinde 9927,9554147689,Grant Road,Local,6,
Meena Salvi 9928,9683363019,Charni Road,Bus,8,
Sunita Pawar 9929,,Girgaon,Bus,6,
Meena Salvi 9930,9899968557,Lalbaug,Local,3,
Vaishali Chavan 9931,9462289894,Girgaon,Walk,2,elderly in group
Vaishali Chavan 9932,9661631455,Chowpatty,Train,1,
Vaishali Chavan 9933,,Lalbaug,Walk,4,
Sunita Pawar 9934,9623828711,,train,5,
Nitin Kadam 9935,9742670626,Byculla,Rail,2,
Sunita Pawar 9936,,Chowpatty,Bus,5,
Vaishali Chavan 9937,,Lalbaug,N/A,1,
Ajay Bhosale 9938,9843013549,Byculla,walk,2,
Prakash Gaikwad 9939,,Parel,Walking,8,
,9278934701,Bhoiwada,Walk,1,
Ganesh More 9941,9536850022,Charni Road,train,6,
Ajay Bhosale 9942,9409743582,,Walk,2,
Sunita Pawar 9943,9633866215,Girgaon,Train,8,children in group
Prakash Gaikwad 9944,9088262065,Girgaon,Walk,8,
Nitin Kadam 9945,9914868835,Bhoiwada,bus,7,
Ganesh More 9946,9302459828,Grant Road,Rail,7,elderly in group
Meena Salvi 9947,,Grant Road,bus,3,carrying idol
Rekha Shinde 9948,,Grant Road,Bus,4,
Nitin Kadam 9949,9626281488,Bhoiwada,walk,1,
Ajay Bhosale 9950,9342089292,Chowpatty,Walk,8,children in group
Rekha Shinde 9951,9620275760,,Train,1,elderly in group
Meena Salvi 9952,,Dadar,Walk,3,
Prakash Gaikwad 9953,9425447801,Lalbaug,Walk,5,children in group
Sunita Pawar 9954,9659107766,,walk,5,carrying idol
Vaishali Chavan 9955,9356404331,Chowpatty,Train,8,children in group
Ajay Bhosale 9956,9685418892,Kalbadevi,walk,,
Vaishali Chavan 9957,9813489193,Bhoiwada,Train,6,
Meena Salvi 9958,9923505708,,Bus,,
Meena Salvi 9959,9097799561,Chowpatty,N/A,2,
Prakash Gaikwad 9960,9768044017,Parel,Train,7,
Ganesh More 9961,9156982355,,train,4,
Ganesh More 9962,9801132672,Parel,Walk,4,children in group
Sunita Pawar 9963,9975594593,Kalbadevi,Train,2,
Meena Salvi 9964,9712265228,Dadar,train,,
Vaishali Chavan 9965,9458361103,Byculla,Bus,7,
Prakash Gaikwad 9966,9810812341,Charni Road,Bus,,
Rekha Shinde 9967,9761602496,Bhoiwada,Train,1,
Vaishali Chavan 9968,9823779959,Charni Road,On foot,3,
Sunita Pawar 9969,9673263343,Girgaon,Local,,
Ajay Bhosale 9970,,Girgaon,Walk,5,
Nitin Kadam 9971,9093181184,Byculla,bus,5,
Ajay Bhosale 9972,9124623978,Girgaon,bus,,
Ajay Bhosale 9973,9965481143,Girgaon,Train,7,carrying idol
Ganesh More 9974,9034107361,Bhoiwada,Train,6,
Vaishali Chavan 9975,9450533089,Charni Road,Walk,7,
Nitin Kadam 9976,9934051494,,train,6,
Nitin Kadam 9977,9955903753,Kalbadevi,Bus,6,
Meena Salvi 9978,9844905541,,Walk,1,
Meena Salvi 9979,9555118612,Bhoiwada,train,7,
Vaishali Chavan 9980,,Chowpatty,Train,8,
Nitin Kadam 9981,9923728079,Parel,Train,3,
Meena Salvi 9982,,Chowpatty,Bus,8,
,9308555099,Bhoiwada,Walk,5,
Meena Salvi 9984,9451937940,Charni Road,Walking,2,
Rekha Shinde 9985,9651625765,Charni Road,Train,5,children in group
Ajay Bhosale 9986,,Chowpatty,train,8,
Rekha Shinde 9987,9116793026,Dadar,walk,5,
Nitin Kadam 9988,9759433624,Girgaon,On foot,6,
Meena Salvi 9989,9463050467,Lalbaug,Walk,2,
Ganesh More 9990,,Charni Road,Walk,3,
Rekha Shinde 9991,9640084800,Grant Road,Bus,8,
Vaishali Chavan 9992,9457270161,Byculla,Walk,8,
Ajay Bhosale 9993,9823493318,Girgaon,Bus,1,
Nitin Kadam 9994,,Kalbadevi,Walk,3,
Sunita Pawar 9995,9589969334,Parel,Train,6,
Ajay Bhosale 9996,9491050896,Lalbaug,On foot,3,
Meena Salvi 9997,9940608442,Charni Road,Train,5,
Meena Salvi 9998,,Grant Road,On foot,3,
Vaishali Chavan 9999,,Parel,Walk,5,
Nitin Kadam 10000,9744772773,Chowpatty,Walk,1,
